ID,Gender,Age,Customer Type,Type of Travel,Class,Flight Distance,Departure Delay,Arrival Delay,Departure and Arrival Time Convenience,Ease of Online Booking,Check-in Service,Online Boarding,Gate Location,On-board Service,Seat Comfort,Leg Room Service,Cleanliness,Food and Drink,In-flight Service,In-flight Wifi Service,In-flight Entertainment,Baggage Handling,Satisfaction
123913,Female,62,Returning,Personal,Economy,544,0,0.0,5,4,1,1,4,4,3,4,2,2,4,4,4,4,Neutral or Dissatisfied
63593,Male,49,Returning,Personal,Economy,2133,0,0.0,3,0,4,0,3,2,2,3,3,3,4,1,3,3,Neutral or Dissatisfied
74076,Male,20,Returning,Business,Business,2703,0,0.0,5,4,4,3,5,4,3,4,3,3,4,5,3,5,Satisfied
80776,Female,20,First-time,Business,Economy,692,18,16.0,5,5,4,4,2,4,5,2,5,5,5,5,5,4,Satisfied
104984,Female,27,First-time,Business,Business,337,5,1.0,3,3,3,3,3,3,3,5,3,3,4,3,3,5,Neutral or Dissatisfied
93968,Male,27,First-time,Business,Economy,1218,56,34.0,3,3,4,3,4,1,1,3,1,1,4,3,1,4,Neutral or Dissatisfied
75238,Male,69,Returning,Personal,Economy,1723,31,5.0,4,2,3,2,3,3,1,3,1,1,4,2,1,4,Neutral or Dissatisfied
28626,Male,27,Returning,Business,Business,2378,0,0.0,2,3,2,3,3,4,4,1,4,4,5,3,4,3,Satisfied
11055,Male,65,Returning,Personal,Economy,316,0,0.0,1,2,2,2,3,2,5,1,5,5,3,2,5,3,Neutral or Dissatisfied
34931,Male,23,Returning,Personal,Economy,187,0,0.0,5,2,4,2,3,4,3,2,3,3,4,2,3,5,Neutral or Dissatisfied
5783,Male,51,Returning,Business,Business,3790,9,11.0,4,4,5,4,4,4,4,4,3,5,4,4,4,4,Satisfied
82913,Male,48,Returning,Personal,Economy,645,98,94.0,4,2,5,2,2,5,3,5,3,3,5,2,3,4,Neutral or Dissatisfied
50970,Female,26,Returning,Personal,Economy,250,128,126.0,4,3,5,3,3,2,3,4,3,3,3,3,3,3,Neutral or Dissatisfied
46942,Male,15,Returning,Personal,Economy,776,21,0.0,4,3,5,3,1,3,1,4,1,1,5,3,1,4,Neutral or Dissatisfied
21647,Male,23,Returning,Business,Economy Plus,722,6,0.0,5,5,4,4,5,2,3,3,4,4,4,4,4,5,Satisfied
78415,Male,37,Returning,Business,Business,2630,0,0.0,3,3,4,3,3,2,3,2,4,2,2,2,2,2,Neutral or Dissatisfied
26553,Female,64,Returning,Personal,Economy Plus,990,4,0.0,3,2,2,2,4,1,5,2,5,4,1,2,1,1,Neutral or Dissatisfied
80120,Male,25,First-time,Business,Economy,1061,0,0.0,5,5,1,4,3,2,1,5,1,5,3,5,5,5,Satisfied
48636,Male,29,First-time,Business,Business,110,16,20.0,2,2,3,2,4,3,1,2,4,4,4,2,4,5,Neutral or Dissatisfied
35681,Female,48,First-time,Business,Economy,854,0,4.0,1,1,5,5,3,2,5,4,5,1,4,1,2,4,Neutral or Dissatisfied
49660,Male,55,Returning,Business,Business,2926,1,0.0,5,5,3,3,5,1,4,1,3,3,1,3,1,3,Neutral or Dissatisfied
29029,Male,57,Returning,Business,Economy,297,0,0.0,5,5,1,2,5,2,3,5,3,3,3,2,3,4,Neutral or Dissatisfied
125219,Male,70,Returning,Personal,Economy,651,7,6.0,5,4,4,4,5,5,2,1,1,1,2,4,1,3,Neutral or Dissatisfied
59825,Male,50,Returning,Business,Business,2160,0,0.0,1,1,3,5,1,4,4,4,4,3,4,1,4,4,Satisfied
10085,Male,54,Returning,Business,Business,2638,168,156.0,1,1,5,5,1,3,5,5,5,5,5,1,4,4,Satisfied
106723,Male,47,Returning,Business,Business,837,0,0.0,5,5,4,5,5,5,4,5,5,5,5,5,5,5,Satisfied
36985,Female,20,First-time,Business,Economy,899,107,99.0,2,2,2,2,3,2,2,2,5,5,3,2,5,4,Neutral or Dissatisfied
32689,Female,37,Returning,Business,Economy,102,0,6.0,4,3,3,3,4,3,3,2,3,3,2,3,3,2,Neutral or Dissatisfied
6782,Male,58,Returning,Business,Business,235,106,92.0,4,4,4,5,4,5,4,4,5,2,5,4,5,5,Satisfied
29642,Male,43,Returning,Personal,Economy,1448,0,0.0,4,0,3,0,3,3,3,3,3,3,5,0,3,1,Satisfied
85972,Female,73,Returning,Business,Business,432,0,0.0,5,5,3,3,5,1,4,1,3,2,1,1,1,1,Neutral or Dissatisfied
66571,Male,23,First-time,Business,Economy,624,0,0.0,5,2,4,2,5,5,3,2,5,5,4,2,5,4,Neutral or Dissatisfied
56295,Male,67,Returning,Personal,Economy,2227,0,0.0,5,2,4,2,4,4,1,5,1,1,4,2,1,5,Neutral or Dissatisfied
22915,Male,33,Returning,Business,Economy,630,131,143.0,1,1,1,1,1,1,1,1,1,1,3,1,2,1,Neutral or Dissatisfied
28912,Female,43,Returning,Business,Business,2877,0,0.0,5,5,4,5,5,4,2,4,5,5,4,5,4,4,Satisfied
97682,Male,30,Returning,Personal,Economy,491,6,8.0,1,3,3,3,3,4,4,1,4,4,3,3,4,3,Neutral or Dissatisfied
43948,Female,35,Returning,Business,Economy,473,5,47.0,5,5,3,4,5,5,4,4,4,4,3,4,4,3,Satisfied
9191,Male,43,Returning,Personal,Economy,363,0,0.0,5,1,3,1,5,5,2,3,2,2,4,1,2,4,Neutral or Dissatisfied
6632,Male,60,Returning,Personal,Economy,719,0,0.0,4,1,5,1,2,5,2,2,2,2,4,1,2,5,Neutral or Dissatisfied
46887,Female,27,Returning,Business,Business,2900,0,0.0,1,1,1,5,1,4,5,2,5,5,4,1,5,4,Satisfied
98542,Female,33,Returning,Personal,Economy,402,6,4.0,4,3,5,3,4,4,2,2,2,2,5,3,2,4,Neutral or Dissatisfied
2038,Female,56,Returning,Business,Business,1936,0,0.0,1,1,3,5,1,5,5,5,5,5,5,1,5,5,Satisfied
83406,Female,27,First-time,Business,Economy,632,57,45.0,4,3,2,3,3,1,1,1,1,1,3,3,1,3,Neutral or Dissatisfied
11140,Male,55,Returning,Personal,Economy,166,0,0.0,5,1,3,1,1,4,5,5,5,5,4,1,5,5,Neutral or Dissatisfied
3733,Male,70,Returning,Personal,Economy,427,45,45.0,3,4,2,4,4,1,3,5,3,3,4,4,3,2,Neutral or Dissatisfied
34975,Female,47,Returning,Business,Economy,273,0,0.0,4,4,5,1,4,5,1,5,3,4,5,5,5,5,Satisfied
41161,Female,51,Returning,Personal,Economy,667,0,0.0,5,1,5,5,1,5,4,1,3,3,5,1,5,5,Neutral or Dissatisfied
120417,Female,72,Returning,Business,Business,366,0,0.0,5,3,5,4,5,5,4,5,4,4,5,5,5,5,Satisfied
117963,Female,47,Returning,Personal,Economy,255,10,2.0,4,5,3,4,3,5,4,5,3,3,5,5,5,5,Satisfied
51474,Female,45,Returning,Business,Business,261,0,0.0,5,5,3,5,5,4,4,5,5,4,4,5,4,4,Satisfied
97190,Male,38,Returning,Personal,Economy,1476,0,6.0,4,3,3,3,2,5,1,4,1,1,4,3,1,5,Neutral or Dissatisfied
70315,Male,26,Returning,Business,Business,1501,0,0.0,3,3,4,4,3,5,4,4,4,4,4,3,4,4,Satisfied
41300,Female,34,Returning,Personal,Business,1041,0,0.0,2,2,3,3,3,1,3,2,3,1,1,2,1,3,Neutral or Dissatisfied
47639,Female,53,Returning,Business,Business,1629,31,22.0,5,5,3,1,5,5,1,5,2,5,5,5,5,5,Satisfied
68307,Male,35,Returning,Personal,Economy,1797,3,0.0,5,2,5,2,3,3,4,4,4,4,5,2,4,3,Neutral or Dissatisfied
23644,Male,33,Returning,Business,Business,2358,0,0.0,2,2,3,4,2,3,4,3,4,4,5,2,4,5,Satisfied
62330,Female,11,Returning,Personal,Economy,414,40,29.0,3,1,2,1,1,3,5,2,5,5,2,1,5,1,Neutral or Dissatisfied
72856,Male,60,Returning,Business,Business,700,0,0.0,3,3,4,5,3,5,4,5,3,4,5,3,5,5,Satisfied
45134,Female,23,First-time,Business,Business,174,0,0.0,0,5,1,5,4,5,1,4,1,1,3,5,1,2,Satisfied
28736,Male,42,Returning,Business,Economy,1024,0,31.0,5,2,5,5,5,5,5,5,5,5,2,5,5,3,Satisfied
118512,Male,25,First-time,Business,Business,304,38,23.0,0,3,5,3,2,3,2,4,2,2,4,3,2,5,Neutral or Dissatisfied
108240,Male,45,First-time,Business,Business,895,73,63.0,2,2,4,2,4,4,4,3,4,4,4,2,4,4,Neutral or Dissatisfied
90434,Male,57,Returning,Business,Business,646,13,0.0,4,4,5,4,4,5,5,5,3,5,5,4,5,5,Satisfied
123130,Female,8,Returning,Business,Economy,631,0,0.0,3,3,4,1,3,1,4,3,1,1,4,1,1,4,Neutral or Dissatisfied
32873,Male,30,Returning,Personal,Economy,216,0,2.0,0,0,5,0,3,2,1,4,1,1,1,1,1,3,Neutral or Dissatisfied
11871,Female,55,Returning,Personal,Economy,1042,0,0.0,5,4,4,5,4,2,4,4,5,2,2,5,2,2,Satisfied
31813,Female,37,Returning,Business,Business,4983,0,2.0,3,2,4,4,2,1,4,5,4,4,3,2,3,1,Satisfied
123415,Male,53,Returning,Business,Business,937,8,0.0,4,4,4,2,4,5,4,4,3,5,5,4,5,5,Satisfied
56904,Female,33,Returning,Business,Business,2454,7,16.0,5,5,3,3,5,4,3,3,3,3,3,3,2,3,Neutral or Dissatisfied
96563,Male,23,First-time,Business,Economy,333,2,0.0,0,5,4,5,3,4,4,3,4,4,4,4,4,4,Satisfied
7359,Female,46,Returning,Personal,Business,783,0,0.0,4,2,5,5,3,5,4,2,4,3,5,2,5,5,Neutral or Dissatisfied
56761,Male,41,Returning,Business,Business,997,34,13.0,3,3,5,4,3,5,5,5,5,5,5,3,5,5,Satisfied
32402,Male,23,First-time,Business,Business,216,0,0.0,0,5,4,0,5,1,2,1,2,2,2,5,2,1,Satisfied
114925,Female,22,First-time,Business,Business,372,1,0.0,0,4,4,4,3,5,1,5,5,5,5,4,5,5,Satisfied
125625,Male,37,First-time,Business,Business,814,8,23.0,3,3,5,3,4,3,3,2,3,3,4,3,3,5,Satisfied
21786,Male,25,First-time,Business,Economy,241,0,0.0,2,3,1,3,3,2,2,2,2,2,4,3,2,3,Neutral or Dissatisfied
73305,Female,32,Returning,Business,Business,3574,0,0.0,1,1,3,4,1,3,4,2,4,4,5,1,4,5,Satisfied
125358,Male,31,Returning,Personal,Economy,599,0,7.0,5,3,1,3,4,1,1,1,1,1,2,4,1,3,Neutral or Dissatisfied
25794,Female,41,Returning,Business,Business,762,0,3.0,5,5,2,3,5,4,3,4,1,1,4,4,4,4,Neutral or Dissatisfied
2109,Male,28,Returning,Business,Economy Plus,812,5,0.0,4,4,3,3,4,4,2,1,2,2,4,2,2,3,Neutral or Dissatisfied
49615,Female,21,Returning,Business,Business,3043,450,470.0,1,1,4,3,1,1,4,4,4,5,2,1,4,5,Satisfied
84392,Female,9,First-time,Business,Economy,591,0,0.0,4,5,4,5,2,3,1,5,5,5,4,5,5,5,Satisfied
108294,Female,44,Returning,Personal,Business,1728,15,16.0,4,3,3,4,3,1,4,3,4,2,1,3,1,1,Neutral or Dissatisfied
45116,Male,26,First-time,Business,Economy,157,14,9.0,5,3,3,3,1,5,2,5,2,2,5,3,2,4,Neutral or Dissatisfied
83286,Female,8,Returning,Personal,Economy,1979,80,64.0,2,3,2,3,4,2,5,4,5,5,4,3,5,3,Neutral or Dissatisfied
44987,Female,25,First-time,Business,Economy,235,0,0.0,5,2,1,2,3,4,4,2,4,4,3,2,4,2,Neutral or Dissatisfied
38397,Male,22,First-time,Business,Economy,898,0,0.0,1,1,4,1,3,2,2,1,2,2,4,1,2,4,Neutral or Dissatisfied
76600,Male,70,Returning,Business,Business,481,0,0.0,3,3,4,3,3,4,3,4,4,3,4,4,4,4,Neutral or Dissatisfied
120847,Female,8,Returning,Business,Business,3817,0,0.0,5,5,4,3,5,1,3,1,3,3,3,3,3,3,Neutral or Dissatisfied
128889,Female,40,Returning,Business,Business,2454,0,0.0,5,5,4,4,5,4,4,5,4,4,5,5,5,4,Satisfied
108220,Male,26,Returning,Personal,Economy,777,0,0.0,4,4,4,4,3,3,1,3,1,1,5,4,1,5,Neutral or Dissatisfied
93623,Male,37,Returning,Business,Economy,577,27,28.0,3,3,2,1,3,4,1,2,1,1,1,1,1,1,Neutral or Dissatisfied
66895,Male,21,Returning,Business,Business,3004,0,0.0,5,5,3,5,5,3,5,3,5,5,4,5,5,5,Satisfied
85102,Female,43,Returning,Business,Business,689,0,0.0,3,3,5,5,3,4,4,4,5,5,4,3,4,4,Satisfied
73397,Male,24,First-time,Business,Economy,1005,54,35.0,4,4,3,4,3,3,5,3,3,3,3,3,3,3,Neutral or Dissatisfied
123248,Male,46,Returning,Personal,Economy,468,2,0.0,3,2,2,2,4,1,4,2,4,4,4,2,4,3,Neutral or Dissatisfied
30840,Female,31,Returning,Business,Business,1514,0,0.0,5,5,3,4,5,3,4,3,4,4,5,5,4,4,Satisfied
31417,Female,45,Returning,Business,Business,1546,38,30.0,1,1,2,5,1,5,5,5,2,3,5,1,5,5,Satisfied
122115,Female,42,Returning,Business,Business,2467,0,0.0,4,0,3,5,4,3,5,3,3,5,3,0,3,3,Satisfied
55029,Male,49,Returning,Business,Business,1609,10,0.0,4,4,4,4,4,4,4,4,3,4,4,4,4,4,Satisfied
87504,Female,16,Returning,Business,Business,1983,0,0.0,2,2,1,4,2,3,4,4,4,4,3,2,4,1,Satisfied
18374,Female,19,Returning,Personal,Economy,169,0,0.0,4,4,5,4,4,4,3,3,3,3,5,4,3,5,Neutral or Dissatisfied
11056,Female,20,Returning,Personal,Economy,247,0,37.0,4,2,4,2,5,5,4,3,4,4,4,2,4,5,Neutral or Dissatisfied
68322,Female,51,Returning,Business,Business,2165,0,5.0,5,5,3,5,5,5,5,5,3,3,5,5,5,5,Satisfied
70191,Male,60,Returning,Business,Business,2159,0,0.0,0,0,5,5,5,5,5,5,5,3,5,0,5,5,Satisfied
91008,Male,50,Returning,Personal,Economy,581,0,0.0,2,4,2,4,2,3,5,1,5,5,3,4,5,3,Neutral or Dissatisfied
45165,Female,33,Returning,Business,Economy,174,4,5.0,3,3,5,4,3,4,4,5,4,4,1,4,4,2,Satisfied
45526,Male,10,First-time,Business,Economy,689,2,0.0,4,4,4,4,1,4,5,1,5,5,3,4,5,5,Satisfied
4497,Male,25,First-time,Business,Economy,435,0,0.0,2,2,1,2,3,3,5,5,5,5,3,2,5,4,Neutral or Dissatisfied
16212,Female,32,Returning,Business,Economy Plus,277,0,0.0,4,4,3,5,4,3,5,1,5,5,3,5,5,2,Satisfied
27802,Male,13,Returning,Business,Business,1448,0,0.0,3,3,3,4,3,3,4,5,4,4,3,3,4,4,Satisfied
76513,Male,28,First-time,Business,Business,516,0,0.0,4,4,3,4,2,4,4,3,4,4,4,4,4,4,Satisfied
103790,Female,56,Returning,Business,Business,882,0,0.0,2,2,3,4,2,4,5,4,4,5,4,2,4,4,Satisfied
93601,Male,54,Returning,Business,Business,577,2,0.0,3,3,3,5,3,4,4,4,5,2,4,3,4,4,Satisfied
10518,Female,33,Returning,Business,Business,224,16,14.0,5,5,3,4,5,4,4,4,5,3,4,5,4,5,Satisfied
108103,Male,28,Returning,Business,Business,2464,0,0.0,1,1,5,4,1,4,4,3,4,4,4,1,4,4,Satisfied
53504,Female,17,Returning,Personal,Economy,2419,0,3.0,2,5,1,1,3,5,1,3,1,5,3,5,4,4,Satisfied
26041,Male,40,Returning,Business,Business,432,6,0.0,5,1,4,1,5,4,5,4,1,5,4,5,4,4,Satisfied
41115,Female,62,Returning,Business,Business,224,68,55.0,4,4,2,3,4,5,4,5,1,5,5,4,5,5,Satisfied
62274,Male,36,First-time,Business,Business,414,0,0.0,3,3,4,3,5,4,3,2,3,3,5,3,3,5,Neutral or Dissatisfied
97156,Male,58,Returning,Business,Business,2021,0,0.0,5,5,1,4,5,2,4,2,1,2,2,2,2,2,Neutral or Dissatisfied
54651,Male,24,First-time,Business,Economy,787,30,16.0,1,1,5,1,4,2,2,1,2,2,1,1,2,4,Neutral or Dissatisfied
29403,Male,67,Returning,Personal,Economy,2676,0,0.0,4,4,1,1,4,5,1,3,1,4,4,4,3,5,Neutral or Dissatisfied
43865,Male,48,First-time,Business,Economy,174,0,0.0,4,5,3,5,2,1,4,3,4,4,5,4,4,3,Neutral or Dissatisfied
67303,Male,38,Returning,Business,Economy Plus,1121,0,0.0,4,4,4,3,4,1,2,5,2,2,4,2,2,3,Neutral or Dissatisfied
94127,Female,57,First-time,Business,Business,293,1,0.0,3,3,3,3,2,3,2,5,2,2,5,3,2,4,Neutral or Dissatisfied
106078,Female,39,First-time,Business,Business,302,0,0.0,5,5,4,5,3,4,5,2,5,5,5,5,5,5,Satisfied
64670,Male,49,Returning,Business,Business,3846,66,60.0,3,3,5,4,3,4,5,4,4,5,4,3,4,4,Satisfied
22906,Female,49,Returning,Personal,Economy Plus,151,0,0.0,4,2,5,5,4,4,5,2,5,4,4,2,4,4,Neutral or Dissatisfied
92279,Male,62,Returning,Personal,Economy,2036,0,0.0,4,2,5,2,3,3,1,5,1,1,5,2,1,5,Neutral or Dissatisfied
32069,Female,54,Returning,Business,Business,1581,0,0.0,2,2,4,3,2,5,4,5,5,5,5,2,5,4,Satisfied
79901,Male,42,Returning,Business,Business,1096,170,157.0,5,5,4,4,5,5,4,5,4,4,5,5,5,5,Satisfied
43115,Male,53,Returning,Personal,Economy,192,20,10.0,5,4,3,4,4,4,5,5,5,5,4,4,5,5,Neutral or Dissatisfied
27866,Female,35,First-time,Business,Economy Plus,1448,0,0.0,2,2,2,2,4,1,4,4,4,4,2,2,4,3,Neutral or Dissatisfied
119895,Male,39,Returning,Business,Business,936,0,0.0,5,5,4,4,5,4,5,4,5,2,4,5,4,4,Satisfied
46175,Male,22,Returning,Personal,Economy,604,30,16.0,4,1,3,1,3,3,2,4,2,2,5,1,2,5,Neutral or Dissatisfied
78388,Male,53,Returning,Business,Business,580,24,0.0,3,3,2,3,3,1,3,1,1,2,1,1,1,1,Neutral or Dissatisfied
18846,Female,50,First-time,Business,Economy,448,16,9.0,5,2,2,2,3,2,2,5,2,2,4,2,2,2,Neutral or Dissatisfied
67544,Male,32,Returning,Personal,Business,1235,6,1.0,5,4,5,4,4,4,5,2,5,5,5,4,5,3,Neutral or Dissatisfied
35281,Female,26,Returning,Business,Business,1069,11,0.0,1,1,2,3,1,4,3,4,3,3,4,3,3,4,Neutral or Dissatisfied
114962,Male,22,First-time,Business,Business,362,13,4.0,0,4,5,4,2,5,4,4,4,4,4,4,4,4,Satisfied
2727,Female,60,Returning,Business,Business,372,0,0.0,5,5,5,5,5,5,5,5,5,2,5,5,5,5,Satisfied
78081,Female,53,Returning,Business,Economy Plus,332,85,92.0,3,3,2,4,3,1,3,2,1,1,1,2,1,1,Neutral or Dissatisfied
25434,Male,41,Returning,Business,Business,2027,68,53.0,5,5,2,1,5,3,4,5,2,5,3,5,3,3,Satisfied
11216,Male,17,Returning,Personal,Economy,224,58,49.0,5,3,5,3,5,4,4,4,4,4,4,3,4,4,Neutral or Dissatisfied
4947,Male,62,Returning,Business,Economy Plus,268,0,3.0,5,5,4,5,5,4,5,1,5,5,1,5,5,2,Satisfied
121510,Female,18,First-time,Business,Economy,1009,0,0.0,2,2,2,2,4,3,4,1,4,4,4,2,4,3,Neutral or Dissatisfied
72388,Male,42,Returning,Business,Business,985,11,0.0,3,3,5,4,3,3,4,3,4,4,3,3,3,3,Satisfied
25871,Female,67,Returning,Personal,Economy Plus,692,0,0.0,5,1,4,4,2,5,4,1,5,3,5,1,5,5,Neutral or Dissatisfied
64491,Female,22,First-time,Business,Economy,247,65,68.0,1,3,1,3,4,1,1,4,1,1,4,3,1,4,Neutral or Dissatisfied
42452,Female,20,First-time,Business,Economy,866,13,0.0,1,1,2,1,5,1,3,3,3,3,5,1,3,5,Neutral or Dissatisfied
18976,Female,24,First-time,Business,Economy,792,170,182.0,5,5,4,4,1,4,4,2,4,5,1,5,4,5,Satisfied
68260,Male,39,Returning,Personal,Economy,631,8,25.0,4,3,4,3,2,4,5,4,5,5,5,3,5,4,Neutral or Dissatisfied
91007,Male,62,Returning,Personal,Economy,444,0,1.0,4,2,5,2,3,3,1,3,1,1,5,2,1,5,Neutral or Dissatisfied
100549,Female,55,Returning,Business,Economy Plus,180,10,1.0,5,5,2,4,5,3,1,3,3,5,3,3,3,3,Satisfied
6947,Male,27,First-time,Business,Economy,501,9,0.0,4,2,4,2,3,1,2,3,2,2,4,2,2,4,Neutral or Dissatisfied
50362,Male,54,Returning,Business,Economy,77,4,6.0,1,4,4,2,4,2,3,5,3,3,4,2,3,4,Neutral or Dissatisfied
16174,Male,35,First-time,Business,Economy,212,0,0.0,1,4,2,4,2,3,4,2,4,4,2,4,4,2,Neutral or Dissatisfied
71524,Male,30,Returning,Business,Business,2787,0,0.0,2,2,5,4,2,4,4,2,4,4,5,2,4,5,Satisfied
106797,Female,20,First-time,Business,Economy,977,0,0.0,1,1,2,1,4,2,3,4,3,3,4,1,3,3,Neutral or Dissatisfied
55458,Female,62,Returning,Personal,Economy,2327,0,0.0,5,3,4,4,3,1,5,3,5,4,1,3,1,1,Neutral or Dissatisfied
89113,Male,42,First-time,Business,Economy,1425,3,8.0,2,2,1,2,4,4,1,3,1,1,4,2,1,2,Neutral or Dissatisfied
111227,Female,11,Returning,Personal,Economy,1703,0,0.0,2,2,2,2,4,1,2,2,2,2,4,2,2,3,Neutral or Dissatisfied
12950,Male,52,Returning,Personal,Economy,359,0,0.0,4,3,3,3,4,3,2,2,2,2,4,3,2,5,Neutral or Dissatisfied
20409,Female,27,Returning,Business,Business,1811,39,25.0,3,3,4,4,3,3,5,2,4,4,3,3,4,5,Satisfied
116808,Male,51,Returning,Business,Economy Plus,308,0,0.0,3,3,3,3,3,2,3,1,3,3,4,3,3,4,Neutral or Dissatisfied
123107,Female,36,Returning,Business,Business,2903,0,0.0,4,4,2,3,4,1,4,1,3,2,1,1,1,1,Neutral or Dissatisfied
27990,Male,22,Returning,Business,Economy,1616,0,0.0,2,2,3,4,2,1,3,2,4,4,3,4,4,5,Satisfied
96490,Male,24,First-time,Business,Economy,436,0,0.0,3,4,2,4,3,3,5,3,4,4,4,4,4,3,Neutral or Dissatisfied
45428,Male,25,First-time,Business,Economy,649,0,0.0,4,2,4,2,4,2,2,4,3,3,4,1,3,4,Neutral or Dissatisfied
119026,Female,20,First-time,Business,Economy,1060,0,0.0,2,2,3,2,4,1,5,2,5,5,4,2,5,4,Neutral or Dissatisfied
55135,Female,44,Returning,Personal,Economy,1303,40,27.0,5,3,4,4,4,2,4,3,4,5,2,3,2,2,Neutral or Dissatisfied
128893,Male,64,Returning,Business,Business,3641,92,90.0,1,1,5,5,1,2,5,3,5,5,1,1,2,2,Satisfied
10934,Male,43,Returning,Business,Economy,158,112,109.0,2,5,2,2,2,4,2,3,2,2,2,2,2,2,Neutral or Dissatisfied
2874,Male,27,Returning,Personal,Economy,491,181,201.0,2,3,3,3,2,5,3,2,3,3,1,3,1,2,Neutral or Dissatisfied
28926,Male,60,Returning,Business,Economy,672,11,19.0,0,0,3,1,3,4,5,5,5,5,4,1,5,4,Neutral or Dissatisfied
76769,Male,43,Returning,Business,Business,3666,0,0.0,3,3,5,5,3,4,5,5,5,2,4,3,4,4,Satisfied
91869,Female,24,First-time,Business,Economy,780,11,10.0,5,5,5,5,4,5,5,4,5,5,5,4,5,4,Satisfied
35996,Female,39,Returning,Personal,Economy Plus,2496,0,0.0,5,3,2,3,1,3,4,5,4,4,2,3,4,5,Neutral or Dissatisfied
50826,Male,16,Returning,Personal,Economy,308,0,0.0,3,3,2,3,4,2,3,3,3,3,3,3,3,3,Neutral or Dissatisfied
98374,Male,31,Returning,Personal,Economy,1046,0,0.0,5,3,4,3,1,3,2,2,2,2,5,3,2,4,Neutral or Dissatisfied
110367,Male,47,Returning,Business,Economy,919,5,0.0,3,3,1,4,3,3,4,1,4,4,4,4,4,3,Neutral or Dissatisfied
86232,Male,25,First-time,Business,Economy,306,29,29.0,1,2,4,2,4,3,3,3,3,3,3,2,3,3,Neutral or Dissatisfied
62676,Female,43,Returning,Personal,Economy Plus,1726,26,24.0,1,2,4,3,3,5,3,2,3,3,5,2,5,5,Neutral or Dissatisfied
69839,Male,65,Returning,Business,Business,655,0,0.0,5,5,4,2,5,4,3,4,1,3,4,5,4,4,Satisfied
93745,Male,20,First-time,Business,Business,368,0,0.0,4,5,3,5,5,5,1,5,1,1,4,5,1,5,Satisfied
3,Male,41,Returning,Business,Business,853,0,0.0,4,4,4,5,4,3,5,3,5,5,3,4,3,3,Satisfied
37615,Female,33,Returning,Personal,Economy,944,0,5.0,2,3,3,3,4,3,2,1,2,2,3,3,2,3,Neutral or Dissatisfied
55924,Male,55,Returning,Personal,Economy,733,4,1.0,5,4,5,4,2,3,5,3,5,5,4,4,5,4,Neutral or Dissatisfied
64544,Male,34,First-time,Business,Business,469,0,0.0,3,3,4,3,2,3,3,5,3,3,4,3,3,5,Neutral or Dissatisfied
91823,Male,21,First-time,Business,Economy,590,0,0.0,2,4,3,4,4,3,3,3,4,4,5,4,4,5,Satisfied
20236,Female,20,First-time,Business,Economy,137,26,26.0,1,1,4,1,4,1,1,2,1,1,3,1,1,4,Neutral or Dissatisfied
85292,Male,29,Returning,Personal,Economy,813,0,0.0,0,1,3,1,2,2,4,2,4,4,5,1,4,3,Neutral or Dissatisfied
10083,Female,43,Returning,Business,Business,2702,49,37.0,0,0,5,4,1,4,4,4,5,3,4,0,4,4,Satisfied
114247,Male,23,First-time,Business,Business,967,0,0.0,0,0,4,0,4,4,5,5,5,5,5,0,5,5,Satisfied
50171,Female,49,Returning,Business,Business,89,37,30.0,3,4,3,3,3,3,4,3,2,2,3,2,3,2,Neutral or Dissatisfied
89655,Male,62,Returning,Business,Business,2107,0,8.0,1,3,4,4,3,3,3,3,4,2,3,3,3,3,Neutral or Dissatisfied
120806,Female,44,First-time,Business,Business,666,67,68.0,3,3,3,3,5,3,5,2,5,5,4,3,5,5,Neutral or Dissatisfied
68607,Female,59,Returning,Personal,Economy,1739,1,0.0,5,2,3,4,1,1,5,2,5,4,1,2,1,1,Neutral or Dissatisfied
8382,Male,61,Returning,Personal,Economy,701,0,5.0,4,3,5,3,2,5,4,2,4,4,5,3,4,5,Neutral or Dissatisfied
46935,Male,34,First-time,Business,Economy,844,0,0.0,4,4,3,4,1,5,2,3,2,2,2,3,2,1,Neutral or Dissatisfied
37102,Male,39,Returning,Business,Business,1046,23,42.0,4,4,4,1,4,4,5,5,5,1,4,4,4,4,Satisfied
53837,Female,66,Returning,Business,Economy,224,7,19.0,2,2,3,3,2,2,4,2,1,5,2,2,2,2,Neutral or Dissatisfied
126897,Male,58,Returning,Business,Business,2296,0,8.0,2,2,3,3,2,4,4,4,5,5,4,2,4,4,Satisfied
81847,Female,8,Returning,Personal,Economy,1501,0,0.0,4,2,3,2,3,4,2,2,2,2,3,2,2,4,Neutral or Dissatisfied
20470,Female,12,Returning,Personal,Economy,84,0,0.0,1,5,4,5,1,3,3,2,3,3,2,5,3,2,Satisfied
56983,Male,33,Returning,Personal,Economy,2565,0,2.0,5,2,2,2,2,2,2,3,2,2,1,2,2,4,Neutral or Dissatisfied
22510,Male,18,Returning,Business,Economy Plus,143,1,0.0,1,1,5,5,1,1,3,2,5,5,5,5,5,5,Satisfied
2787,Female,52,Returning,Business,Business,2413,13,15.0,4,4,3,5,4,2,4,2,4,5,2,4,2,2,Satisfied
93495,Female,22,First-time,Business,Economy,1107,7,2.0,3,3,4,3,3,3,3,3,3,3,5,3,3,5,Neutral or Dissatisfied
68327,Male,63,First-time,Business,Economy,665,25,23.0,2,3,2,3,4,3,5,1,5,5,3,3,5,4,Neutral or Dissatisfied
72684,Male,68,Returning,Personal,Economy,1121,0,0.0,4,1,5,1,3,4,2,3,4,4,4,1,4,3,Neutral or Dissatisfied
116247,Male,12,Returning,Personal,Economy,373,0,0.0,4,1,5,1,2,5,3,2,3,3,1,1,3,1,Neutral or Dissatisfied
33412,Male,23,Returning,Business,Business,2614,0,60.0,1,1,4,4,1,1,4,5,4,4,2,1,1,2,Satisfied
12754,Female,9,Returning,Personal,Economy,721,0,0.0,4,4,5,4,2,5,2,5,1,1,3,4,1,2,Neutral or Dissatisfied
107632,Female,45,Returning,Business,Business,2334,2,0.0,1,3,3,5,1,4,5,4,3,2,4,1,4,4,Satisfied
45587,Female,45,Returning,Business,Economy,260,0,0.0,4,4,5,4,4,4,5,4,3,3,4,4,4,4,Satisfied
29639,Male,38,Returning,Personal,Economy,909,0,0.0,4,3,2,3,1,2,3,5,3,3,1,3,3,2,Neutral or Dissatisfied
98425,Male,57,First-time,Business,Economy,676,33,21.0,4,4,1,4,2,3,4,1,4,4,2,4,4,2,Neutral or Dissatisfied
28633,Male,27,Returning,Business,Business,2466,0,0.0,1,1,2,5,1,3,5,3,5,5,4,1,5,5,Satisfied
94416,Female,58,Returning,Business,Business,3319,0,0.0,1,1,4,4,1,5,4,5,4,3,5,1,5,5,Satisfied
57931,Female,17,Returning,Personal,Economy Plus,305,0,0.0,2,2,3,2,3,3,4,4,4,4,2,2,4,3,Neutral or Dissatisfied
75576,Female,23,First-time,Business,Economy,337,0,0.0,0,2,4,2,2,5,5,2,5,5,5,2,5,4,Neutral or Dissatisfied
13526,Male,48,First-time,Business,Business,227,0,0.0,3,3,4,2,3,4,5,1,5,5,4,2,5,4,Neutral or Dissatisfied
64949,Female,68,First-time,Business,Economy,190,0,0.0,1,3,3,3,2,2,3,4,3,3,2,3,3,3,Neutral or Dissatisfied
48597,Male,21,Returning,Personal,Economy,845,0,3.0,4,2,4,2,3,2,1,1,2,2,3,2,2,3,Neutral or Dissatisfied
83238,Male,54,Returning,Business,Business,1979,0,0.0,5,5,4,4,5,4,4,4,3,2,4,5,4,4,Satisfied
53002,Male,22,First-time,Business,Economy,1172,122,98.0,3,3,4,3,2,3,4,4,4,4,5,3,4,5,Neutral or Dissatisfied
44354,Female,29,First-time,Business,Business,596,0,7.0,2,2,4,2,3,4,1,4,1,1,3,2,1,3,Neutral or Dissatisfied
22023,Female,26,Returning,Business,Economy Plus,448,0,20.0,1,2,2,1,1,1,1,3,1,1,4,1,1,3,Neutral or Dissatisfied
16680,Male,42,Returning,Personal,Economy,488,0,0.0,0,1,3,1,2,3,1,5,1,1,5,1,1,5,Neutral or Dissatisfied
120287,Female,41,Returning,Personal,Economy,1576,15,6.0,4,3,4,3,3,3,1,2,1,1,4,3,1,3,Neutral or Dissatisfied
114244,Male,18,Returning,Business,Business,3200,13,14.0,1,4,1,3,1,4,3,1,3,3,3,3,3,3,Neutral or Dissatisfied
45639,Male,33,Returning,Personal,Economy,260,0,0.0,2,2,1,2,2,2,2,4,2,2,2,2,2,3,Neutral or Dissatisfied
120141,Male,11,Returning,Business,Business,1475,46,23.0,3,3,5,5,3,5,5,3,5,5,4,3,5,4,Satisfied
62267,Female,52,Returning,Personal,Economy Plus,2425,0,0.0,4,1,5,4,1,1,5,1,5,2,1,1,1,1,Neutral or Dissatisfied
119132,Female,43,First-time,Business,Business,356,6,19.0,4,4,5,4,3,4,4,5,4,4,4,4,4,5,Neutral or Dissatisfied
44956,Male,50,Returning,Personal,Economy,397,3,3.0,5,4,5,4,3,3,5,5,5,5,5,4,5,4,Neutral or Dissatisfied
106241,Male,70,Returning,Personal,Economy Plus,471,0,0.0,3,5,1,5,4,4,4,1,4,4,4,5,4,3,Satisfied
23542,Male,60,Returning,Personal,Economy,423,44,44.0,2,1,1,1,4,3,2,3,2,2,3,1,2,4,Neutral or Dissatisfied
48533,Female,53,Returning,Business,Business,516,0,0.0,1,5,1,1,1,5,4,5,5,5,5,1,5,5,Satisfied
97965,Female,49,Returning,Personal,Economy,483,0,0.0,4,3,5,5,1,2,4,3,4,3,2,3,2,2,Neutral or Dissatisfied
44983,Female,47,Returning,Business,Economy,222,0,0.0,1,1,5,1,1,5,2,5,4,5,5,5,5,5,Satisfied
16503,Male,15,Returning,Personal,Economy,246,0,5.0,4,1,3,1,4,3,2,3,4,4,5,1,4,5,Neutral or Dissatisfied
19330,Female,31,Returning,Business,Business,2290,9,0.0,4,4,2,4,4,2,4,2,4,4,3,4,4,4,Neutral or Dissatisfied
52932,Female,14,Returning,Personal,Economy,679,0,0.0,4,1,4,1,3,5,3,3,3,3,4,1,3,5,Neutral or Dissatisfied
76290,Female,22,Returning,Business,Business,2677,21,0.0,5,5,4,1,5,4,1,3,1,1,2,1,1,2,Neutral or Dissatisfied
107526,Male,44,Returning,Personal,Economy,838,19,0.0,5,1,4,1,2,3,3,3,3,3,4,1,3,4,Neutral or Dissatisfied
104208,Female,52,Returning,Business,Business,680,0,0.0,2,2,3,4,2,4,4,5,3,4,4,2,4,4,Satisfied
84208,Male,39,Returning,Business,Business,432,0,0.0,4,4,4,4,4,4,4,4,3,3,4,4,4,4,Satisfied
33847,Male,54,Returning,Business,Business,1609,0,0.0,4,4,1,3,4,4,2,4,3,2,4,4,4,4,Neutral or Dissatisfied
118459,Male,46,Returning,Business,Business,451,35,28.0,1,1,3,5,1,4,4,5,3,5,4,1,4,4,Satisfied
128593,Female,26,Returning,Business,Business,2043,57,71.0,1,1,5,3,1,3,3,5,3,3,4,1,3,4,Satisfied
14786,Female,40,Returning,Business,Business,2527,0,13.0,3,3,3,4,3,4,4,4,1,4,4,3,4,4,Satisfied
60109,Male,23,First-time,Business,Economy,1005,1,0.0,5,5,3,5,3,5,1,2,5,5,5,5,5,5,Satisfied
91658,Female,10,Returning,Personal,Economy,1199,0,0.0,5,1,1,1,2,3,3,4,3,3,3,1,3,4,Neutral or Dissatisfied
19214,Female,59,Returning,Business,Business,3598,0,0.0,4,2,1,3,4,5,5,5,1,4,5,4,5,5,Satisfied
56138,Male,41,First-time,Business,Business,1400,276,265.0,3,3,3,3,3,3,3,4,3,3,5,3,3,5,Neutral or Dissatisfied
3869,Female,37,Returning,Business,Business,2677,0,4.0,5,5,4,4,5,5,4,5,4,2,5,5,5,4,Satisfied
89272,Male,57,Returning,Business,Business,2030,0,3.0,2,2,4,4,2,3,5,4,4,4,3,2,3,3,Satisfied
57664,Male,57,Returning,Personal,Economy,200,0,0.0,5,3,4,3,2,4,4,5,4,4,5,3,4,4,Neutral or Dissatisfied
67983,Male,28,First-time,Business,Economy Plus,1235,0,0.0,3,3,3,3,3,2,2,5,2,2,2,3,2,2,Neutral or Dissatisfied
18036,Male,43,Returning,Business,Business,488,0,0.0,4,4,3,1,4,4,1,4,4,5,4,4,4,4,Satisfied
32159,Female,36,Returning,Business,Business,2198,3,3.0,5,5,4,2,5,4,4,4,5,1,4,5,4,5,Satisfied
84748,Female,45,Returning,Business,Business,1645,7,0.0,4,4,3,4,4,5,5,5,5,2,5,4,5,5,Satisfied
77377,Male,39,Returning,Business,Business,599,0,0.0,5,3,3,5,5,3,5,3,5,3,3,5,3,3,Satisfied
1426,Female,54,Returning,Business,Business,158,24,27.0,1,1,1,4,1,2,4,2,4,4,2,1,2,1,Neutral or Dissatisfied
10122,Female,30,Returning,Business,Business,1983,28,24.0,3,5,5,3,3,3,3,4,3,3,5,3,3,5,Satisfied
98102,Female,24,Returning,Personal,Economy,265,0,0.0,3,0,3,0,4,1,1,2,1,1,3,4,1,3,Neutral or Dissatisfied
103863,Male,26,Returning,Personal,Economy,882,0,0.0,1,4,3,4,4,4,2,5,1,1,4,4,1,3,Neutral or Dissatisfied
78985,Male,54,Returning,Business,Business,2994,0,0.0,4,4,5,5,4,5,4,5,5,3,5,4,5,5,Satisfied
8665,Male,39,Returning,Business,Business,227,2,3.0,2,3,4,5,2,5,4,5,5,5,5,2,5,5,Satisfied
44546,Male,41,Returning,Personal,Economy,157,0,0.0,4,4,4,4,2,4,3,2,4,4,4,4,4,4,Satisfied
103668,Male,25,First-time,Business,Business,251,10,6.0,4,3,5,3,3,4,1,5,1,1,5,4,1,5,Neutral or Dissatisfied
8497,Female,55,Returning,Personal,Business,737,0,0.0,5,1,5,5,5,1,5,1,4,2,1,1,1,3,Neutral or Dissatisfied
124588,Male,55,Returning,Business,Economy,500,8,6.0,2,2,1,4,2,3,4,4,4,4,4,4,4,4,Neutral or Dissatisfied
65728,Male,28,Returning,Business,Business,936,0,0.0,3,3,4,2,3,4,2,2,2,2,5,3,2,4,Satisfied
8501,Male,42,Returning,Business,Business,2643,0,0.0,3,2,4,4,2,3,4,3,5,4,3,2,3,3,Satisfied
58151,Female,42,Returning,Business,Business,3239,0,34.0,5,5,5,5,5,4,5,5,4,2,4,5,4,4,Satisfied
94538,Male,51,Returning,Business,Business,239,44,47.0,3,2,5,4,2,4,5,4,3,2,4,2,4,4,Satisfied
20766,Female,44,Returning,Personal,Business,508,25,12.0,4,3,4,4,3,2,5,3,5,5,2,3,2,5,Neutral or Dissatisfied
40203,Male,72,First-time,Business,Economy,387,5,0.0,0,2,4,2,1,2,4,5,4,4,4,2,4,3,Neutral or Dissatisfied
75481,Female,60,Returning,Personal,Economy,2218,0,0.0,2,3,3,3,4,1,3,3,1,5,1,3,1,1,Neutral or Dissatisfied
11538,Female,60,Returning,Business,Business,1987,77,74.0,1,1,4,4,1,4,4,4,3,4,4,1,4,4,Satisfied
26293,Female,22,Returning,Business,Business,2041,13,5.0,3,3,1,2,3,3,2,2,2,2,3,3,2,1,Satisfied
11533,Female,33,First-time,Business,Business,201,0,1.0,1,1,3,1,1,3,1,2,1,1,5,1,1,5,Neutral or Dissatisfied
39018,Male,26,First-time,Business,Economy,113,0,22.0,1,3,4,3,2,3,3,4,3,3,2,3,3,2,Neutral or Dissatisfied
48829,Male,18,Returning,Personal,Business,308,14,8.0,5,3,5,3,2,4,1,2,1,1,5,3,1,4,Neutral or Dissatisfied
66564,Female,27,First-time,Business,Business,328,0,0.0,1,1,5,1,1,5,1,3,3,3,5,1,3,5,Neutral or Dissatisfied
30691,Male,48,Returning,Business,Economy,680,0,0.0,3,2,3,5,2,4,5,3,5,5,4,5,5,1,Satisfied
6455,Female,24,First-time,Business,Business,296,0,0.0,5,4,4,4,1,5,2,4,2,2,4,4,2,5,Satisfied
109817,Female,53,Returning,Business,Business,1033,0,3.0,1,1,5,4,1,2,4,2,4,4,2,1,2,2,Satisfied
48721,Male,22,First-time,Business,Business,308,110,126.0,0,4,3,4,2,3,5,3,5,5,5,4,5,5,Satisfied
79033,Female,50,Returning,Business,Business,3974,10,0.0,4,4,3,5,4,5,5,5,3,4,5,4,5,5,Satisfied
42760,Female,39,Returning,Business,Business,493,0,0.0,3,3,3,3,3,4,1,4,1,2,4,3,4,4,Satisfied
36576,Female,48,Returning,Business,Business,3287,0,12.0,2,2,2,3,2,1,2,2,3,1,1,1,1,1,Neutral or Dissatisfied
93051,Female,54,Returning,Personal,Economy Plus,436,7,42.0,4,3,3,4,4,1,4,3,5,5,1,3,1,1,Neutral or Dissatisfied
358,Female,39,First-time,Business,Business,247,42,96.0,2,2,5,2,4,4,5,4,5,5,4,2,5,4,Neutral or Dissatisfied
53482,Female,39,Returning,Business,Business,3574,0,0.0,1,4,2,3,1,2,3,2,3,5,2,2,2,2,Neutral or Dissatisfied
92438,Female,49,Returning,Business,Business,2139,4,4.0,4,4,4,3,4,5,4,5,4,5,5,4,5,5,Satisfied
88885,Female,25,Returning,Business,Business,859,42,18.0,3,3,4,3,3,4,3,3,3,3,5,3,3,5,Satisfied
36924,Female,55,Returning,Business,Business,1968,0,6.0,4,4,4,5,4,5,4,5,4,2,5,4,5,5,Satisfied
123294,Female,50,Returning,Business,Business,468,0,0.0,5,1,5,5,1,4,5,4,4,3,4,1,4,4,Satisfied
44526,Female,49,Returning,Business,Business,1937,0,2.0,3,3,3,4,3,5,5,5,3,1,5,3,5,5,Satisfied
39277,Female,40,Returning,Business,Business,3367,0,12.0,3,3,1,2,3,2,3,2,3,3,2,1,2,1,Neutral or Dissatisfied
38553,Male,57,Returning,Personal,Economy,2475,0,0.0,4,3,5,3,1,5,1,4,1,1,4,3,1,4,Neutral or Dissatisfied
63474,Male,19,Returning,Personal,Economy Plus,337,5,0.0,4,2,2,2,2,4,2,4,2,2,5,2,2,1,Neutral or Dissatisfied
90184,Male,32,Returning,Personal,Economy,957,0,0.0,1,3,3,3,3,2,2,2,2,2,4,3,2,3,Neutral or Dissatisfied
28218,Female,28,Returning,Business,Economy Plus,933,0,0.0,0,0,2,0,2,4,1,3,4,4,1,0,4,3,Satisfied
5537,Female,21,Returning,Personal,Economy,431,0,0.0,4,3,5,3,4,3,1,2,1,1,5,3,1,4,Neutral or Dissatisfied
100299,Male,44,Returning,Business,Economy,971,0,0.0,5,5,4,3,5,1,3,3,3,3,3,3,3,3,Neutral or Dissatisfied
88530,Female,35,Returning,Personal,Economy,581,0,0.0,4,1,1,1,3,4,1,2,1,1,3,1,1,3,Neutral or Dissatisfied
12207,Male,40,Returning,Business,Business,201,0,0.0,4,4,4,5,4,4,5,4,4,3,4,4,4,4,Satisfied
11612,Male,55,Returning,Personal,Economy,468,0,0.0,2,2,1,2,4,4,1,1,1,1,4,2,1,3,Neutral or Dissatisfied
47518,Male,34,Returning,Personal,Economy,558,0,0.0,4,4,1,4,3,2,5,1,5,5,4,4,5,3,Neutral or Dissatisfied
26064,Female,29,Returning,Business,Business,591,0,0.0,3,3,4,4,3,4,4,5,4,4,5,3,4,5,Satisfied
21373,Male,33,First-time,Business,Economy,554,0,0.0,3,1,5,1,3,4,3,3,3,3,4,1,3,5,Neutral or Dissatisfied
81499,Female,29,Returning,Personal,Economy,408,0,0.0,4,2,4,2,2,3,4,3,4,4,5,2,4,5,Neutral or Dissatisfied
65918,Female,24,First-time,Business,Economy,569,0,0.0,4,1,3,1,3,2,1,4,1,1,3,1,1,4,Neutral or Dissatisfied
84031,Male,25,Returning,Personal,Economy Plus,321,82,70.0,5,4,1,4,3,3,5,2,4,4,4,4,4,4,Neutral or Dissatisfied
11747,Female,27,First-time,Business,Economy,429,6,6.0,0,3,4,3,4,1,4,2,4,4,3,3,4,4,Neutral or Dissatisfied
126104,Female,21,First-time,Business,Economy,650,0,0.0,0,5,3,5,2,4,3,2,3,3,5,5,3,4,Satisfied
71791,Female,24,First-time,Business,Economy,1265,4,29.0,3,3,5,3,2,5,4,5,5,5,5,3,5,5,Neutral or Dissatisfied
30455,Male,31,Returning,Business,Economy,991,0,0.0,0,0,4,0,3,1,4,3,4,4,2,0,4,3,Satisfied
112333,Female,43,Returning,Business,Business,846,0,0.0,3,3,4,5,3,3,5,4,5,2,3,3,3,3,Satisfied
106690,Female,33,Returning,Business,Business,516,39,24.0,3,3,5,4,3,5,5,5,3,5,5,3,5,5,Satisfied
71481,Male,48,Returning,Business,Business,1012,29,23.0,5,5,4,5,5,5,5,5,3,5,5,5,5,5,Satisfied
127651,Female,21,First-time,Business,Economy,1773,10,15.0,1,1,3,1,3,5,3,2,3,3,4,1,3,4,Neutral or Dissatisfied
98062,Female,21,Returning,Personal,Business,1449,59,38.0,3,2,4,2,3,2,1,2,1,1,4,2,1,3,Neutral or Dissatisfied
99497,Male,15,Returning,Personal,Economy,283,7,12.0,4,2,4,2,4,4,2,3,3,3,5,2,3,5,Neutral or Dissatisfied
51017,Male,62,Returning,Personal,Economy,308,3,0.0,5,1,3,1,3,4,2,5,2,2,5,1,2,5,Neutral or Dissatisfied
76530,Male,55,Returning,Business,Business,2242,0,0.0,3,3,5,5,3,4,5,4,3,3,4,3,4,4,Satisfied
31263,Female,45,First-time,Business,Economy,770,0,0.0,3,3,3,3,3,4,5,1,5,5,5,3,5,2,Neutral or Dissatisfied
27934,Female,31,Returning,Business,Economy,1770,9,0.0,2,2,4,5,2,1,5,2,5,5,2,5,5,4,Satisfied
69597,Male,40,Returning,Personal,Economy,2475,0,3.0,2,3,4,4,3,2,4,2,4,3,1,3,2,3,Neutral or Dissatisfied
115114,Female,42,Returning,Business,Business,1812,0,1.0,5,5,3,5,5,4,5,4,4,2,4,5,4,4,Satisfied
78664,Female,29,Returning,Business,Business,2589,0,0.0,3,3,5,5,3,4,5,2,5,5,5,3,5,5,Satisfied
53679,Male,33,Returning,Business,Business,1208,30,10.0,3,3,1,2,3,3,2,5,2,2,4,2,2,3,Neutral or Dissatisfied
19071,Female,37,Returning,Business,Economy,569,0,0.0,2,2,3,1,2,4,1,2,1,1,2,1,1,1,Neutral or Dissatisfied
20649,Female,43,First-time,Business,Economy,552,35,25.0,4,3,2,3,5,2,4,1,4,4,2,3,4,3,Neutral or Dissatisfied
105981,Male,26,Returning,Personal,Economy,2295,44,60.0,1,3,4,5,4,5,4,4,4,3,3,2,1,3,Neutral or Dissatisfied
68764,Male,59,Returning,Business,Business,926,5,52.0,4,4,4,4,4,5,5,5,4,4,5,4,5,5,Satisfied
69749,Female,36,Returning,Business,Economy,1085,3,0.0,1,1,1,2,1,3,2,5,2,2,4,2,2,4,Neutral or Dissatisfied
113504,Male,40,Returning,Business,Business,226,0,0.0,2,2,3,4,2,1,4,1,2,3,1,1,1,1,Neutral or Dissatisfied
108229,Male,40,Returning,Business,Business,895,0,7.0,5,5,5,4,5,5,4,5,3,3,5,5,5,5,Satisfied
26931,Male,41,Returning,Business,Economy Plus,1660,8,7.0,3,3,4,4,3,1,4,4,4,4,3,4,4,3,Satisfied
4622,Male,45,Returning,Business,Business,327,0,0.0,0,0,5,4,1,5,5,5,3,4,5,0,5,5,Satisfied
80386,Female,16,Returning,Business,Business,2821,3,0.0,2,5,3,5,2,1,5,1,5,5,4,2,5,4,Satisfied
66504,Female,41,Returning,Business,Business,3623,0,0.0,5,5,3,5,5,3,4,3,3,2,3,5,3,3,Satisfied
62709,Male,28,Returning,Business,Business,2399,21,23.0,2,4,4,5,4,3,5,4,5,5,4,4,5,3,Satisfied
57204,Male,29,First-time,Business,Business,1514,1,26.0,0,0,4,0,3,4,5,3,5,5,5,0,5,4,Satisfied
25818,Female,57,Returning,Personal,Economy,1747,5,6.0,2,2,2,2,3,1,4,2,3,1,1,3,1,1,Neutral or Dissatisfied
10339,Female,37,Returning,Business,Business,1519,21,5.0,2,2,4,5,2,2,5,2,4,4,2,2,2,2,Satisfied
51925,Female,37,Returning,Business,Economy Plus,507,0,0.0,3,3,1,4,3,2,4,2,4,4,3,4,4,4,Neutral or Dissatisfied
45141,Male,48,First-time,Business,Economy,174,1,0.0,3,0,5,0,5,3,1,4,1,1,2,1,1,2,Neutral or Dissatisfied
2095,Female,67,Returning,Personal,Economy,812,7,5.0,2,4,4,3,3,4,4,4,4,2,4,4,4,4,Satisfied
2328,Female,48,Returning,Personal,Economy,691,0,0.0,4,1,5,5,5,3,5,1,5,3,3,1,3,3,Neutral or Dissatisfied
41833,Male,59,Returning,Business,Business,462,0,1.0,1,1,1,1,1,1,2,2,1,3,1,1,1,1,Satisfied
63077,Male,41,Returning,Personal,Economy,967,12,8.0,4,3,1,3,3,4,4,2,4,4,3,3,4,3,Neutral or Dissatisfied
119414,Male,16,Returning,Business,Business,399,0,0.0,5,5,1,2,5,1,2,4,2,2,2,2,2,3,Neutral or Dissatisfied
41560,Male,70,Returning,Business,Economy,1028,0,0.0,4,4,5,4,4,4,4,2,4,4,4,4,4,2,Satisfied
86110,Female,46,Returning,Business,Business,1972,17,11.0,3,3,5,5,3,5,4,5,3,2,5,3,5,5,Satisfied
97349,Female,25,First-time,Business,Economy,472,0,0.0,1,5,3,5,4,3,4,2,4,4,2,5,4,5,Satisfied
64960,Female,50,Returning,Business,Economy,151,13,0.0,2,2,3,4,2,4,4,4,5,1,4,4,4,4,Satisfied
29301,Female,24,First-time,Business,Economy,473,0,0.0,0,2,4,2,3,5,3,4,3,3,2,2,3,4,Neutral or Dissatisfied
37747,Female,40,Returning,Business,Economy Plus,1056,0,0.0,5,2,3,3,5,2,3,3,3,3,5,3,3,1,Satisfied
72249,Male,41,Returning,Business,Business,1551,0,0.0,3,3,3,5,3,4,4,4,3,5,4,3,4,4,Satisfied
91600,Female,27,First-time,Business,Business,1199,0,0.0,2,2,5,2,3,5,3,3,3,3,5,2,3,4,Neutral or Dissatisfied
107959,Male,53,Returning,Business,Business,825,0,0.0,3,3,3,4,3,4,5,4,4,2,4,3,4,4,Satisfied
95787,Male,45,Returning,Personal,Economy,237,0,0.0,4,1,3,1,3,5,4,3,4,4,5,1,4,4,Neutral or Dissatisfied
83495,Male,57,Returning,Business,Business,946,0,0.0,2,2,2,4,2,1,3,1,4,3,1,1,1,1,Neutral or Dissatisfied
6737,Female,19,Returning,Personal,Economy,334,25,11.0,5,2,3,2,1,3,5,2,5,5,5,2,5,4,Neutral or Dissatisfied
81491,Female,48,Returning,Personal,Economy,528,0,0.0,5,3,4,4,1,3,5,3,5,4,3,3,3,3,Neutral or Dissatisfied
121474,Female,47,Returning,Personal,Economy,331,6,0.0,5,4,4,4,4,5,5,4,3,5,5,4,5,5,Neutral or Dissatisfied
81013,Female,20,First-time,Business,Economy,1399,0,2.0,5,5,5,5,5,4,1,4,1,1,5,5,1,5,Satisfied
111022,Male,21,First-time,Business,Economy,268,0,0.0,1,3,3,3,2,3,3,1,3,3,2,3,3,2,Neutral or Dissatisfied
79747,Male,21,Returning,Business,Economy Plus,762,0,0.0,1,1,2,4,1,2,4,4,3,3,2,3,3,5,Satisfied
89861,Male,28,First-time,Business,Business,1174,15,0.0,5,5,3,5,4,4,3,3,3,3,4,5,3,5,Satisfied
52637,Female,56,Returning,Personal,Economy,160,11,3.0,4,1,4,4,3,3,4,1,3,2,3,1,3,2,Neutral or Dissatisfied
39857,Female,48,First-time,Business,Economy,184,0,0.0,0,0,2,0,3,1,3,4,3,3,5,0,3,4,Satisfied
32197,Female,58,Returning,Business,Business,2070,0,0.0,2,2,5,1,2,5,5,5,4,3,5,2,5,4,Satisfied
56672,Male,36,Returning,Personal,Economy,1023,0,0.0,3,2,3,2,2,3,2,2,2,2,3,2,2,2,Neutral or Dissatisfied
16390,Male,50,Returning,Business,Economy,463,125,129.0,4,2,2,4,2,2,4,5,4,4,4,4,4,4,Satisfied
100123,Female,39,Returning,Business,Business,725,282,263.0,4,5,5,5,5,4,5,5,5,5,3,5,5,4,Satisfied
44997,Male,55,Returning,Business,Business,3178,4,10.0,5,5,4,4,5,4,4,4,2,5,4,1,4,1,Neutral or Dissatisfied
106856,Female,59,Returning,Business,Business,2727,15,8.0,4,4,2,1,4,1,1,1,1,3,1,1,1,1,Neutral or Dissatisfied
36197,Male,30,First-time,Business,Business,280,54,29.0,2,2,3,2,2,2,1,1,1,1,3,2,1,2,Neutral or Dissatisfied
85070,Female,55,Returning,Business,Business,731,119,122.0,2,2,5,4,2,4,4,4,3,3,4,2,4,4,Satisfied
128322,Male,33,First-time,Business,Business,370,0,0.0,2,2,5,2,4,5,3,2,3,3,5,2,3,5,Neutral or Dissatisfied
121150,Female,42,Returning,Business,Business,2402,4,0.0,1,1,4,3,1,4,4,4,4,2,4,1,4,4,Satisfied
11953,Male,64,Returning,Personal,Economy,781,0,0.0,3,1,1,1,4,1,2,3,2,2,3,1,2,4,Neutral or Dissatisfied
96871,Female,48,Returning,Personal,Economy,571,0,0.0,5,3,3,5,2,4,5,3,3,2,4,3,4,4,Neutral or Dissatisfied
75342,Male,69,Returning,Personal,Economy,2556,8,18.0,5,1,1,1,3,2,1,3,1,1,5,1,3,5,Neutral or Dissatisfied
34210,Female,68,Returning,Personal,Economy,1288,6,24.0,5,2,4,3,3,4,5,2,5,4,4,2,4,4,Neutral or Dissatisfied
30632,Female,21,Returning,Business,Business,533,0,0.0,4,4,4,4,4,1,4,1,4,4,5,4,4,3,Satisfied
106780,Female,12,First-time,Business,Economy Plus,837,5,0.0,2,2,3,2,4,2,2,1,5,5,3,2,5,4,Neutral or Dissatisfied
38793,Male,36,First-time,Business,Economy,387,0,0.0,2,1,1,1,3,3,5,4,5,5,4,2,5,4,Neutral or Dissatisfied
74562,Male,34,Returning,Business,Business,3768,0,2.0,2,2,1,3,2,3,2,2,4,3,3,3,3,3,Neutral or Dissatisfied
56848,Male,38,Returning,Business,Business,2425,0,0.0,5,5,4,4,5,2,4,5,4,4,3,5,4,5,Satisfied
90271,Female,37,First-time,Business,Business,757,0,0.0,5,5,5,5,1,4,4,2,4,4,5,5,4,5,Satisfied
8539,Male,59,Returning,Business,Business,3418,0,0.0,5,5,4,4,5,5,5,5,4,2,5,5,5,5,Satisfied
104774,Female,22,First-time,Business,Economy,587,28,32.0,4,3,4,3,2,4,2,4,2,2,4,3,2,4,Neutral or Dissatisfied
47613,Female,29,Returning,Business,Business,2759,15,26.0,3,3,1,5,3,3,4,2,4,4,5,3,4,5,Satisfied
95212,Female,62,Returning,Personal,Economy,677,0,0.0,2,1,4,3,4,3,3,1,3,4,3,1,3,3,Neutral or Dissatisfied
46040,Female,66,Returning,Business,Economy,991,0,7.0,1,4,1,3,1,2,3,2,4,4,2,2,2,2,Neutral or Dissatisfied
52124,Female,15,Returning,Business,Economy Plus,639,0,0.0,1,1,2,1,1,1,3,1,1,1,4,1,1,4,Neutral or Dissatisfied
53383,Female,57,Returning,Personal,Economy,1452,0,1.0,3,2,4,4,3,1,4,2,2,3,1,2,1,1,Neutral or Dissatisfied
99638,Female,70,Returning,Personal,Economy Plus,1224,0,0.0,4,2,4,2,1,1,3,2,4,5,1,2,1,1,Neutral or Dissatisfied
97585,Male,30,Returning,Personal,Economy,337,30,22.0,4,3,4,3,3,4,4,2,2,2,4,3,2,5,Neutral or Dissatisfied
22407,Male,38,Returning,Business,Business,143,0,24.0,3,4,4,1,3,5,2,5,1,1,5,3,5,4,Satisfied
38395,Female,8,First-time,Business,Economy,811,0,20.0,3,3,1,3,3,1,1,2,1,1,4,3,1,4,Neutral or Dissatisfied
59294,Female,59,Returning,Business,Business,2556,0,0.0,1,1,3,5,1,4,5,4,4,2,4,1,4,4,Satisfied
25379,Male,41,Returning,Business,Economy,591,1,2.0,4,4,2,5,4,2,5,3,5,5,4,5,5,2,Satisfied
42888,Male,36,Returning,Business,Economy,200,0,0.0,5,5,5,4,5,2,4,3,4,4,5,4,4,4,Satisfied
117669,Female,15,Returning,Personal,Economy,1449,137,112.0,4,3,3,3,2,2,3,5,3,3,4,4,3,3,Neutral or Dissatisfied
14356,Male,26,First-time,Business,Economy Plus,395,12,7.0,4,2,4,2,3,2,4,5,4,4,4,2,4,3,Neutral or Dissatisfied
471,Female,56,Returning,Business,Business,89,0,0.0,1,1,4,5,1,4,5,4,4,4,4,1,4,4,Satisfied
98501,Male,41,First-time,Business,Business,402,76,95.0,5,5,5,5,3,3,2,4,2,2,4,5,2,4,Satisfied
81811,Male,48,Returning,Business,Business,1501,2,7.0,2,2,4,3,2,3,4,3,1,3,3,3,3,3,Neutral or Dissatisfied
114303,Male,49,Returning,Personal,Economy,862,0,0.0,5,2,5,2,2,5,4,4,4,4,4,2,4,4,Neutral or Dissatisfied
116617,Female,47,Returning,Business,Business,362,0,0.0,4,4,3,5,4,4,4,4,3,4,4,4,4,4,Satisfied
106706,Male,8,Returning,Personal,Economy,516,0,0.0,5,4,4,4,5,4,5,2,5,5,5,4,5,5,Satisfied
32621,Female,32,Returning,Business,Economy,101,0,0.0,4,4,1,3,4,4,2,2,2,2,3,2,2,4,Neutral or Dissatisfied
25850,Male,38,First-time,Business,Economy,484,0,0.0,0,1,4,1,1,1,5,5,3,3,4,1,3,3,Neutral or Dissatisfied
88502,Female,36,Returning,Business,Business,115,0,7.0,3,3,2,4,3,4,4,4,1,2,4,2,4,2,Neutral or Dissatisfied
10854,Male,27,Returning,Business,Economy,482,0,32.0,4,4,3,3,4,4,3,4,3,3,2,3,3,3,Neutral or Dissatisfied
118132,Male,28,First-time,Business,Business,1488,47,47.0,4,4,3,4,5,3,2,5,2,2,4,4,2,4,Satisfied
14082,Female,50,First-time,Business,Economy,201,3,0.0,0,3,2,3,1,5,5,2,5,5,4,3,5,5,Neutral or Dissatisfied
95069,Male,27,Returning,Personal,Economy,528,5,3.0,4,1,4,1,3,4,1,3,1,1,4,1,1,5,Neutral or Dissatisfied
99792,Male,31,Returning,Business,Business,2469,0,0.0,1,4,5,5,1,5,5,2,5,5,5,1,5,4,Satisfied
4461,Female,37,Returning,Business,Economy,1005,0,0.0,2,2,4,3,2,1,3,1,3,3,2,3,3,3,Neutral or Dissatisfied
1064,Female,31,Returning,Personal,Economy,354,200,201.0,4,3,1,5,1,5,1,5,1,3,5,4,4,5,Neutral or Dissatisfied
1842,Male,57,Returning,Personal,Economy,408,3,0.0,4,2,5,2,3,4,5,5,4,4,5,2,4,5,Neutral or Dissatisfied
79546,Female,59,Returning,Business,Business,762,13,23.0,1,1,4,5,1,2,4,2,3,2,2,1,2,2,Satisfied
42661,Female,39,Returning,Personal,Economy,557,0,16.0,4,2,3,2,3,3,2,4,2,2,4,2,2,5,Neutral or Dissatisfied
11797,Male,20,First-time,Business,Economy,429,19,14.0,5,4,4,4,3,4,4,2,4,4,5,4,4,4,Satisfied
19340,Female,26,Returning,Personal,Economy,694,42,22.0,4,2,3,2,5,3,2,3,2,2,4,2,2,5,Neutral or Dissatisfied
38155,Male,59,Returning,Personal,Economy,1211,0,0.0,0,1,3,1,3,4,4,2,4,4,4,1,4,5,Neutral or Dissatisfied
35403,Female,16,Returning,Business,Economy,1035,32,19.0,3,3,1,4,3,1,2,3,4,4,4,4,4,3,Neutral or Dissatisfied
42574,Female,66,Returning,Business,Economy,315,0,0.0,1,2,1,2,2,1,3,1,3,2,1,1,1,1,Neutral or Dissatisfied
89566,Male,27,Returning,Business,Business,2267,0,0.0,1,5,4,5,1,4,5,4,5,5,4,1,5,5,Satisfied
40587,Female,21,First-time,Business,Economy,391,27,39.0,2,2,3,2,4,4,1,2,1,1,3,2,1,3,Neutral or Dissatisfied
122828,Female,53,Returning,Business,Business,3372,0,0.0,3,3,3,5,3,2,5,2,4,5,2,3,2,2,Satisfied
115337,Female,45,First-time,Business,Economy,342,0,0.0,3,4,1,4,4,2,1,1,1,1,3,4,1,4,Neutral or Dissatisfied
78821,Male,40,Returning,Personal,Economy,554,0,3.0,4,2,3,2,3,4,4,4,4,4,4,2,4,5,Neutral or Dissatisfied
28525,Female,26,First-time,Business,Economy,1368,19,0.0,1,1,4,1,2,3,3,4,3,3,2,1,3,3,Neutral or Dissatisfied
16533,Female,67,Returning,Personal,Economy,209,0,0.0,2,2,1,2,3,2,2,2,4,2,2,2,2,2,Neutral or Dissatisfied
63328,Male,44,Returning,Business,Business,2590,36,37.0,2,2,4,2,2,2,2,2,1,1,2,2,2,2,Neutral or Dissatisfied
129519,Female,26,First-time,Business,Business,2583,0,1.0,3,1,1,1,4,1,2,1,3,3,4,1,3,2,Neutral or Dissatisfied
65632,Male,52,Returning,Personal,Economy,175,4,0.0,4,2,3,2,5,3,3,4,3,3,4,2,3,5,Neutral or Dissatisfied
98943,Female,57,Returning,Business,Business,1784,0,0.0,3,3,3,3,3,4,2,4,1,2,4,4,4,4,Neutral or Dissatisfied
55633,Male,72,Returning,Business,Business,1824,0,0.0,4,4,5,3,4,5,5,5,4,4,5,4,5,5,Satisfied
113231,Male,27,First-time,Business,Business,226,21,15.0,3,3,4,3,4,1,5,2,4,4,4,3,4,3,Neutral or Dissatisfied
30961,Female,31,Returning,Personal,Economy,1024,0,2.0,4,2,4,2,3,4,5,3,5,5,5,2,5,1,Neutral or Dissatisfied
51142,Male,8,Returning,Personal,Economy,86,0,0.0,4,1,3,1,5,4,2,5,2,2,4,1,2,4,Neutral or Dissatisfied
107788,Male,33,Returning,Personal,Economy,666,39,18.0,4,5,5,5,5,2,3,2,3,3,3,4,3,4,Neutral or Dissatisfied
121392,Male,48,Returning,Business,Business,2245,0,0.0,1,1,5,4,1,5,5,5,3,4,5,1,5,5,Satisfied
71412,Male,23,Returning,Personal,Economy,334,23,32.0,5,5,3,5,4,4,3,5,3,3,5,3,3,5,Neutral or Dissatisfied
9978,Female,19,Returning,Personal,Economy,515,15,0.0,4,4,3,4,3,5,4,3,4,4,5,4,4,4,Neutral or Dissatisfied
86727,Male,13,Returning,Personal,Economy,1747,0,0.0,1,5,3,5,2,2,2,5,2,2,1,5,2,1,Satisfied
79454,Female,26,First-time,Business,Business,1183,0,0.0,0,2,5,2,5,3,3,2,3,3,4,2,3,5,Neutral or Dissatisfied
62853,Female,48,Returning,Business,Business,2218,0,1.0,5,5,5,5,5,4,4,4,5,4,4,5,4,4,Satisfied
110324,Male,28,Returning,Business,Business,883,18,6.0,2,2,4,5,2,3,5,3,5,5,4,2,5,5,Satisfied
60204,Female,27,Returning,Business,Business,1546,25,17.0,5,1,5,5,1,5,5,4,5,5,5,1,5,4,Satisfied
84135,Male,42,Returning,Business,Business,3777,1,0.0,2,1,5,4,2,5,5,5,5,2,5,2,5,5,Satisfied
86775,Female,44,Returning,Business,Business,484,0,0.0,0,0,2,4,4,2,3,0,2,1,2,1,2,2,Neutral or Dissatisfied
98536,Female,62,Returning,Personal,Economy,668,2,0.0,4,1,3,4,5,3,4,1,3,5,3,2,3,3,Neutral or Dissatisfied
125399,Female,69,Returning,Personal,Economy,1440,107,96.0,1,3,1,4,3,2,4,3,1,1,2,3,2,5,Neutral or Dissatisfied
89589,Male,50,Returning,Business,Business,1089,0,0.0,2,2,5,5,2,4,5,4,5,2,4,2,4,4,Satisfied
9379,Female,57,Returning,Personal,Economy,441,1,0.0,5,3,4,5,5,3,4,3,5,4,3,3,3,3,Neutral or Dissatisfied
37278,Male,25,First-time,Business,Business,1074,0,0.0,3,4,4,4,5,4,4,1,4,4,1,4,4,3,Satisfied
4216,Male,30,Returning,Personal,Economy,888,0,48.0,5,3,3,3,3,4,1,3,1,1,5,3,1,4,Neutral or Dissatisfied
81246,Male,43,First-time,Business,Economy,530,0,0.0,3,2,5,2,2,1,1,3,1,1,4,2,1,5,Neutral or Dissatisfied
129207,Male,46,Returning,Business,Business,1563,0,0.0,3,3,3,4,3,1,3,1,3,1,1,1,1,1,Neutral or Dissatisfied
26334,Male,27,Returning,Business,Business,2230,0,0.0,1,1,5,4,1,2,4,4,4,4,2,1,4,3,Satisfied
61274,Male,18,Returning,Personal,Economy,862,2,0.0,5,2,4,2,4,3,3,3,3,3,4,2,3,5,Neutral or Dissatisfied
29766,Female,55,Returning,Business,Business,3537,0,0.0,5,5,1,3,5,3,3,3,1,2,3,3,3,3,Neutral or Dissatisfied
64656,Female,37,First-time,Business,Business,282,64,65.0,3,3,5,3,3,4,5,3,5,5,4,3,5,5,Satisfied
124266,Female,64,Returning,Business,Business,2160,0,0.0,1,1,5,5,1,4,4,4,3,4,4,1,4,4,Satisfied
49620,Female,33,First-time,Business,Economy,373,0,0.0,0,1,4,1,2,3,3,2,2,2,5,1,2,5,Neutral or Dissatisfied
42524,Male,41,Returning,Business,Business,2231,5,1.0,1,1,1,4,1,4,2,4,2,4,4,1,4,4,Satisfied
117585,Male,23,Returning,Business,Business,2452,25,18.0,4,3,4,2,3,3,2,3,2,2,3,2,2,3,Neutral or Dissatisfied
70830,Female,48,Returning,Business,Business,1998,0,2.0,1,1,3,5,1,5,5,5,4,4,5,1,5,5,Satisfied
1950,Female,47,Returning,Business,Economy,190,0,0.0,4,4,1,4,4,4,3,3,1,1,4,3,4,4,Neutral or Dissatisfied
14742,Male,30,First-time,Business,Economy,463,6,17.0,0,3,4,3,4,4,3,2,3,3,2,4,3,3,Neutral or Dissatisfied
61649,Female,40,Returning,Business,Business,1379,85,64.0,2,2,3,4,2,3,4,4,3,2,3,3,3,3,Neutral or Dissatisfied
100266,Female,59,Returning,Business,Business,1073,0,0.0,2,3,4,4,2,4,4,5,3,2,4,2,4,4,Satisfied
5981,Female,42,Returning,Business,Business,925,11,0.0,4,5,3,5,5,4,5,4,5,4,4,5,4,4,Satisfied
114007,Female,45,Returning,Personal,Economy,1844,34,28.0,4,1,3,4,4,4,4,1,3,5,4,1,4,4,Neutral or Dissatisfied
44053,Male,34,Returning,Personal,Economy,296,0,0.0,5,2,5,2,2,3,3,5,3,3,4,2,3,5,Neutral or Dissatisfied
124539,Female,47,Returning,Business,Business,1276,0,0.0,4,3,2,4,4,1,4,2,4,1,1,1,1,1,Neutral or Dissatisfied
54472,Female,46,Returning,Business,Economy,925,31,34.0,4,4,3,2,4,5,3,5,5,2,5,5,5,5,Satisfied
123280,Female,52,Returning,Personal,Economy,328,21,11.0,2,3,4,3,3,3,3,3,3,1,3,3,3,3,Neutral or Dissatisfied
10770,Female,34,Returning,Business,Business,2596,57,53.0,1,1,5,5,1,4,4,4,3,5,4,1,4,4,Satisfied
128705,Male,14,Returning,Business,Economy,1504,0,0.0,3,3,1,3,3,1,2,5,3,3,3,3,3,3,Neutral or Dissatisfied
58729,Male,24,First-time,Business,Economy,1050,1,4.0,2,2,4,2,3,4,1,4,1,1,5,2,1,4,Neutral or Dissatisfied
87030,Male,52,Returning,Business,Business,645,43,33.0,1,1,5,4,1,4,5,4,4,4,4,1,4,4,Satisfied
2921,Female,42,Returning,Personal,Business,806,26,21.0,5,3,3,5,4,4,4,3,4,1,4,3,4,4,Neutral or Dissatisfied
67319,Female,35,Returning,Personal,Economy Plus,1121,14,0.0,4,3,4,3,2,3,3,3,5,5,5,3,5,5,Neutral or Dissatisfied
82768,Male,43,Returning,Business,Business,409,0,0.0,3,3,4,4,3,4,5,4,3,5,4,3,4,4,Satisfied
117606,Male,36,Returning,Business,Business,872,0,0.0,2,2,4,5,2,5,4,5,5,5,5,2,5,5,Satisfied
58571,Female,56,Returning,Business,Business,1806,4,0.0,5,5,3,4,5,5,4,5,4,5,5,5,5,5,Satisfied
90603,Male,39,Returning,Business,Business,515,0,0.0,3,3,5,5,3,2,4,2,4,4,2,3,2,2,Satisfied
91920,Male,60,Returning,Business,Business,2586,0,2.0,1,3,3,4,3,5,4,5,3,4,5,3,5,5,Satisfied
22335,Female,50,Returning,Business,Business,2686,0,0.0,5,5,5,3,5,4,4,4,1,5,4,5,4,4,Satisfied
82425,Female,17,First-time,Business,Economy,502,1,19.0,1,4,2,4,3,4,1,3,1,1,2,4,1,2,Neutral or Dissatisfied
96876,Female,59,Returning,Personal,Economy,781,1,0.0,5,2,4,4,4,1,5,2,5,5,1,2,1,2,Neutral or Dissatisfied
97769,Male,59,Returning,Business,Business,1894,0,26.0,2,2,3,5,2,3,5,4,4,3,3,2,3,3,Satisfied
70768,Female,40,Returning,Business,Business,328,16,16.0,0,0,5,5,3,2,4,2,3,3,2,0,2,2,Satisfied
113691,Female,13,Returning,Personal,Economy,236,0,0.0,1,1,2,1,2,4,4,1,4,4,3,1,4,3,Neutral or Dissatisfied
10061,Male,25,First-time,Business,Business,596,0,0.0,0,2,3,2,2,5,3,5,3,3,4,2,3,4,Neutral or Dissatisfied
83768,Female,47,Returning,Personal,Economy,926,0,1.0,4,2,3,5,4,2,4,2,5,2,2,2,2,2,Neutral or Dissatisfied
125362,Male,61,Returning,Personal,Economy,599,0,0.0,2,3,2,3,3,4,3,1,3,3,3,3,3,4,Neutral or Dissatisfied
48654,Male,60,Returning,Business,Business,3457,6,2.0,5,0,3,5,4,2,4,2,5,4,2,0,2,2,Satisfied
15179,Male,41,Returning,Personal,Economy,416,0,0.0,4,3,5,3,3,2,3,4,3,3,2,3,3,3,Neutral or Dissatisfied
51618,Male,62,Returning,Business,Business,3261,0,0.0,3,3,4,3,3,4,1,4,4,5,4,3,4,4,Satisfied
726,Male,56,Returning,Business,Business,89,0,0.0,5,3,1,3,5,3,3,3,2,2,3,3,3,3,Neutral or Dissatisfied
25335,Male,34,Returning,Personal,Economy,837,0,1.0,4,0,5,0,3,4,4,3,4,4,4,0,4,4,Satisfied
18490,Male,33,Returning,Business,Business,2884,9,0.0,4,4,5,5,4,1,5,1,5,5,4,4,5,1,Satisfied
87677,Female,29,Returning,Business,Economy,591,18,4.0,1,1,2,2,1,1,2,2,2,2,4,2,2,4,Neutral or Dissatisfied
79855,Female,37,Returning,Business,Business,3718,0,0.0,3,3,4,5,3,4,4,4,4,5,4,3,4,4,Satisfied
83841,Male,31,Returning,Personal,Economy,425,0,0.0,4,4,5,4,5,4,1,2,2,2,4,4,2,5,Satisfied
79306,Female,34,Returning,Business,Business,2248,5,4.0,1,3,5,5,3,5,5,3,5,5,3,3,4,5,Satisfied
80042,Female,60,Returning,Personal,Economy,950,29,0.0,3,2,4,2,3,4,3,2,2,3,4,2,4,2,Neutral or Dissatisfied
49420,Male,35,First-time,Business,Economy,199,0,0.0,0,1,3,1,3,3,2,5,3,3,4,1,3,1,Neutral or Dissatisfied
91371,Female,51,Returning,Personal,Economy Plus,270,0,0.0,0,3,4,1,3,1,5,3,1,3,1,3,1,4,Neutral or Dissatisfied
124273,Female,24,First-time,Business,Business,255,0,0.0,0,5,4,5,1,5,4,3,3,3,5,5,3,4,Satisfied
21814,Male,13,Returning,Personal,Economy,341,10,0.0,5,3,2,3,4,5,3,2,3,3,3,3,3,5,Neutral or Dissatisfied
51911,Male,19,Returning,Personal,Economy,601,0,0.0,5,4,4,4,4,4,5,2,5,5,5,4,5,4,Neutral or Dissatisfied
126728,Male,22,First-time,Business,Economy,1383,32,8.0,3,3,4,3,4,3,2,5,2,2,3,3,2,4,Neutral or Dissatisfied
44183,Male,71,Returning,Business,Business,157,1,6.0,2,2,3,3,2,5,4,5,2,3,5,2,5,3,Satisfied
36208,Female,28,Returning,Business,Business,3202,0,0.0,4,4,3,4,4,4,4,2,4,4,1,4,4,2,Satisfied
75232,Female,9,Returning,Personal,Economy,1726,0,0.0,5,2,2,2,1,4,3,2,3,3,2,2,3,5,Neutral or Dissatisfied
38816,Male,66,Returning,Personal,Economy,353,0,0.0,2,3,2,3,4,2,2,2,2,2,4,3,2,4,Neutral or Dissatisfied
73539,Male,19,First-time,Business,Economy,594,14,12.0,1,3,2,3,3,4,4,4,4,4,4,2,4,4,Neutral or Dissatisfied
85920,Female,19,Returning,Personal,Economy,674,0,0.0,5,2,3,2,1,4,3,3,4,4,4,3,4,4,Neutral or Dissatisfied
101759,Female,14,Returning,Personal,Economy,1590,0,0.0,4,3,4,3,3,4,3,4,3,3,3,3,3,4,Neutral or Dissatisfied
87455,Female,45,Returning,Business,Business,2651,0,0.0,4,4,4,4,4,4,4,4,5,5,4,4,4,4,Satisfied
2362,Female,57,Returning,Business,Business,925,0,0.0,2,2,5,5,2,4,5,5,3,5,4,2,4,4,Satisfied
76366,Male,33,Returning,Business,Business,931,0,0.0,4,4,4,3,4,4,3,5,3,3,5,4,3,4,Satisfied
30109,Female,8,Returning,Personal,Economy,503,3,10.0,5,2,3,2,3,5,3,3,3,3,4,2,3,4,Neutral or Dissatisfied
52155,Female,8,Returning,Personal,Business,651,0,7.0,3,3,2,3,3,3,1,3,1,1,3,3,1,5,Neutral or Dissatisfied
66842,Male,37,Returning,Business,Economy,331,0,0.0,1,3,1,2,1,1,3,5,3,3,4,3,3,4,Neutral or Dissatisfied
42039,Female,19,Returning,Business,Business,106,0,3.0,1,1,4,5,1,4,4,2,5,5,2,1,5,5,Satisfied
111281,Female,13,Returning,Personal,Economy,479,2,0.0,5,2,4,2,3,2,3,3,3,3,1,3,3,3,Neutral or Dissatisfied
52144,Male,41,Returning,Business,Business,493,47,42.0,5,5,5,5,5,4,4,4,3,3,4,5,4,4,Satisfied
77102,Female,57,Returning,Business,Business,1481,0,0.0,1,1,3,4,1,4,5,5,3,5,4,1,4,4,Satisfied
26205,Female,36,First-time,Business,Economy,581,18,8.0,1,0,4,0,3,3,3,3,3,3,2,1,3,3,Neutral or Dissatisfied
34303,Male,66,Returning,Personal,Economy,496,0,0.0,4,1,3,1,2,3,2,4,2,2,5,1,2,4,Neutral or Dissatisfied
36042,Female,47,Returning,Business,Business,399,175,191.0,5,5,5,5,5,3,5,1,5,4,4,5,4,1,Satisfied
64758,Female,50,Returning,Business,Business,1834,0,0.0,0,0,3,5,2,1,5,1,3,2,1,0,1,1,Satisfied
115459,Female,80,Returning,Business,Business,2612,0,3.0,1,1,4,4,1,4,4,4,4,5,4,1,4,4,Satisfied
125369,Female,54,Returning,Personal,Economy,599,0,0.0,2,2,3,3,2,4,2,2,2,4,4,2,4,2,Neutral or Dissatisfied
127666,Female,27,First-time,Business,Business,2153,0,0.0,3,3,5,3,1,5,4,4,4,4,5,3,4,4,Neutral or Dissatisfied
49722,Male,61,Returning,Business,Business,262,30,37.0,3,3,5,1,3,5,1,5,2,3,5,3,5,5,Satisfied
32007,Female,69,Returning,Personal,Business,216,0,0.0,0,2,3,5,5,3,5,2,5,2,3,2,3,3,Neutral or Dissatisfied
88986,Male,46,Returning,Personal,Economy,1199,0,0.0,4,2,4,2,3,5,5,2,5,5,4,2,5,3,Neutral or Dissatisfied
118042,Female,45,First-time,Business,Economy,1262,28,7.0,1,1,1,1,4,3,4,5,4,4,3,1,4,4,Neutral or Dissatisfied
52857,Female,39,Returning,Business,Economy Plus,1721,0,0.0,4,4,2,4,4,4,4,3,4,4,1,4,4,3,Satisfied
57363,Male,69,Returning,Personal,Economy,414,0,0.0,5,3,2,3,1,2,3,4,3,3,2,3,3,5,Neutral or Dissatisfied
3444,Female,23,Returning,Personal,Economy,296,55,63.0,4,4,2,4,3,1,4,2,4,4,4,4,4,3,Neutral or Dissatisfied
38684,Female,17,First-time,Business,Economy Plus,2588,91,75.0,5,5,1,5,1,5,2,1,2,2,2,5,2,3,Satisfied
15141,Male,27,First-time,Business,Economy,1042,0,0.0,3,3,5,3,1,4,4,5,4,4,4,3,4,1,Neutral or Dissatisfied
123967,Female,48,Returning,Business,Business,3336,0,0.0,4,4,3,4,4,5,4,5,4,3,5,4,5,5,Satisfied
125251,Male,56,Returning,Personal,Economy,427,0,0.0,4,4,3,4,1,3,2,5,2,2,1,2,2,5,Neutral or Dissatisfied
45934,Female,16,Returning,Personal,Economy,563,86,103.0,3,2,1,2,3,2,3,4,3,3,4,2,3,3,Neutral or Dissatisfied
98311,Male,37,Returning,Personal,Economy,1565,2,0.0,4,4,3,4,4,4,4,4,4,4,4,3,4,5,Neutral or Dissatisfied
93280,Female,68,Returning,Personal,Economy,806,10,4.0,1,3,4,3,4,3,3,3,4,1,3,3,3,3,Neutral or Dissatisfied
108001,Female,44,Returning,Personal,Economy,271,16,15.0,4,3,1,3,3,3,3,3,4,1,3,4,3,3,Neutral or Dissatisfied
3504,Male,64,Returning,Business,Economy Plus,1080,4,10.0,5,5,2,2,5,1,2,3,2,2,3,2,2,3,Neutral or Dissatisfied
51382,Female,49,Returning,Personal,Economy Plus,193,150,,2,0,1,1,3,2,1,4,1,0,2,2,1,4,Neutral or Dissatisfied
7816,Male,30,First-time,Business,Economy,650,2,0.0,3,3,4,3,3,1,3,4,3,3,3,3,3,3,Neutral or Dissatisfied
83431,Female,20,Returning,Personal,Economy,632,1,0.0,3,2,4,2,1,5,3,2,3,3,4,1,3,5,Neutral or Dissatisfied
42145,Female,30,First-time,Business,Business,846,0,0.0,2,2,3,2,3,2,3,2,3,3,3,2,3,4,Neutral or Dissatisfied
80469,Female,34,Returning,Business,Business,1299,0,0.0,3,3,4,2,3,2,4,2,3,3,2,3,2,2,Satisfied
49992,Male,47,Returning,Business,Business,3766,0,0.0,1,1,1,5,1,4,3,4,5,3,4,1,4,4,Satisfied
37315,Male,25,Returning,Business,Business,1813,68,57.0,3,3,5,5,3,5,5,2,5,5,4,3,5,2,Satisfied
17526,Female,46,Returning,Personal,Economy,341,0,0.0,3,2,3,4,4,4,3,2,2,4,4,2,4,4,Neutral or Dissatisfied
81359,Female,31,Returning,Personal,Economy,1299,0,0.0,4,2,4,2,3,5,5,5,5,5,5,2,5,4,Neutral or Dissatisfied
12945,Female,20,Returning,Personal,Economy,456,0,0.0,5,3,5,3,4,4,4,5,4,4,5,3,4,4,Neutral or Dissatisfied
50718,Female,31,Returning,Personal,Economy,110,0,0.0,5,2,3,2,4,5,4,5,3,3,5,2,3,1,Neutral or Dissatisfied
127344,Male,59,Returning,Business,Business,3000,11,4.0,1,1,4,4,1,4,5,4,3,4,4,1,4,4,Satisfied
33514,Female,45,Returning,Personal,Economy Plus,965,0,0.0,4,4,5,4,4,2,4,4,3,3,2,4,2,2,Neutral or Dissatisfied
116986,Female,23,First-time,Business,Business,370,63,52.0,1,4,1,4,3,2,5,3,5,5,3,4,5,4,Neutral or Dissatisfied
82427,Female,40,Returning,Business,Business,3415,5,0.0,3,3,3,5,3,5,5,5,4,3,5,3,5,5,Satisfied
75144,Male,56,Returning,Business,Business,1744,197,174.0,1,2,3,3,1,5,3,3,3,4,4,1,3,4,Satisfied
106298,Female,18,Returning,Business,Business,2901,15,4.0,4,4,5,4,4,5,4,4,4,4,5,4,4,5,Satisfied
19520,Male,54,Returning,Business,Business,2853,15,10.0,5,5,4,4,5,5,5,5,4,5,5,5,5,5,Satisfied
84066,Male,50,Returning,Business,Business,2230,11,0.0,3,3,5,5,3,5,4,5,4,2,5,3,5,5,Satisfied
289,Male,51,Returning,Personal,Economy Plus,825,0,0.0,5,3,5,3,5,3,4,3,4,4,5,2,4,4,Neutral or Dissatisfied
117856,Male,23,First-time,Business,Economy,255,0,0.0,0,4,4,4,3,5,2,4,2,2,4,4,2,4,Satisfied
84209,Male,27,Returning,Business,Business,2338,13,9.0,2,2,1,2,2,1,2,5,2,2,3,2,2,3,Neutral or Dissatisfied
30325,Female,66,Returning,Business,Business,3740,0,0.0,1,1,5,5,1,5,3,5,5,4,5,1,5,5,Satisfied
50688,Female,24,Returning,Personal,Economy,337,0,0.0,1,4,4,4,3,3,5,2,1,1,3,4,1,3,Neutral or Dissatisfied
129214,Female,31,Returning,Personal,Economy Plus,2442,0,0.0,1,2,1,2,4,2,3,1,4,4,4,2,4,4,Neutral or Dissatisfied
105775,Male,38,Returning,Business,Economy,263,15,22.0,3,3,5,2,3,5,2,1,2,2,2,2,2,3,Satisfied
76328,Female,60,Returning,Personal,Economy,2182,0,4.0,2,1,3,4,3,5,3,1,4,1,5,1,5,5,Neutral or Dissatisfied
9523,Female,38,Returning,Business,Business,3995,31,19.0,3,3,4,3,3,3,4,3,2,3,3,3,3,3,Neutral or Dissatisfied
57085,Male,52,Returning,Personal,Business,1222,0,0.0,2,3,1,3,3,4,3,3,2,2,4,3,4,4,Neutral or Dissatisfied
109836,Male,23,Returning,Business,Business,3899,24,9.0,1,1,4,4,1,4,4,2,4,4,4,1,4,5,Satisfied
124181,Male,45,Returning,Business,Business,2089,0,11.0,2,5,5,5,5,4,5,5,4,2,4,5,4,4,Satisfied
60030,Female,31,Returning,Personal,Economy,1085,0,0.0,4,2,5,2,1,4,1,3,1,1,4,2,1,5,Neutral or Dissatisfied
107808,Male,60,Returning,Business,Business,3494,24,8.0,0,0,5,5,4,4,4,4,3,4,4,0,4,4,Satisfied
105531,Female,53,Returning,Business,Business,3306,0,0.0,3,3,4,4,3,5,5,5,5,4,5,3,5,5,Satisfied
80114,Male,45,Returning,Personal,Economy,1626,0,0.0,3,4,3,4,3,4,1,2,1,1,4,4,1,3,Neutral or Dissatisfied
9032,Male,25,First-time,Business,Business,212,0,0.0,4,2,5,2,4,3,3,5,3,3,4,2,3,4,Neutral or Dissatisfied
98968,Female,66,Returning,Business,Business,2286,53,37.0,4,4,2,4,4,2,4,2,3,3,2,2,2,2,Neutral or Dissatisfied
23013,Female,49,Returning,Business,Economy Plus,641,0,0.0,3,3,5,3,3,4,2,4,1,5,4,4,4,4,Satisfied
94764,Female,51,Returning,Business,Business,1812,0,0.0,5,5,3,2,5,3,2,3,1,1,3,1,3,1,Neutral or Dissatisfied
34013,Female,55,Returning,Personal,Economy,1598,18,4.0,5,1,4,5,2,2,5,1,4,3,2,1,2,2,Neutral or Dissatisfied
121521,Female,29,First-time,Business,Business,1095,0,0.0,2,2,5,2,2,4,2,2,2,2,5,2,2,4,Neutral or Dissatisfied
65047,Male,43,Returning,Personal,Economy,190,2,36.0,3,1,2,1,4,3,4,4,4,4,5,1,4,4,Neutral or Dissatisfied
63288,Male,50,Returning,Business,Business,337,0,0.0,2,2,3,5,2,5,5,5,3,4,5,2,5,5,Satisfied
48269,Female,37,Returning,Business,Economy Plus,236,1,0.0,1,4,3,3,1,4,3,3,3,3,3,3,3,3,Neutral or Dissatisfied
519,Female,34,Returning,Business,Business,396,0,0.0,2,2,3,5,2,5,4,5,4,5,5,2,5,5,Satisfied
51565,Male,35,Returning,Business,Economy,261,0,0.0,2,2,5,5,2,2,5,4,5,5,1,5,5,2,Satisfied
76099,Female,14,Returning,Personal,Economy,669,53,41.0,5,1,3,1,1,4,5,5,5,5,5,1,5,5,Neutral or Dissatisfied
119869,Male,34,Returning,Personal,Economy,936,0,0.0,4,3,5,3,4,4,4,2,4,4,4,3,4,5,Neutral or Dissatisfied
106626,Male,48,Returning,Business,Business,306,0,9.0,5,5,4,4,5,5,4,5,3,3,5,5,5,5,Satisfied
48512,Male,42,Returning,Business,Business,845,0,0.0,4,3,1,4,3,5,5,5,4,5,5,3,5,5,Satisfied
55738,Male,39,Returning,Personal,Economy,2052,0,0.0,4,4,3,4,3,3,4,3,4,4,5,3,4,4,Neutral or Dissatisfied
54766,Female,72,Returning,Business,Economy Plus,787,0,0.0,5,3,2,3,3,2,4,2,4,4,2,2,2,2,Neutral or Dissatisfied
31323,Male,8,Returning,Personal,Economy Plus,680,17,31.0,4,3,4,3,2,5,2,5,1,1,4,3,1,4,Neutral or Dissatisfied
23149,Female,58,Returning,Business,Business,1861,0,0.0,3,3,1,4,3,3,4,3,4,5,3,3,3,3,Neutral or Dissatisfied
103986,Female,20,Returning,Business,Business,1363,44,46.0,3,3,4,4,3,4,4,5,4,4,5,3,4,4,Satisfied
80843,Male,42,Returning,Business,Business,3821,0,12.0,5,5,2,3,5,1,4,1,1,4,1,1,1,1,Neutral or Dissatisfied
274,Female,27,First-time,Business,Business,802,0,0.0,3,3,3,3,4,3,1,3,1,1,3,4,1,3,Neutral or Dissatisfied
10385,Male,45,Returning,Business,Business,3523,6,4.0,2,2,4,5,2,5,4,5,4,2,5,2,5,5,Satisfied
45211,Male,25,First-time,Business,Economy,911,28,39.0,4,4,2,4,3,1,3,5,3,3,5,4,3,4,Satisfied
84766,Male,42,Returning,Business,Business,3148,0,0.0,4,3,3,5,3,5,4,5,3,5,5,3,5,5,Satisfied
1546,Male,31,Returning,Personal,Economy,987,0,9.0,1,2,2,2,3,3,5,4,5,5,4,3,5,3,Neutral or Dissatisfied
110289,Female,52,Returning,Business,Business,925,54,44.0,1,1,3,5,1,4,4,4,3,4,4,1,4,4,Satisfied
27561,Female,24,Returning,Personal,Economy,697,0,0.0,2,2,2,2,3,2,2,1,2,2,4,2,2,3,Neutral or Dissatisfied
59701,Male,10,Returning,Personal,Economy,965,0,5.0,2,5,1,5,4,4,5,3,5,5,3,5,5,3,Satisfied
44340,Female,67,Returning,Personal,Economy,230,0,0.0,5,0,3,5,3,5,5,0,4,3,5,3,5,5,Neutral or Dissatisfied
41642,Female,67,Returning,Personal,Business,936,0,0.0,4,3,4,4,2,3,5,3,4,2,3,3,3,3,Neutral or Dissatisfied
120608,Female,25,Returning,Business,Economy,453,0,0.0,1,2,1,3,2,1,3,1,3,3,3,3,3,3,Neutral or Dissatisfied
101239,Female,45,Returning,Business,Business,1587,0,0.0,5,5,4,4,5,1,3,1,4,1,1,1,1,1,Neutral or Dissatisfied
41055,Female,28,Returning,Business,Economy Plus,1086,17,7.0,4,2,4,5,4,2,5,2,5,5,2,5,5,2,Satisfied
46278,Male,15,Returning,Personal,Economy,679,0,0.0,4,2,3,2,1,3,3,5,3,3,4,2,3,5,Neutral or Dissatisfied
129329,Male,47,Returning,Business,Business,2586,0,7.0,0,0,3,2,4,2,4,0,2,1,2,1,2,2,Neutral or Dissatisfied
13732,Female,33,Returning,Business,Economy,384,0,6.0,5,5,1,4,5,3,4,1,4,4,4,4,4,1,Satisfied
93825,Female,49,Returning,Business,Business,3879,8,0.0,3,3,5,5,3,4,5,4,4,5,4,3,4,4,Satisfied
74820,Male,53,Returning,Personal,Economy Plus,1126,5,0.0,4,4,4,4,2,5,1,3,4,4,4,4,4,4,Neutral or Dissatisfied
83815,Male,46,Returning,Business,Business,425,0,0.0,4,4,5,4,4,5,5,5,4,2,5,4,5,5,Satisfied
26963,Male,35,Returning,Business,Business,2768,0,13.0,1,1,5,2,1,5,2,5,3,5,5,1,5,5,Satisfied
64462,Female,37,First-time,Business,Economy Plus,989,0,0.0,2,2,2,2,3,4,2,5,5,5,3,2,5,3,Neutral or Dissatisfied
20293,Male,47,Returning,Personal,Economy,137,40,33.0,2,1,2,1,3,4,2,5,2,2,4,1,2,3,Neutral or Dissatisfied
54528,Male,47,Returning,Personal,Economy,925,0,24.0,3,1,1,1,3,4,1,4,1,1,3,1,1,1,Neutral or Dissatisfied
50895,Male,30,Returning,Personal,Economy,199,0,0.0,5,0,4,0,3,3,5,3,5,5,4,1,5,5,Neutral or Dissatisfied
59042,Male,54,Returning,Business,Business,1744,1,3.0,5,3,5,3,5,4,5,4,5,4,4,5,4,4,Satisfied
20032,Male,25,Returning,Business,Economy,607,13,16.0,2,2,2,2,2,3,3,2,2,2,3,2,2,4,Neutral or Dissatisfied
91267,Male,45,Returning,Personal,Economy,270,10,7.0,0,3,5,3,4,5,2,2,2,2,5,3,2,4,Neutral or Dissatisfied
20510,Female,22,First-time,Business,Economy,130,5,20.0,3,1,5,1,1,4,2,4,2,2,5,2,2,2,Neutral or Dissatisfied
111080,Female,57,Returning,Personal,Economy,197,26,15.0,4,3,4,5,3,5,5,3,4,5,5,3,5,5,Neutral or Dissatisfied
17112,Male,25,Returning,Personal,Economy,466,0,0.0,4,0,5,0,2,5,2,3,2,2,5,0,2,4,Satisfied
125393,Female,53,Returning,Business,Business,1440,0,0.0,4,4,2,2,4,2,2,2,3,1,2,2,2,2,Neutral or Dissatisfied
37708,Male,24,Returning,Personal,Economy,1069,0,0.0,4,2,2,2,2,2,4,5,4,4,5,3,4,2,Neutral or Dissatisfied
96894,Male,15,Returning,Personal,Economy,488,0,0.0,4,5,5,5,1,5,3,2,3,3,5,2,3,4,Neutral or Dissatisfied
70074,Male,27,First-time,Business,Business,550,145,132.0,5,5,4,3,4,4,4,4,4,5,5,5,3,4,Satisfied
50686,Female,43,Returning,Personal,Economy,89,0,0.0,4,2,3,4,1,2,5,2,4,4,2,2,2,2,Neutral or Dissatisfied
128642,Male,25,Returning,Personal,Economy,679,1,0.0,3,1,5,1,4,5,1,5,1,1,3,1,1,2,Neutral or Dissatisfied
93193,Female,55,Returning,Business,Business,3437,5,41.0,4,4,5,4,4,4,5,4,5,5,4,4,4,4,Satisfied
83730,Male,50,First-time,Business,Economy,627,0,0.0,0,4,2,4,3,3,2,2,2,2,5,4,2,4,Satisfied
33605,Female,39,Returning,Business,Business,399,0,0.0,3,3,3,1,3,4,3,5,3,5,4,3,4,4,Satisfied
98583,Female,29,Returning,Business,Business,992,4,1.0,5,5,4,5,5,4,5,2,5,5,5,5,5,4,Satisfied
66103,Female,56,Returning,Business,Business,2607,0,0.0,2,2,4,4,2,5,4,5,3,4,5,2,5,5,Satisfied
123268,Male,19,Returning,Personal,Economy,631,0,7.0,4,3,5,3,4,3,5,4,5,5,5,3,5,5,Neutral or Dissatisfied
95911,Male,22,First-time,Business,Economy,359,3,0.0,1,2,1,2,4,4,3,1,3,3,4,2,3,3,Neutral or Dissatisfied
49262,Male,42,Returning,Business,Business,2405,5,7.0,0,0,5,1,2,4,2,4,5,4,4,0,4,4,Satisfied
83154,Male,38,Returning,Business,Business,2209,3,9.0,5,3,4,5,5,5,5,5,5,3,5,5,5,5,Satisfied
2407,Female,43,First-time,Business,Economy,604,12,10.0,1,2,3,2,4,3,5,2,5,5,4,2,5,4,Neutral or Dissatisfied
43547,Female,24,Returning,Business,Business,3920,52,43.0,0,0,4,2,4,3,4,2,2,2,3,0,2,4,Satisfied
72154,Male,61,Returning,Personal,Economy,731,45,29.0,2,1,2,1,3,1,5,1,5,5,3,1,5,2,Neutral or Dissatisfied
92503,Male,80,Returning,Business,Economy,447,0,0.0,4,4,3,3,4,1,3,1,3,3,1,3,3,1,Neutral or Dissatisfied
115679,Male,48,Returning,Business,Economy,337,16,8.0,4,4,3,3,4,3,3,4,3,3,4,3,3,3,Neutral or Dissatisfied
3447,Male,51,Returning,Personal,Economy,240,0,0.0,2,4,4,4,3,2,4,5,4,4,3,4,4,3,Neutral or Dissatisfied
92447,Male,41,Returning,Business,Economy,1892,0,0.0,4,5,1,3,4,3,2,1,2,2,4,3,2,4,Neutral or Dissatisfied
36321,Male,42,Returning,Business,Economy,187,0,14.0,2,2,2,3,2,1,3,4,3,3,3,3,3,2,Neutral or Dissatisfied
109988,Male,45,First-time,Business,Business,1092,15,3.0,3,3,4,3,1,5,2,5,2,2,4,3,2,4,Neutral or Dissatisfied
87864,Female,47,Returning,Personal,Economy,214,0,0.0,3,0,2,4,4,2,3,0,1,2,2,3,2,2,Neutral or Dissatisfied
30952,Female,24,Returning,Business,Economy,836,0,5.0,3,2,3,3,3,2,1,1,3,3,2,3,3,2,Neutral or Dissatisfied
106763,Female,39,Returning,Personal,Economy,837,0,2.0,4,1,4,1,1,4,4,4,4,4,4,1,4,5,Neutral or Dissatisfied
112181,Female,35,Returning,Personal,Economy,895,18,1.0,2,2,4,2,3,3,3,3,3,3,2,2,3,2,Neutral or Dissatisfied
3161,Male,23,Returning,Business,Business,3392,0,30.0,2,5,4,3,2,1,2,1,2,2,4,2,2,3,Neutral or Dissatisfied
24527,Female,50,Returning,Business,Business,892,0,14.0,1,1,4,3,1,4,2,3,4,3,4,4,4,4,Neutral or Dissatisfied
12767,Female,61,Returning,Business,Economy Plus,689,0,0.0,1,1,4,3,1,2,3,2,4,2,2,2,2,2,Neutral or Dissatisfied
98580,Male,54,Returning,Business,Business,861,98,113.0,2,5,4,4,5,1,5,2,5,3,1,5,1,1,Satisfied
88875,Male,58,Returning,Business,Business,859,0,0.0,2,2,4,5,2,4,4,4,3,3,4,2,4,4,Satisfied
75541,Male,44,First-time,Business,Business,337,0,0.0,4,4,5,4,3,5,1,4,1,1,5,4,1,5,Satisfied
9259,Male,54,Returning,Business,Business,157,0,2.0,3,3,4,4,3,5,4,5,4,2,5,3,5,4,Satisfied
60428,Male,8,Returning,Personal,Business,862,10,35.0,1,2,3,2,3,4,3,5,3,3,3,2,3,4,Neutral or Dissatisfied
11424,Female,48,Returning,Business,Business,3688,0,0.0,4,4,5,5,4,5,4,5,5,2,5,4,5,5,Satisfied
52166,Female,32,Returning,Business,Business,3465,0,2.0,2,2,5,4,2,2,4,2,4,4,5,2,4,4,Satisfied
3012,Male,42,Returning,Business,Business,2346,0,28.0,2,2,3,4,2,4,5,4,5,2,4,2,4,4,Satisfied
129708,Male,17,First-time,Business,Economy,337,26,10.0,4,3,4,3,4,4,1,5,1,1,3,3,1,4,Neutral or Dissatisfied
125679,Male,23,Returning,Business,Business,759,0,7.0,4,4,3,3,4,3,3,1,3,3,3,3,3,2,Neutral or Dissatisfied
105457,Male,10,Returning,Personal,Economy,998,4,0.0,5,3,5,3,3,5,4,5,4,4,5,3,4,5,Neutral or Dissatisfied
127574,Male,69,Returning,Personal,Economy,1670,22,0.0,3,3,3,3,4,3,4,5,5,5,3,3,5,4,Neutral or Dissatisfied
111502,Female,23,First-time,Business,Economy,391,13,4.0,2,1,1,1,4,1,5,4,5,5,4,1,5,4,Neutral or Dissatisfied
119627,Male,35,Returning,Personal,Economy,1927,190,181.0,4,1,5,5,4,3,5,4,5,1,4,2,4,5,Neutral or Dissatisfied
49503,Male,47,Returning,Business,Business,421,50,64.0,1,1,5,1,1,4,1,4,3,5,4,1,4,4,Satisfied
114893,Male,48,Returning,Business,Business,3343,5,0.0,5,5,3,5,5,4,4,4,4,3,4,5,4,4,Satisfied
627,Male,45,Returning,Business,Business,247,28,14.0,2,2,4,4,2,5,4,5,3,5,5,2,5,5,Satisfied
5358,Male,51,Returning,Business,Business,812,0,12.0,1,1,3,4,1,2,5,2,4,2,2,1,2,2,Satisfied
19800,Male,49,Returning,Personal,Economy Plus,667,68,65.0,5,2,4,2,1,4,1,5,1,1,4,2,1,4,Neutral or Dissatisfied
79882,Female,45,First-time,Business,Business,1035,0,0.0,4,4,4,4,1,4,1,3,1,1,4,4,1,5,Neutral or Dissatisfied
114027,Female,16,First-time,Business,Economy,1186,0,0.0,5,5,1,5,5,4,4,1,4,4,5,5,4,3,Satisfied
55743,Female,27,First-time,Business,Economy Plus,2052,3,23.0,1,1,1,1,3,3,4,5,4,4,2,1,4,2,Neutral or Dissatisfied
39956,Male,39,Returning,Personal,Economy,1195,28,30.0,5,2,3,2,3,3,4,3,4,4,5,2,4,5,Neutral or Dissatisfied
123392,Male,28,Returning,Business,Business,1337,0,0.0,1,4,3,4,1,4,4,5,4,4,5,1,4,5,Satisfied
55848,Female,9,Returning,Personal,Economy,1416,0,0.0,5,2,2,2,4,2,1,1,2,2,3,2,2,4,Neutral or Dissatisfied
25175,Female,17,Returning,Business,Business,3554,2,7.0,4,4,4,4,4,4,4,3,4,4,4,4,4,4,Satisfied
81536,Male,60,Returning,Business,Economy,724,2,8.0,5,5,4,3,5,4,3,5,3,3,3,3,3,3,Neutral or Dissatisfied
92173,Male,53,Returning,Business,Business,2079,0,0.0,5,1,4,3,5,4,5,4,5,3,4,5,4,4,Satisfied
111170,Female,48,Returning,Business,Business,1546,0,0.0,4,5,4,4,4,2,4,2,3,4,2,2,2,2,Neutral or Dissatisfied
27298,Male,33,Returning,Business,Business,2610,0,0.0,5,5,5,4,5,5,5,1,5,5,4,5,5,3,Satisfied
23320,Female,61,Returning,Business,Business,3440,0,0.0,5,5,2,2,5,5,3,4,3,3,5,5,5,5,Neutral or Dissatisfied
101963,Female,48,Returning,Business,Economy,628,80,70.0,1,1,1,3,1,1,2,1,3,2,1,1,1,1,Neutral or Dissatisfied
3585,Female,30,First-time,Business,Business,999,3,0.0,3,3,5,3,2,3,1,5,5,5,5,3,5,5,Neutral or Dissatisfied
117172,Female,34,Returning,Personal,Economy,304,3,0.0,4,2,3,2,2,3,3,5,3,3,5,2,3,4,Neutral or Dissatisfied
127245,Male,21,First-time,Business,Business,1107,0,0.0,0,4,3,4,1,3,1,3,1,1,5,4,1,4,Satisfied
61061,Female,38,First-time,Business,Economy,1709,16,12.0,2,2,2,2,4,1,3,5,3,3,4,2,3,2,Neutral or Dissatisfied
12455,Male,64,Returning,Personal,Economy,201,0,0.0,4,0,3,0,2,1,3,4,3,3,1,0,3,5,Satisfied
86608,Female,29,Returning,Business,Business,2329,0,0.0,5,5,5,4,5,4,4,5,4,4,4,5,4,5,Satisfied
56719,Female,32,Returning,Personal,Economy,1023,156,152.0,4,2,3,3,2,5,3,5,3,2,3,2,3,4,Neutral or Dissatisfied
66598,Female,55,Returning,Business,Business,761,0,0.0,2,2,1,4,2,3,3,2,4,4,3,3,3,3,Neutral or Dissatisfied
40247,Male,41,Returning,Business,Business,531,0,0.0,5,5,2,3,5,1,4,1,4,4,1,1,1,1,Neutral or Dissatisfied
40402,Female,42,Returning,Business,Business,188,0,1.0,2,2,2,3,2,3,3,3,4,4,3,2,3,2,Neutral or Dissatisfied
39714,Female,24,Returning,Business,Business,2229,0,1.0,0,0,2,5,2,1,5,4,5,5,3,0,5,4,Satisfied
59342,Male,10,First-time,Business,Economy,797,0,0.0,4,4,5,4,2,5,4,5,4,4,4,4,4,4,Satisfied
85370,Female,49,Returning,Business,Business,2219,0,0.0,2,2,5,5,2,5,5,5,5,2,5,2,5,5,Satisfied
69417,Female,40,First-time,Business,Business,696,0,13.0,3,3,3,3,4,1,5,1,5,5,3,3,5,3,Neutral or Dissatisfied
49454,Female,63,Returning,Business,Business,3472,0,6.0,3,3,3,5,3,5,1,5,3,3,5,3,5,5,Satisfied
121545,Male,25,First-time,Business,Business,936,0,0.0,5,1,3,1,1,3,5,3,3,3,4,1,3,5,Neutral or Dissatisfied
56619,Male,33,Returning,Business,Economy,1023,0,0.0,1,1,1,4,1,1,4,5,4,4,3,4,4,3,Neutral or Dissatisfied
25996,Female,58,Returning,Personal,Economy,577,1,0.0,4,2,5,4,2,5,4,2,4,4,5,2,5,2,Neutral or Dissatisfied
92708,Female,50,Returning,Business,Business,2153,6,0.0,1,1,4,4,1,4,4,5,5,4,4,1,4,4,Satisfied
22743,Male,36,Returning,Business,Business,147,0,0.0,4,4,3,5,4,4,5,4,3,2,4,4,4,3,Satisfied
80641,Male,43,Returning,Personal,Economy,282,0,0.0,2,1,4,1,3,1,2,4,1,1,4,1,1,4,Neutral or Dissatisfied
123801,Female,50,Returning,Business,Business,3139,2,0.0,1,1,5,5,1,2,5,2,3,4,2,1,2,2,Satisfied
110465,Female,62,Returning,Personal,Economy,787,0,0.0,5,1,4,4,1,1,4,1,5,3,1,1,1,2,Neutral or Dissatisfied
18003,Female,37,First-time,Business,Economy,332,55,58.0,3,2,3,2,4,2,2,2,5,5,3,2,5,4,Neutral or Dissatisfied
45854,Female,40,Returning,Business,Economy Plus,391,225,216.0,2,5,3,3,2,4,3,3,3,3,4,3,2,3,Neutral or Dissatisfied
23334,Male,48,Returning,Personal,Economy,456,1,4.0,4,3,4,3,3,3,5,4,5,5,2,3,5,5,Neutral or Dissatisfied
84381,Female,37,First-time,Business,Economy,606,0,0.0,3,2,1,2,3,2,5,2,5,5,3,2,5,3,Neutral or Dissatisfied
45948,Male,56,Returning,Personal,Economy,563,0,0.0,4,4,4,4,1,5,3,4,3,3,4,4,3,4,Neutral or Dissatisfied
81776,Male,25,Returning,Business,Business,1487,0,0.0,1,3,3,4,1,4,5,4,5,5,4,1,5,4,Satisfied
117247,Female,42,Returning,Personal,Economy,338,0,0.0,5,4,2,5,3,5,2,4,1,5,5,4,5,5,Neutral or Dissatisfied
95825,Female,36,First-time,Business,Economy,1028,0,9.0,2,2,1,2,4,3,5,3,2,2,4,2,2,4,Neutral or Dissatisfied
67234,Male,27,Returning,Personal,Economy,985,135,135.0,4,2,4,4,4,3,4,4,4,2,5,2,5,4,Neutral or Dissatisfied
106815,Female,34,First-time,Business,Business,1488,37,45.0,3,3,3,3,2,5,1,5,1,1,5,3,1,4,Neutral or Dissatisfied
88794,Female,38,First-time,Business,Economy Plus,270,0,0.0,3,3,1,3,3,1,4,5,2,2,3,3,2,4,Neutral or Dissatisfied
110315,Female,52,Returning,Business,Business,2480,4,6.0,5,5,2,3,5,3,3,3,2,4,3,3,3,3,Neutral or Dissatisfied
49820,Female,61,Returning,Business,Economy,153,0,0.0,1,1,3,3,1,4,2,4,1,1,4,4,4,4,Neutral or Dissatisfied
86652,Female,10,Returning,Personal,Economy,746,0,0.0,5,2,4,2,2,3,1,4,1,1,5,2,1,5,Neutral or Dissatisfied
38603,Female,34,Returning,Business,Business,231,0,0.0,2,2,3,3,2,3,4,3,3,5,3,3,3,3,Neutral or Dissatisfied
104298,Female,37,Returning,Personal,Economy,440,11,0.0,4,2,5,2,4,5,1,3,1,1,4,4,1,4,Neutral or Dissatisfied
16477,Female,26,Returning,Personal,Economy Plus,529,14,0.0,4,2,4,2,2,3,4,5,4,4,4,2,4,4,Neutral or Dissatisfied
89939,Male,44,Returning,Personal,Economy,1306,0,0.0,5,1,5,1,2,3,4,2,4,4,5,2,4,4,Neutral or Dissatisfied
26926,Male,12,Returning,Personal,Economy,1770,0,11.0,4,3,4,3,3,2,1,4,1,1,1,3,1,1,Neutral or Dissatisfied
2077,Female,34,First-time,Business,Economy,812,7,11.0,4,4,4,4,4,1,1,4,1,1,4,4,1,4,Neutral or Dissatisfied
57042,Male,67,Returning,Personal,Business,2133,23,26.0,5,3,4,5,4,4,3,3,3,3,4,3,4,1,Neutral or Dissatisfied
92427,Female,42,First-time,Business,Business,1947,5,0.0,3,3,5,3,3,3,2,4,2,2,5,3,2,5,Neutral or Dissatisfied
56596,Female,46,Returning,Business,Business,3117,36,48.0,1,2,4,5,1,4,4,4,3,3,4,1,4,4,Satisfied
24247,Male,45,Returning,Personal,Economy,302,0,0.0,4,5,3,5,4,5,4,5,4,4,4,5,4,5,Satisfied
26720,Female,40,Returning,Business,Economy Plus,406,0,5.0,1,1,2,2,1,5,2,5,2,2,2,2,2,3,Satisfied
86376,Male,38,Returning,Business,Economy,760,74,64.0,5,5,3,3,5,2,3,2,3,3,1,3,3,1,Neutral or Dissatisfied
99286,Female,28,Returning,Personal,Economy,833,0,0.0,5,2,3,2,3,3,4,4,4,4,5,2,4,4,Neutral or Dissatisfied
6043,Female,38,Returning,Business,Business,2029,15,17.0,4,4,3,4,4,2,4,2,4,5,2,2,2,2,Neutral or Dissatisfied
63404,Male,31,Returning,Personal,Economy,447,6,0.0,5,4,4,4,1,2,1,5,1,1,1,4,1,5,Neutral or Dissatisfied
61716,Female,7,Returning,Business,Business,3651,97,85.0,1,1,2,2,1,4,2,2,2,2,3,2,2,4,Neutral or Dissatisfied
41344,Female,68,Returning,Personal,Economy Plus,689,7,0.0,3,1,3,1,4,3,5,1,2,3,3,1,3,3,Neutral or Dissatisfied
110873,Female,27,First-time,Business,Business,581,0,0.0,1,1,3,1,4,5,1,2,1,1,4,1,1,5,Neutral or Dissatisfied
78243,Female,41,Returning,Business,Business,1586,0,0.0,5,0,5,5,2,2,5,2,4,3,2,0,2,2,Satisfied
110203,Female,39,Returning,Business,Business,1756,7,0.0,3,3,3,4,3,5,5,5,3,2,5,3,5,5,Satisfied
95441,Female,43,Returning,Business,Business,3166,8,0.0,2,2,4,5,2,4,4,4,3,2,4,2,4,4,Satisfied
17736,Female,36,Returning,Business,Business,2550,5,13.0,3,3,3,4,3,5,5,5,5,4,5,3,5,5,Satisfied
53315,Male,60,Returning,Personal,Economy,758,52,62.0,4,2,5,2,3,4,5,5,5,5,5,3,5,4,Neutral or Dissatisfied
19402,Female,49,Returning,Business,Business,261,0,0.0,3,3,4,5,3,4,3,4,1,4,4,3,4,4,Satisfied
38180,Male,57,Returning,Personal,Economy,1249,0,0.0,4,3,5,3,1,4,4,5,4,4,4,3,4,3,Neutral or Dissatisfied
83554,Female,44,Returning,Business,Business,1865,0,0.0,1,1,3,5,1,4,4,4,4,5,4,1,4,4,Satisfied
69562,Male,28,Returning,Business,Business,2475,0,5.0,1,1,2,2,1,4,3,2,3,3,3,3,3,4,Neutral or Dissatisfied
6476,Female,67,Returning,Personal,Economy Plus,315,0,0.0,5,5,5,5,2,4,4,5,1,3,4,1,4,4,Neutral or Dissatisfied
2995,Male,50,Returning,Business,Business,922,0,0.0,3,3,5,5,3,5,5,5,5,2,5,3,5,5,Satisfied
118709,Female,43,Returning,Personal,Economy,621,1,0.0,4,2,4,3,2,3,4,2,2,4,3,2,3,5,Neutral or Dissatisfied
20022,Female,44,Returning,Business,Business,473,17,30.0,1,1,1,4,1,1,3,1,1,1,1,1,1,1,Neutral or Dissatisfied
36087,Male,50,Returning,Personal,Economy,399,202,219.0,4,2,1,1,3,3,1,4,1,2,3,2,5,5,Neutral or Dissatisfied
97036,Male,36,First-time,Business,Business,1642,0,0.0,4,4,5,4,5,3,1,5,1,1,5,4,1,4,Neutral or Dissatisfied
81391,Male,45,Returning,Business,Business,3594,0,0.0,2,4,5,5,2,5,5,5,4,2,5,2,5,5,Satisfied
75344,Male,29,Returning,Personal,Economy,2504,0,0.0,4,5,2,2,4,3,2,3,2,5,3,4,3,5,Neutral or Dissatisfied
7227,Male,40,Returning,Business,Business,139,0,0.0,5,0,2,5,2,2,4,2,2,2,2,0,2,2,Satisfied
32224,Male,51,Returning,Business,Business,3744,0,0.0,1,1,5,4,1,4,5,4,3,3,4,1,4,3,Satisfied
97290,Male,42,Returning,Business,Business,3011,24,16.0,4,4,4,4,4,5,5,4,4,4,5,4,5,5,Satisfied
41245,Male,22,Returning,Business,Economy,643,0,0.0,4,4,1,4,4,2,4,2,4,4,4,4,4,4,Neutral or Dissatisfied
89164,Male,68,Returning,Personal,Economy,1947,1,28.0,5,2,4,2,3,5,3,5,3,3,4,2,3,5,Neutral or Dissatisfied
51668,Female,22,First-time,Business,Economy,493,0,0.0,0,3,4,3,3,3,2,1,2,2,1,3,2,2,Neutral or Dissatisfied
105901,Female,28,First-time,Business,Business,283,0,0.0,3,3,3,3,3,3,4,3,4,4,5,3,4,5,Neutral or Dissatisfied
97606,Male,59,Returning,Business,Economy,442,0,0.0,5,5,2,4,5,4,4,2,4,4,4,4,4,4,Neutral or Dissatisfied
117401,Female,32,Returning,Business,Business,544,17,7.0,5,5,5,3,5,4,4,5,4,4,5,5,4,4,Satisfied
48701,Female,33,Returning,Business,Business,2591,0,0.0,0,0,5,5,2,4,4,4,4,3,4,0,4,4,Satisfied
48914,Female,41,Returning,Business,Business,3975,0,0.0,0,0,4,1,2,2,2,2,2,4,2,0,2,2,Satisfied
65248,Female,65,Returning,Business,Economy Plus,190,0,0.0,1,1,2,2,1,3,3,3,3,3,3,3,3,3,Neutral or Dissatisfied
75073,Female,16,Returning,Personal,Economy,2611,12,0.0,2,2,4,2,3,3,4,3,4,4,4,3,4,3,Neutral or Dissatisfied
28286,Female,55,Returning,Business,Business,867,0,0.0,2,3,5,5,2,4,5,4,3,3,4,2,4,4,Satisfied
116805,Male,49,Returning,Business,Business,3145,0,0.0,3,3,4,5,3,4,5,4,4,4,4,3,4,4,Satisfied
68349,Male,46,Returning,Business,Business,1598,45,47.0,3,3,2,2,3,1,4,1,2,1,1,1,1,1,Neutral or Dissatisfied
106757,Male,43,Returning,Personal,Economy,829,1,0.0,4,2,5,2,3,5,4,2,4,4,4,2,4,5,Neutral or Dissatisfied
10967,Male,59,Returning,Business,Business,429,48,49.0,1,1,2,1,1,4,5,4,3,5,4,1,4,4,Satisfied
98206,Female,39,Returning,Personal,Economy,327,0,20.0,0,4,5,4,3,3,5,4,5,5,5,4,5,5,Neutral or Dissatisfied
50498,Male,66,Returning,Personal,Economy,266,0,0.0,5,2,4,2,4,5,2,4,2,2,5,2,2,4,Neutral or Dissatisfied
111337,Male,34,Returning,Personal,Economy,283,0,0.0,4,5,4,5,4,4,1,4,1,1,5,5,1,5,Satisfied
100510,Female,38,Returning,Business,Economy,180,10,0.0,5,5,1,5,5,4,5,1,5,5,1,5,5,1,Satisfied
53414,Male,33,Returning,Business,Business,2419,0,14.0,2,2,4,4,2,3,4,4,4,4,5,2,2,1,Satisfied
119653,Female,34,First-time,Business,Economy,507,0,0.0,1,1,2,1,4,3,3,1,3,3,3,1,3,3,Neutral or Dissatisfied
51829,Female,45,Returning,Business,Economy Plus,509,0,0.0,4,3,1,5,4,4,3,4,1,1,4,4,4,4,Satisfied
117574,Male,34,Returning,Business,Business,347,0,0.0,3,3,1,3,3,2,3,2,2,4,2,2,2,2,Neutral or Dissatisfied
81953,Female,57,Returning,Business,Business,1532,0,0.0,1,1,5,5,1,5,5,5,3,5,5,1,5,5,Satisfied
6199,Female,62,Returning,Personal,Economy Plus,409,178,172.0,4,3,3,3,5,2,3,5,3,3,3,3,5,5,Neutral or Dissatisfied
53833,Male,49,Returning,Business,Economy,224,3,0.0,2,2,1,4,2,4,5,5,5,5,2,4,5,1,Satisfied
21275,Male,26,Returning,Business,Business,3568,0,0.0,5,3,5,5,3,4,5,5,5,5,4,3,5,3,Satisfied
84845,Female,36,First-time,Business,Economy,547,56,53.0,1,2,2,2,3,1,4,2,4,4,4,2,4,4,Neutral or Dissatisfied
43085,Female,12,Returning,Personal,Economy,391,0,0.0,5,3,4,3,4,3,4,3,4,4,4,3,4,5,Neutral or Dissatisfied
127505,Male,23,Returning,Personal,Economy,2075,6,10.0,4,2,2,2,5,3,4,5,2,2,5,2,2,1,Neutral or Dissatisfied
39427,Male,58,Returning,Business,Business,2203,0,16.0,5,5,3,3,5,5,4,5,4,2,5,5,5,5,Satisfied
65764,Female,20,Returning,Personal,Economy,936,1,14.0,3,3,3,3,3,2,3,3,1,1,3,3,1,3,Neutral or Dissatisfied
126939,Male,51,Returning,Business,Business,651,134,114.0,3,3,5,5,3,5,5,5,5,5,4,3,5,5,Satisfied
26159,Male,34,Returning,Business,Business,515,4,0.0,3,3,2,1,3,4,5,4,5,1,4,3,4,4,Satisfied
26464,Male,38,Returning,Personal,Economy,925,0,0.0,4,4,5,4,2,5,5,3,5,5,4,4,5,4,Satisfied
118814,Male,27,Returning,Business,Business,2487,24,27.0,2,2,4,5,2,3,5,3,5,5,4,2,5,4,Satisfied
110366,Male,58,Returning,Business,Business,2033,1,0.0,2,2,2,1,2,4,1,4,1,3,4,4,4,4,Neutral or Dissatisfied
44024,Male,35,First-time,Business,Economy,802,48,50.0,2,2,1,2,3,3,4,4,4,4,4,1,4,3,Neutral or Dissatisfied
106596,Male,42,Returning,Business,Business,986,0,0.0,2,2,4,5,2,3,5,3,4,2,3,2,3,3,Satisfied
55861,Male,53,Returning,Personal,Economy,419,0,0.0,4,5,2,5,3,1,5,3,5,5,4,5,5,4,Satisfied
97054,Female,45,Returning,Business,Business,3293,31,16.0,5,5,3,5,5,5,4,5,3,4,5,5,5,5,Satisfied
81056,Female,27,Returning,Personal,Economy,1399,0,2.0,3,0,4,0,2,1,4,2,4,4,3,0,4,2,Satisfied
56238,Female,58,Returning,Personal,Economy Plus,1608,0,0.0,5,1,5,3,2,1,5,1,3,5,1,1,1,1,Neutral or Dissatisfied
49311,Female,42,Returning,Business,Economy,134,15,16.0,4,2,4,4,2,4,2,4,4,1,4,4,4,4,Satisfied
38018,Female,54,Returning,Business,Business,3280,0,0.0,5,5,2,3,5,3,3,3,3,5,3,3,3,3,Neutral or Dissatisfied
2388,Female,56,Returning,Business,Business,604,0,0.0,3,3,3,4,3,5,5,5,4,2,5,3,5,5,Satisfied
115,Female,12,First-time,Business,Business,562,11,25.0,2,3,3,3,3,3,2,4,2,2,3,3,2,3,Neutral or Dissatisfied
90583,Female,23,First-time,Business,Business,581,0,19.0,5,5,4,5,4,5,2,4,3,3,5,5,3,5,Satisfied
36062,Female,19,Returning,Business,Business,399,0,0.0,5,5,1,3,5,4,3,1,3,3,3,3,3,4,Neutral or Dissatisfied
100208,Male,29,Returning,Business,Business,3024,0,0.0,1,1,3,5,1,5,5,3,5,5,4,1,5,4,Satisfied
88262,Male,54,Returning,Business,Business,3344,26,22.0,4,4,4,4,4,4,5,4,4,2,4,4,4,4,Satisfied
86561,Male,11,Returning,Personal,Economy Plus,749,0,0.0,4,3,5,3,3,3,3,4,3,3,4,3,3,5,Neutral or Dissatisfied
109326,Female,42,Returning,Personal,Economy,1072,18,3.0,5,2,5,5,4,2,4,2,4,2,2,2,2,2,Neutral or Dissatisfied
121991,Female,57,Returning,Business,Business,3038,0,0.0,3,3,4,4,3,5,4,5,5,3,5,3,5,5,Satisfied
34475,Female,61,Returning,Business,Business,3218,0,3.0,4,4,5,4,4,4,2,4,4,2,4,4,4,4,Satisfied
25700,Male,39,Returning,Business,Economy,447,18,15.0,3,4,3,4,3,1,4,1,4,4,5,4,4,2,Satisfied
80210,Female,60,Returning,Personal,Economy Plus,2475,0,0.0,1,1,4,5,3,1,4,4,4,1,4,1,4,3,Neutral or Dissatisfied
10954,Male,56,Returning,Business,Business,1593,0,0.0,4,4,5,4,4,3,5,3,4,5,3,4,3,3,Satisfied
67443,Female,34,First-time,Business,Economy,721,35,38.0,4,4,3,4,4,4,2,1,2,2,4,4,2,4,Neutral or Dissatisfied
100523,Male,28,Returning,Personal,Economy,580,0,2.0,4,3,3,3,3,4,2,4,2,2,3,3,2,3,Neutral or Dissatisfied
4171,Female,53,Returning,Personal,Economy,427,0,11.0,4,3,1,2,4,4,3,3,4,3,4,3,4,4,Neutral or Dissatisfied
79610,Male,71,Returning,Business,Business,2802,0,24.0,3,3,4,4,3,2,4,2,4,2,2,2,2,2,Neutral or Dissatisfied
18646,Male,36,Returning,Personal,Economy,262,0,0.0,5,0,4,0,1,5,5,4,2,2,1,2,2,5,Neutral or Dissatisfied
92149,Female,55,Returning,Business,Economy Plus,1532,4,6.0,1,1,1,3,1,1,3,1,2,1,1,1,1,1,Neutral or Dissatisfied
17050,Female,37,Returning,Business,Economy,1134,0,0.0,2,2,2,4,2,3,4,2,4,4,3,4,4,3,Satisfied
102402,Female,54,Returning,Personal,Economy,223,52,46.0,0,4,4,4,3,5,5,4,3,4,5,4,5,5,Satisfied
116793,Male,59,Returning,Personal,Economy Plus,337,11,0.0,4,4,1,4,4,2,3,5,3,3,3,3,3,3,Neutral or Dissatisfied
70062,Male,43,Returning,Business,Business,460,18,15.0,2,2,5,5,2,4,4,4,4,5,4,2,4,4,Satisfied
88345,Female,44,First-time,Business,Business,406,14,5.0,2,2,3,2,3,5,3,5,3,3,4,2,3,5,Neutral or Dissatisfied
69228,Female,39,Returning,Business,Business,733,16,21.0,5,5,4,2,5,2,3,2,3,1,2,2,2,2,Neutral or Dissatisfied
116748,Female,22,Returning,Personal,Economy Plus,358,0,0.0,2,2,3,2,3,2,1,2,1,1,4,3,1,3,Neutral or Dissatisfied
67188,Female,37,Returning,Personal,Economy,929,0,6.0,5,3,4,3,5,4,4,4,4,4,1,3,4,2,Neutral or Dissatisfied
15672,Male,40,Returning,Business,Economy,617,0,0.0,3,3,1,4,3,4,4,2,4,4,5,4,4,2,Satisfied
10478,Male,41,Returning,Business,Business,2440,71,59.0,4,4,4,4,4,4,4,4,5,4,4,4,4,4,Satisfied
90801,Female,49,Returning,Business,Business,581,0,0.0,3,3,5,5,3,4,4,4,5,3,4,3,4,4,Satisfied
82096,Male,58,Returning,Business,Business,876,1,3.0,1,1,5,1,1,5,4,5,2,3,5,1,5,5,Satisfied
55549,Male,69,Returning,Personal,Economy,550,0,0.0,4,3,3,3,4,1,4,4,2,2,3,3,2,3,Neutral or Dissatisfied
36902,Male,27,Returning,Business,Business,2072,6,13.0,2,2,1,4,2,2,4,3,4,4,5,2,4,4,Satisfied
102865,Male,55,Returning,Business,Business,2152,19,26.0,5,5,5,4,5,4,5,4,5,2,4,5,4,4,Satisfied
55240,Male,50,Returning,Business,Business,609,14,27.0,4,4,4,3,4,1,4,1,4,1,1,1,1,1,Neutral or Dissatisfied
82435,Male,42,Returning,Business,Business,2577,10,24.0,3,5,3,3,3,2,3,1,1,2,2,2,2,2,Neutral or Dissatisfied
95655,Female,40,First-time,Business,Business,445,61,49.0,1,1,4,1,3,1,4,4,4,4,4,1,4,4,Neutral or Dissatisfied
33466,Female,28,Returning,Personal,Economy Plus,2409,0,0.0,4,3,4,3,3,3,2,1,2,2,4,3,2,4,Neutral or Dissatisfied
106589,Female,57,Returning,Business,Business,333,0,0.0,4,4,3,5,4,4,4,4,3,2,4,4,4,4,Satisfied
82152,Male,57,Returning,Business,Economy,311,26,15.0,5,5,3,1,5,2,1,5,1,1,4,1,1,3,Neutral or Dissatisfied
25643,Female,49,Returning,Personal,Economy,666,12,0.0,2,3,1,3,4,5,3,3,4,5,5,3,5,5,Neutral or Dissatisfied
60270,Male,41,Returning,Business,Business,2446,1,2.0,3,3,5,5,3,3,5,5,5,5,5,3,5,5,Satisfied
61543,Female,43,Returning,Personal,Economy,2288,30,0.0,2,5,4,4,4,1,4,5,2,4,1,5,1,1,Satisfied
41370,Male,14,First-time,Business,Economy,563,0,2.0,0,4,5,4,3,4,2,2,2,2,1,3,2,5,Neutral or Dissatisfied
43825,Male,50,First-time,Business,Economy,144,0,0.0,4,4,1,4,2,2,3,4,3,3,3,4,3,4,Satisfied
68992,Male,47,Returning,Business,Business,2422,86,104.0,2,2,1,1,2,5,1,3,1,1,3,1,4,3,Neutral or Dissatisfied
69190,Female,42,Returning,Personal,Economy,187,0,0.0,1,0,1,2,2,4,2,0,1,1,4,3,4,4,Neutral or Dissatisfied
65051,Female,60,Returning,Personal,Economy,190,0,0.0,5,0,3,5,1,3,4,0,4,3,3,2,3,3,Neutral or Dissatisfied
36768,Male,44,Returning,Business,Business,2704,0,1.0,2,2,2,2,2,1,2,3,2,1,5,2,1,3,Neutral or Dissatisfied
84389,Female,41,First-time,Business,Business,591,0,0.0,5,5,4,5,4,3,4,5,4,4,5,5,4,5,Satisfied
2480,Male,59,Returning,Business,Business,1379,1,0.0,1,1,2,3,1,3,3,3,1,4,3,3,3,3,Neutral or Dissatisfied
19336,Male,8,Returning,Personal,Economy,694,181,158.0,4,2,1,1,2,3,1,5,1,2,5,3,4,5,Neutral or Dissatisfied
28642,Male,26,Returning,Business,Business,2466,0,0.0,4,4,4,4,4,1,3,4,3,3,2,4,3,4,Satisfied
36539,Male,29,Returning,Business,Economy,1091,0,12.0,1,1,2,5,1,2,5,5,5,5,2,5,5,4,Satisfied
88524,Male,52,Returning,Personal,Economy,240,0,0.0,4,2,4,2,2,4,2,3,2,2,4,2,2,4,Neutral or Dissatisfied
43807,Female,60,Returning,Business,Business,3908,0,0.0,2,2,5,4,2,4,4,4,5,2,4,2,4,4,Satisfied
87143,Male,55,Returning,Business,Economy Plus,640,0,0.0,1,1,2,3,1,1,3,5,3,3,3,3,3,4,Neutral or Dissatisfied
21154,Male,24,First-time,Business,Economy,954,0,0.0,3,3,4,3,3,1,5,2,5,5,2,3,5,3,Neutral or Dissatisfied
30593,Male,22,Returning,Personal,Economy Plus,628,0,0.0,4,2,5,2,3,5,3,2,3,3,4,2,3,5,Neutral or Dissatisfied
48975,Female,59,Returning,Business,Business,2297,0,0.0,1,1,1,5,1,5,3,5,2,5,5,1,5,3,Satisfied
53819,Female,33,Returning,Business,Business,3269,53,47.0,5,5,1,2,5,4,1,4,2,4,4,5,4,3,Satisfied
26563,Female,42,Returning,Business,Business,3671,14,10.0,1,1,3,4,1,4,4,4,3,5,4,1,4,4,Satisfied
49871,Female,16,First-time,Business,Economy,326,0,0.0,2,0,1,0,1,1,5,2,5,5,4,0,5,4,Satisfied
81772,Female,34,Returning,Business,Business,3141,164,143.0,3,3,4,4,3,4,4,4,4,4,3,3,3,4,Satisfied
6647,Female,61,Returning,Business,Economy,416,0,0.0,2,2,4,4,2,2,3,2,3,3,2,2,2,2,Satisfied
72627,Female,47,Returning,Personal,Economy,964,0,0.0,4,1,4,4,3,5,4,1,3,2,5,1,5,1,Neutral or Dissatisfied
69524,Male,56,Returning,Business,Business,2475,24,29.0,3,3,5,5,3,5,5,4,5,5,3,3,4,5,Satisfied
118866,Male,34,Returning,Personal,Economy Plus,369,0,0.0,3,4,5,4,4,1,2,3,2,2,4,3,2,1,Neutral or Dissatisfied
84443,Male,8,Returning,Personal,Economy Plus,606,0,0.0,3,3,5,3,3,1,5,5,5,5,1,3,5,3,Neutral or Dissatisfied
116129,Female,55,Returning,Personal,Economy,446,0,0.0,5,2,3,4,1,2,5,2,3,5,2,2,2,2,Neutral or Dissatisfied
19366,Male,52,Returning,Personal,Business,476,8,0.0,4,4,5,2,3,1,4,4,4,1,1,2,1,1,Neutral or Dissatisfied
126688,Female,38,First-time,Business,Business,1422,0,0.0,4,4,3,4,1,4,5,5,5,5,4,4,5,4,Satisfied
69906,Male,55,Returning,Business,Business,1514,6,15.0,3,5,3,5,3,5,4,5,4,3,5,3,5,5,Satisfied
35337,Female,72,Returning,Business,Business,3553,1,83.0,1,1,1,2,1,3,2,3,1,3,3,3,3,3,Neutral or Dissatisfied
101723,Female,37,Returning,Business,Business,986,23,4.0,4,4,3,5,4,4,4,4,5,5,4,4,4,4,Satisfied
19041,Female,55,Returning,Personal,Economy Plus,788,0,0.0,4,2,4,4,4,5,4,2,3,3,5,2,5,4,Neutral or Dissatisfied
82956,Female,34,Returning,Personal,Business,1084,2,0.0,4,2,3,5,1,5,5,2,4,4,5,2,5,5,Neutral or Dissatisfied
73589,Male,45,Returning,Business,Economy,204,0,1.0,4,4,4,1,4,3,2,4,2,2,4,1,2,4,Neutral or Dissatisfied
90232,Male,55,Returning,Personal,Economy Plus,1084,0,0.0,4,4,3,4,3,3,5,3,5,5,5,4,5,4,Neutral or Dissatisfied
113507,Male,75,Returning,Business,Business,2576,5,4.0,5,5,4,2,5,4,3,4,3,4,4,4,4,4,Neutral or Dissatisfied
5550,Female,46,Returning,Business,Business,2348,0,6.0,3,2,4,4,3,5,4,5,4,2,5,3,5,5,Satisfied
39289,Male,61,Returning,Personal,Economy,67,71,64.0,5,2,5,2,3,3,5,2,5,5,5,2,5,4,Neutral or Dissatisfied
55711,Female,30,Returning,Personal,Economy,1062,0,0.0,3,2,1,2,3,3,3,1,3,3,3,2,3,3,Neutral or Dissatisfied
81451,Male,51,Returning,Business,Business,3989,0,0.0,5,5,4,5,5,5,4,5,4,2,5,5,5,5,Satisfied
114686,Female,26,First-time,Business,Business,480,0,0.0,1,1,4,1,4,4,2,4,3,3,5,0,3,5,Satisfied
87356,Female,53,Returning,Business,Business,3944,1,2.0,4,1,3,5,4,4,5,4,3,3,4,4,4,4,Satisfied
73722,Female,50,Returning,Business,Economy,204,26,17.0,4,4,4,1,4,5,5,5,2,3,5,5,5,5,Satisfied
65762,Male,57,Returning,Personal,Economy,1061,0,0.0,1,1,4,1,2,2,2,4,1,1,1,1,1,1,Neutral or Dissatisfied
121667,Female,49,Returning,Business,Economy,511,0,0.0,3,3,2,4,3,2,4,2,4,3,2,2,2,2,Neutral or Dissatisfied
39097,Male,36,Returning,Personal,Economy Plus,984,10,0.0,5,5,4,5,2,4,2,5,2,2,4,5,2,4,Satisfied
67100,Male,41,Returning,Business,Business,2899,0,0.0,4,4,5,5,4,5,5,5,4,4,5,4,5,5,Satisfied
42617,Female,35,Returning,Business,Business,481,0,0.0,4,4,1,5,4,5,5,5,2,1,5,4,5,5,Satisfied
47185,Female,29,Returning,Business,Business,2133,12,0.0,2,2,3,3,2,3,3,5,3,3,4,3,3,4,Neutral or Dissatisfied
120975,Male,28,First-time,Business,Economy,992,2,0.0,3,3,3,3,3,4,4,4,4,4,3,3,4,4,Neutral or Dissatisfied
4655,Male,25,First-time,Business,Business,364,0,0.0,2,2,2,2,4,4,4,3,4,4,4,2,4,4,Neutral or Dissatisfied
17923,Female,8,Returning,Personal,Economy,789,0,0.0,4,3,4,3,4,4,3,1,3,3,3,3,3,3,Neutral or Dissatisfied
103535,Female,55,Returning,Business,Business,967,102,91.0,5,5,5,5,5,3,5,4,4,4,3,5,3,3,Satisfied
115251,Female,24,Returning,Business,Business,2895,0,0.0,1,1,3,2,1,1,2,3,2,2,4,2,2,3,Neutral or Dissatisfied
24554,Male,36,Returning,Business,Business,696,17,15.0,4,4,1,4,4,2,3,2,4,4,2,2,2,2,Neutral or Dissatisfied
48031,Male,68,Returning,Personal,Economy,1187,0,0.0,1,2,1,2,2,2,2,5,2,2,1,2,2,2,Neutral or Dissatisfied
108652,Female,43,First-time,Business,Economy,940,23,27.0,1,1,2,1,4,2,1,5,1,1,3,1,1,4,Neutral or Dissatisfied
33457,Female,9,Returning,Personal,Economy,2409,0,50.0,4,1,3,3,4,3,3,3,3,1,2,1,3,4,Neutral or Dissatisfied
91144,Female,67,Returning,Personal,Economy,594,1,0.0,2,5,4,3,3,3,3,5,1,2,3,4,3,4,Neutral or Dissatisfied
105018,Female,23,First-time,Business,Economy,255,0,0.0,5,4,4,4,1,3,1,3,1,1,5,4,1,4,Neutral or Dissatisfied
62100,Male,20,First-time,Business,Business,2454,0,0.0,4,5,2,5,4,3,3,5,3,3,3,4,3,3,Neutral or Dissatisfied
9868,Female,40,Returning,Business,Economy Plus,717,0,17.0,2,2,3,2,2,1,1,3,1,1,4,1,1,3,Neutral or Dissatisfied
92626,Male,28,First-time,Business,Economy,453,0,43.0,3,5,1,5,3,3,3,5,1,1,3,4,1,3,Neutral or Dissatisfied
3905,Female,63,Returning,Personal,Economy,213,0,0.0,0,3,3,5,3,1,5,3,3,2,1,3,1,1,Neutral or Dissatisfied
119295,Female,61,First-time,Business,Business,214,93,130.0,2,2,3,2,3,3,5,2,5,5,5,2,5,5,Neutral or Dissatisfied
127431,Male,55,Returning,Personal,Economy,1009,0,0.0,4,3,4,3,4,4,1,2,1,1,4,3,1,4,Neutral or Dissatisfied
49319,Male,52,Returning,Business,Business,421,1,10.0,2,2,5,3,2,4,2,4,3,5,4,2,4,4,Satisfied
80915,Female,26,First-time,Business,Economy,352,0,0.0,2,1,3,1,3,3,5,4,2,2,3,2,2,3,Neutral or Dissatisfied
51459,Female,8,Returning,Personal,Economy Plus,77,0,0.0,4,1,4,1,3,5,4,5,3,3,5,1,3,4,Neutral or Dissatisfied
11843,Female,56,Returning,Personal,Economy Plus,986,0,0.0,5,2,5,4,3,2,5,2,4,4,2,2,2,2,Neutral or Dissatisfied
124020,Male,7,Returning,Personal,Economy,184,0,0.0,4,3,3,3,1,4,1,5,1,1,4,3,1,5,Neutral or Dissatisfied
10378,Female,50,Returning,Business,Business,3777,47,34.0,1,5,4,4,5,4,4,5,4,5,4,5,4,5,Satisfied
72965,Female,69,Returning,Business,Business,2410,0,0.0,4,4,1,3,4,3,4,3,4,1,3,3,3,3,Neutral or Dissatisfied
115580,Female,43,Returning,Business,Business,371,0,0.0,1,1,3,4,1,4,5,4,3,2,4,1,4,4,Satisfied
32458,Female,50,First-time,Business,Economy,101,6,3.0,4,3,3,3,4,1,1,1,1,1,3,3,1,3,Neutral or Dissatisfied
96236,Male,76,Returning,Business,Economy,460,0,0.0,1,4,4,1,4,3,1,2,1,1,3,1,1,4,Neutral or Dissatisfied
44833,Female,42,Returning,Personal,Economy,462,0,9.0,3,3,3,2,2,5,1,3,2,1,5,3,5,5,Neutral or Dissatisfied
44238,Female,61,Returning,Business,Business,3227,0,0.0,4,4,2,3,4,5,5,5,4,3,5,4,5,5,Satisfied
100835,Male,55,Returning,Business,Business,1970,0,0.0,4,2,4,4,4,3,5,3,5,2,3,4,3,3,Satisfied
66420,Female,59,Returning,Personal,Economy,1562,0,8.0,5,2,3,3,1,5,5,2,4,2,5,2,5,5,Neutral or Dissatisfied
45991,Female,27,Returning,Business,Business,2165,16,52.0,4,4,3,4,4,4,4,4,4,4,3,4,4,3,Neutral or Dissatisfied
92202,Female,46,Returning,Business,Business,1956,0,0.0,1,1,3,5,1,5,4,5,5,2,5,1,5,5,Satisfied
109603,Male,34,Returning,Business,Business,861,0,0.0,5,5,3,4,5,4,4,4,4,4,4,5,4,4,Satisfied
123217,Male,40,Returning,Personal,Economy,328,0,4.0,3,2,3,2,3,5,5,1,5,5,4,2,5,2,Neutral or Dissatisfied
1280,Female,42,Returning,Personal,Economy,113,28,22.0,2,3,3,3,4,3,4,3,1,4,3,3,3,3,Neutral or Dissatisfied
8808,Male,20,First-time,Business,Economy,552,0,32.0,3,3,2,3,4,1,1,1,1,1,3,3,1,3,Neutral or Dissatisfied
56023,Female,48,Returning,Business,Business,2475,2,0.0,3,3,5,5,3,5,5,5,5,5,4,3,5,5,Satisfied
12011,Male,59,Returning,Business,Business,2144,0,0.0,5,5,3,4,5,5,5,5,5,4,5,5,5,5,Satisfied
30454,Male,40,Returning,Business,Business,991,22,27.0,2,2,1,2,2,4,2,3,2,4,4,4,4,4,Neutral or Dissatisfied
110380,Female,69,Returning,Business,Business,842,8,0.0,2,2,1,4,2,2,4,2,2,4,2,2,2,2,Neutral or Dissatisfied
30219,Female,22,Returning,Personal,Economy Plus,183,0,0.0,4,0,5,0,2,3,4,4,4,4,4,3,4,5,Neutral or Dissatisfied
38038,Female,42,Returning,Business,Business,1185,0,0.0,3,3,1,3,3,4,5,4,4,3,4,3,4,4,Satisfied
13256,Male,53,Returning,Business,Economy,772,0,0.0,2,2,1,2,2,3,2,3,2,2,3,2,2,3,Neutral or Dissatisfied
62260,Male,42,Returning,Business,Business,2434,2,0.0,2,2,5,4,2,5,4,5,5,2,5,2,5,5,Satisfied
74026,Female,25,Returning,Business,Business,1471,0,0.0,5,5,4,4,5,5,4,2,4,4,5,5,4,5,Satisfied
118890,Male,46,Returning,Business,Business,3223,3,0.0,2,5,4,4,5,4,4,4,3,4,4,5,4,4,Satisfied
48448,Male,30,First-time,Business,Economy,948,95,93.0,3,3,2,3,3,4,5,1,5,5,4,3,5,1,Neutral or Dissatisfied
49381,Female,41,Returning,Business,Economy,156,8,6.0,5,5,4,3,5,1,3,3,3,3,4,3,3,3,Neutral or Dissatisfied
123296,Female,59,Returning,Business,Business,3414,63,58.0,1,1,3,5,1,5,5,4,4,5,5,1,5,5,Satisfied
30722,Male,30,Returning,Personal,Economy,1123,0,0.0,5,1,5,1,1,3,3,2,3,3,5,1,3,3,Neutral or Dissatisfied
128873,Female,55,Returning,Business,Business,2565,0,0.0,2,2,4,4,2,4,4,3,4,5,3,2,5,5,Satisfied
56380,Male,41,Returning,Business,Business,1624,0,0.0,5,5,5,4,5,5,5,5,3,3,5,5,5,5,Satisfied
10112,Female,42,Returning,Business,Business,984,26,22.0,4,1,3,4,4,4,5,4,4,2,4,4,4,4,Satisfied
76687,Female,36,Returning,Personal,Economy,516,0,0.0,4,5,4,5,3,4,3,2,3,3,5,5,3,2,Satisfied
66139,Male,48,Returning,Personal,Economy,583,49,51.0,4,4,3,4,2,5,3,1,3,3,4,4,3,5,Neutral or Dissatisfied
54887,Male,54,Returning,Personal,Economy,862,5,0.0,1,2,2,2,3,4,1,3,1,1,2,2,1,3,Neutral or Dissatisfied
128199,Female,40,Returning,Business,Business,2973,0,0.0,3,3,4,4,3,4,5,4,4,5,4,3,4,4,Satisfied
12481,Female,57,Returning,Personal,Economy,192,0,0.0,5,5,5,4,1,4,5,5,5,2,4,5,4,4,Satisfied
53567,Male,39,Returning,Business,Economy,1195,18,0.0,3,3,3,4,3,2,3,5,3,3,5,3,3,2,Satisfied
40798,Male,32,Returning,Business,Business,1737,42,,2,2,1,3,2,1,3,4,3,3,3,3,3,4,Neutral or Dissatisfied
74328,Female,58,Returning,Business,Business,1171,0,0.0,4,4,4,5,4,5,5,5,3,3,5,4,5,5,Satisfied
129449,Female,42,Returning,Personal,Economy,236,3,2.0,1,4,2,2,2,1,2,4,2,2,1,4,1,1,Satisfied
19081,Female,29,Returning,Business,Economy Plus,642,33,64.0,5,5,1,1,5,3,1,2,1,1,4,1,1,4,Neutral or Dissatisfied
40330,Female,37,First-time,Business,Economy Plus,347,0,0.0,2,2,3,2,2,2,4,2,4,4,3,2,4,2,Neutral or Dissatisfied
70452,Male,41,Returning,Business,Business,3753,7,4.0,5,5,5,5,5,5,4,4,3,4,5,5,5,5,Satisfied
91861,Male,40,First-time,Business,Business,1995,0,0.0,1,1,5,1,3,4,2,3,2,2,5,1,2,3,Neutral or Dissatisfied
62109,Female,56,Returning,Business,Business,2565,0,0.0,3,3,3,3,3,5,4,5,5,3,5,3,5,5,Satisfied
124478,Female,9,First-time,Business,Economy Plus,980,0,0.0,0,4,3,4,3,1,1,2,1,1,3,4,1,3,Neutral or Dissatisfied
3558,Female,39,First-time,Business,Business,227,0,0.0,2,2,4,2,2,5,3,3,3,3,4,2,3,5,Neutral or Dissatisfied
127561,Female,41,Returning,Business,Business,1670,0,14.0,2,2,4,3,2,4,4,4,4,2,4,2,4,4,Satisfied
22969,Male,25,Returning,Business,Economy,641,203,206.0,3,3,1,1,3,1,1,2,1,1,4,1,2,3,Neutral or Dissatisfied
100625,Male,43,Returning,Business,Business,1555,23,23.0,3,3,2,4,3,2,3,2,1,2,2,2,2,2,Neutral or Dissatisfied
72098,Female,19,Returning,Personal,Economy,2486,19,0.0,4,0,1,0,3,3,2,3,2,2,4,0,2,4,Satisfied
62039,Male,25,First-time,Business,Economy,2586,0,0.0,3,3,3,3,4,2,4,1,4,4,4,3,4,3,Neutral or Dissatisfied
88447,Female,25,First-time,Business,Economy,271,0,0.0,2,3,2,3,3,4,5,3,5,5,4,2,5,3,Neutral or Dissatisfied
50140,Male,27,First-time,Business,Economy,77,33,33.0,3,1,4,1,4,3,2,1,2,2,3,1,2,4,Neutral or Dissatisfied
43315,Male,40,Returning,Business,Business,436,0,0.0,1,2,4,4,2,2,4,2,3,1,2,2,2,2,Neutral or Dissatisfied
121436,Male,41,Returning,Business,Business,1631,0,5.0,1,1,4,4,1,4,5,4,3,5,4,1,4,4,Satisfied
107300,Male,40,Returning,Personal,Economy,283,5,0.0,5,2,4,2,3,4,1,5,1,1,5,1,1,5,Neutral or Dissatisfied
23424,Female,51,Returning,Business,Economy,1154,66,67.0,1,1,1,1,1,5,3,5,2,1,5,5,5,5,Satisfied
40452,Female,38,Returning,Business,Economy,150,0,0.0,3,3,2,4,3,3,4,4,4,4,2,4,4,2,Satisfied
82248,Female,66,Returning,Personal,Economy Plus,405,210,211.0,5,3,2,2,2,4,2,4,2,3,5,3,3,5,Neutral or Dissatisfied
122051,Female,38,First-time,Business,Economy,130,43,51.0,2,1,1,1,4,4,2,5,2,2,4,1,2,4,Neutral or Dissatisfied
46245,Male,57,Returning,Business,Business,3162,0,0.0,3,3,3,3,3,1,3,1,3,1,1,1,1,1,Neutral or Dissatisfied
34151,Male,45,Returning,Business,Economy,1189,0,0.0,1,4,1,4,4,3,4,2,4,4,5,4,4,3,Satisfied
86022,Male,51,Returning,Business,Economy,447,2,0.0,2,2,4,5,2,2,5,4,5,5,3,5,5,5,Satisfied
908,Female,37,First-time,Business,Business,270,0,0.0,2,2,3,2,4,3,5,1,5,5,4,2,5,4,Neutral or Dissatisfied
19232,Male,20,First-time,Business,Business,782,100,92.0,0,5,5,5,2,3,2,3,2,2,5,5,2,5,Satisfied
44223,Male,45,Returning,Business,Business,3586,0,0.0,1,1,3,3,1,4,3,4,4,4,4,1,4,5,Satisfied
37496,Female,41,Returning,Business,Economy,1028,0,0.0,3,3,4,1,3,3,1,2,1,1,2,1,1,2,Neutral or Dissatisfied
22306,Female,24,Returning,Business,Business,3369,0,0.0,2,2,2,4,2,3,3,5,4,4,5,2,4,2,Satisfied
98896,Male,42,Returning,Business,Business,1811,0,0.0,2,2,3,4,2,5,5,4,3,4,5,2,5,5,Satisfied
25949,Male,24,Returning,Business,Business,946,38,26.0,3,3,5,4,3,5,4,3,4,4,5,3,4,5,Satisfied
1038,Female,34,Returning,Business,Business,3301,0,0.0,1,1,2,5,1,4,2,4,4,3,4,1,4,4,Satisfied
7254,Female,45,Returning,Personal,Economy,135,0,1.0,5,2,4,5,1,2,5,2,4,2,2,2,2,2,Neutral or Dissatisfied
121388,Female,30,Returning,Business,Business,2279,1,0.0,3,3,5,5,3,4,5,3,5,5,4,3,5,5,Satisfied
44175,Male,36,First-time,Business,Economy,157,0,0.0,3,1,4,1,5,5,2,5,2,2,1,1,2,1,Neutral or Dissatisfied
12367,Male,32,Returning,Business,Economy,201,15,9.0,2,2,4,1,2,1,1,4,1,1,4,1,1,3,Neutral or Dissatisfied
104854,Female,53,Returning,Business,Business,2170,18,7.0,0,0,5,4,1,4,5,4,5,3,4,0,4,4,Satisfied
24311,Male,19,Returning,Personal,Economy Plus,302,0,0.0,5,3,5,3,2,3,5,3,4,4,4,3,4,5,Neutral or Dissatisfied
14028,Female,41,Returning,Business,Business,3106,129,107.0,2,4,5,1,4,4,5,4,4,5,4,4,4,4,Satisfied
111726,Male,66,Returning,Business,Economy Plus,495,46,38.0,4,2,4,1,4,4,1,5,1,1,4,1,1,3,Neutral or Dissatisfied
18563,Male,33,Returning,Business,Business,1802,0,0.0,2,2,3,4,2,3,3,2,4,4,4,2,4,5,Satisfied
41009,Male,34,Returning,Business,Economy Plus,1362,0,0.0,4,4,3,2,4,1,3,3,3,3,3,3,3,4,Neutral or Dissatisfied
50763,Female,40,Returning,Personal,Economy,421,0,7.0,1,2,2,2,4,2,3,2,3,3,3,2,3,3,Neutral or Dissatisfied
25549,Female,32,Returning,Business,Economy Plus,481,5,0.0,5,5,4,4,5,3,5,4,5,5,1,5,5,2,Satisfied
13867,Female,45,First-time,Business,Economy,760,0,0.0,1,1,4,1,1,2,4,5,3,3,4,1,3,1,Neutral or Dissatisfied
56846,Female,41,Returning,Business,Business,2425,15,0.0,1,1,4,4,1,5,4,3,4,4,3,1,3,5,Satisfied
36595,Female,33,Returning,Business,Economy,1237,0,1.0,1,1,2,2,1,3,2,2,2,2,3,2,2,3,Neutral or Dissatisfied
126445,Male,44,Returning,Business,Business,1972,122,219.0,4,1,4,4,4,3,4,4,4,4,3,4,5,5,Satisfied
109201,Female,28,Returning,Business,Economy,612,17,11.0,3,4,2,3,3,1,3,5,3,3,4,3,3,4,Neutral or Dissatisfied
128840,Female,39,Returning,Personal,Economy,2475,14,0.0,3,3,1,1,4,2,1,4,1,3,5,3,2,2,Neutral or Dissatisfied
74032,Male,65,Returning,Personal,Economy,1471,0,0.0,4,2,5,2,4,3,5,5,5,5,5,2,5,5,Neutral or Dissatisfied
112398,Male,55,Returning,Business,Business,2730,22,15.0,5,1,5,5,5,5,4,4,4,4,5,5,5,5,Satisfied
92158,Male,38,Returning,Personal,Economy Plus,1535,11,24.0,4,3,3,3,1,4,1,3,1,1,4,3,1,3,Neutral or Dissatisfied
68664,Female,63,Returning,Business,Business,2157,0,0.0,4,4,5,5,4,5,4,5,4,3,5,4,5,5,Satisfied
17126,Female,40,Returning,Business,Business,1817,68,68.0,1,2,2,5,1,4,5,4,5,4,4,1,4,4,Satisfied
21065,Male,47,Returning,Business,Economy,227,140,122.0,1,5,4,4,1,3,4,3,4,4,4,4,2,3,Neutral or Dissatisfied
37975,Female,35,Returning,Business,Business,1121,0,0.0,2,2,3,5,2,4,4,4,5,3,4,2,4,4,Satisfied
60468,Male,33,Returning,Business,Business,862,3,0.0,3,3,3,2,3,3,2,4,2,2,5,3,2,4,Satisfied
11446,Male,27,Returning,Business,Economy Plus,316,0,5.0,5,5,3,3,5,1,3,5,3,3,3,3,3,4,Neutral or Dissatisfied
105622,Male,23,Returning,Business,Business,1941,4,5.0,2,2,4,2,2,3,2,3,2,2,4,2,2,4,Satisfied
17245,Female,28,First-time,Business,Economy,872,0,0.0,2,2,2,2,1,3,3,3,2,2,2,1,2,2,Neutral or Dissatisfied
47215,Male,59,Returning,Personal,Economy,908,39,34.0,3,2,2,2,1,4,4,2,4,4,2,2,4,2,Neutral or Dissatisfied
41771,Male,18,Returning,Personal,Economy,872,0,4.0,5,1,3,1,4,3,3,2,3,3,4,1,3,4,Neutral or Dissatisfied
64,Male,56,Returning,Business,Business,173,0,3.0,1,1,5,5,1,3,4,4,5,5,3,1,3,5,Satisfied
1168,Male,31,Returning,Personal,Economy,134,0,1.0,3,3,4,3,2,4,3,1,2,2,3,3,2,3,Neutral or Dissatisfied
62428,Female,37,Returning,Business,Economy,170,0,0.0,1,1,2,5,1,3,5,5,5,5,5,5,5,2,Satisfied
19477,Male,21,First-time,Business,Economy,177,0,1.0,5,4,2,4,5,4,3,5,4,4,1,4,4,4,Satisfied
128707,Female,54,Returning,Business,Business,1235,0,0.0,4,4,5,4,4,4,4,5,4,3,4,4,4,4,Satisfied
35692,Male,27,First-time,Business,Economy,1210,31,16.0,2,2,2,5,3,3,2,3,2,2,2,2,2,3,Neutral or Dissatisfied
61136,Male,43,Returning,Business,Business,2850,0,0.0,5,5,4,4,5,5,4,5,4,2,5,5,5,5,Satisfied
54644,Male,31,Returning,Business,Business,3366,0,0.0,1,1,4,5,1,2,5,4,5,5,5,1,5,1,Satisfied
13066,Male,27,Returning,Business,Business,936,56,40.0,5,5,2,3,5,3,3,4,3,3,3,3,3,3,Neutral or Dissatisfied
51818,Female,29,Returning,Business,Economy Plus,261,0,0.0,5,5,5,4,5,2,4,4,4,4,2,4,4,3,Satisfied
80575,Male,54,Returning,Business,Business,1747,0,0.0,5,5,1,4,5,3,3,3,1,2,3,3,3,3,Neutral or Dissatisfied
98022,Female,8,First-time,Business,Economy,1014,57,43.0,3,3,3,3,4,3,5,2,5,5,3,3,5,4,Neutral or Dissatisfied
6518,Male,27,Returning,Business,Business,599,0,0.0,5,5,3,2,5,2,3,2,3,3,4,3,3,4,Neutral or Dissatisfied
2332,Female,62,Returning,Personal,Economy,630,27,21.0,5,3,1,3,5,1,1,3,2,2,1,3,1,2,Neutral or Dissatisfied
34806,Male,50,Returning,Personal,Economy,301,0,18.0,4,1,5,1,1,3,3,3,3,3,4,1,3,4,Neutral or Dissatisfied
81167,Female,37,Returning,Business,Business,196,0,0.0,5,5,1,5,5,4,3,5,2,5,4,5,4,4,Satisfied
46754,Female,17,First-time,Business,Economy,125,0,0.0,0,4,2,4,1,1,4,4,4,4,2,4,4,4,Neutral or Dissatisfied
27865,Male,27,Returning,Business,Economy Plus,1448,5,0.0,0,0,4,4,4,1,1,2,1,1,1,0,1,4,Satisfied
217,Male,48,Returning,Personal,Economy,290,0,0.0,5,2,4,2,1,4,5,3,5,5,4,2,5,4,Neutral or Dissatisfied
82289,Female,43,Returning,Business,Business,1481,3,9.0,5,2,4,5,5,5,4,5,3,4,5,5,5,5,Satisfied
71579,Male,23,First-time,Business,Economy,1012,0,0.0,5,5,3,5,4,5,4,3,4,4,5,5,4,5,Satisfied
116950,Female,56,Returning,Business,Economy,621,0,0.0,4,4,4,3,4,2,3,2,1,4,2,2,2,2,Neutral or Dissatisfied
51022,Female,30,Returning,Personal,Economy,337,21,10.0,4,2,5,2,3,4,1,2,1,1,4,2,1,5,Neutral or Dissatisfied
34651,Male,42,Returning,Personal,Economy,427,0,0.0,0,2,3,2,2,4,3,4,3,3,5,2,3,4,Neutral or Dissatisfied
50877,Male,48,Returning,Personal,Economy,308,0,0.0,3,3,1,3,3,1,4,3,1,1,4,3,1,4,Neutral or Dissatisfied
38372,Male,10,Returning,Personal,Economy,1111,0,0.0,4,2,3,2,3,3,2,4,2,2,5,2,2,4,Neutral or Dissatisfied
54811,Male,33,Returning,Business,Business,862,15,4.0,2,5,2,4,2,5,4,2,4,4,5,2,4,3,Satisfied
101932,Female,54,Returning,Personal,Business,804,48,54.0,4,1,3,3,3,2,4,1,3,1,2,1,2,2,Neutral or Dissatisfied
53583,Female,24,First-time,Business,Economy,391,2,0.0,3,2,4,2,2,4,3,3,3,3,5,2,3,5,Neutral or Dissatisfied
56219,Male,63,Returning,Business,Business,1585,11,11.0,1,5,5,4,1,4,5,5,4,2,4,1,4,4,Satisfied
89418,Female,38,First-time,Business,Economy,151,0,0.0,1,2,3,2,4,3,2,3,2,2,3,2,2,4,Neutral or Dissatisfied
44106,Female,36,Returning,Personal,Economy,473,0,0.0,2,1,2,1,3,3,5,2,5,5,3,1,5,4,Neutral or Dissatisfied
75279,Female,7,Returning,Personal,Economy,1723,67,44.0,5,2,4,2,4,5,1,5,1,1,5,2,1,5,Neutral or Dissatisfied
100568,Male,50,Returning,Business,Business,486,0,0.0,5,5,3,4,5,5,4,5,4,4,5,5,5,5,Satisfied
76162,Female,59,Returning,Personal,Economy,689,9,9.0,5,2,3,4,1,2,4,2,3,3,2,2,2,4,Neutral or Dissatisfied
86993,Male,63,Returning,Personal,Economy,907,8,2.0,3,1,4,1,2,2,3,5,3,3,3,1,3,2,Neutral or Dissatisfied
19388,Female,65,Returning,Personal,Economy,844,10,26.0,4,3,3,4,1,4,4,3,5,4,4,3,4,4,Neutral or Dissatisfied
34464,Female,37,First-time,Business,Business,266,112,109.0,3,3,1,3,3,2,4,2,4,4,3,3,4,4,Neutral or Dissatisfied
100827,Male,29,First-time,Business,Business,711,0,0.0,4,4,3,4,3,3,2,3,5,5,5,4,5,5,Neutral or Dissatisfied
25356,Female,37,First-time,Business,Economy,591,0,0.0,0,1,2,1,2,4,3,1,4,4,1,1,4,5,Neutral or Dissatisfied
104217,Female,45,Returning,Business,Economy,680,46,47.0,2,5,2,3,5,2,4,2,2,1,2,2,2,2,Neutral or Dissatisfied
44645,Male,48,Returning,Business,Business,2590,0,0.0,1,4,1,5,1,3,1,4,4,2,3,1,3,5,Satisfied
60569,Female,45,First-time,Business,Business,1290,0,0.0,2,2,4,1,3,4,1,5,1,1,4,1,1,4,Neutral or Dissatisfied
118954,Female,70,Returning,Business,Business,282,80,72.0,5,4,4,4,5,4,3,4,4,3,4,4,4,4,Neutral or Dissatisfied
118432,Female,25,Returning,Business,Business,621,0,2.0,4,4,5,4,4,5,4,5,4,4,4,4,4,5,Satisfied
62197,Male,38,Returning,Personal,Economy,2454,0,0.0,1,4,4,4,4,1,4,1,4,4,4,4,4,4,Satisfied
117907,Male,54,Returning,Business,Business,3801,7,7.0,0,0,4,5,2,1,4,1,5,3,1,0,1,1,Satisfied
60153,Female,28,Returning,Personal,Economy,1005,23,3.0,3,2,2,2,4,3,4,5,3,3,2,2,3,3,Neutral or Dissatisfied
110906,Male,46,Returning,Business,Economy,406,0,0.0,3,3,1,2,3,2,2,3,2,2,2,2,2,3,Neutral or Dissatisfied
118074,Female,51,Returning,Business,Business,1276,46,37.0,5,5,5,5,5,4,4,5,4,3,4,5,4,4,Satisfied
105525,Male,31,Returning,Business,Business,611,8,14.0,2,2,5,4,2,3,4,4,4,4,4,2,4,5,Satisfied
98971,Male,75,Returning,Business,Business,3509,2,1.0,1,1,5,1,1,5,1,5,4,2,5,1,5,5,Satisfied
26297,Male,33,Returning,Business,Business,1199,0,0.0,2,2,3,5,2,5,5,3,5,5,4,2,5,3,Satisfied
39723,Female,44,Returning,Business,Business,320,0,2.0,4,4,4,1,4,5,2,5,4,5,5,4,5,5,Satisfied
33429,Female,12,Returning,Business,Business,2399,0,0.0,5,5,2,3,5,3,4,5,4,4,4,4,4,4,Neutral or Dissatisfied
97049,Female,48,Returning,Business,Business,1211,18,6.0,2,2,3,4,2,4,5,4,3,5,4,2,4,4,Satisfied
103318,Female,53,Returning,Business,Economy,1139,49,54.0,4,4,2,2,4,3,2,3,4,4,3,3,3,3,Neutral or Dissatisfied
82458,Male,37,First-time,Business,Economy,102,0,0.0,3,1,4,1,4,2,4,1,4,4,2,1,4,2,Neutral or Dissatisfied
62805,Male,40,Returning,Personal,Economy,2399,0,0.0,4,1,4,1,3,3,1,5,1,1,4,1,1,5,Neutral or Dissatisfied
51533,Male,44,Returning,Business,Business,3221,0,0.0,4,4,3,4,4,2,1,2,5,3,2,4,2,2,Satisfied
103842,Male,41,Returning,Business,Business,882,0,0.0,1,1,3,4,1,5,4,5,3,2,5,1,5,5,Satisfied
88431,Male,47,First-time,Business,Economy,404,0,9.0,0,2,2,2,3,4,1,3,1,1,4,2,1,3,Neutral or Dissatisfied
22474,Male,61,Returning,Personal,Economy,145,0,0.0,5,4,3,4,4,3,5,3,5,5,4,4,5,4,Neutral or Dissatisfied
121485,Female,64,Returning,Personal,Economy,331,0,0.0,5,5,3,5,3,2,5,5,3,5,2,2,2,2,Neutral or Dissatisfied
121447,Male,31,Returning,Business,Economy,290,0,0.0,3,3,4,2,3,4,2,4,2,2,2,2,2,3,Neutral or Dissatisfied
41100,Female,25,Returning,Business,Business,2346,4,12.0,0,0,5,5,3,5,5,3,5,5,5,0,5,3,Satisfied
87173,Female,54,Returning,Business,Business,946,97,70.0,3,3,3,5,3,4,5,4,5,4,4,3,4,4,Satisfied
86273,Female,34,Returning,Personal,Economy,356,14,34.0,4,2,3,2,4,3,1,4,1,1,4,2,1,4,Neutral or Dissatisfied
45606,Male,24,First-time,Business,Economy,113,30,37.0,0,4,5,4,1,4,5,4,5,5,1,5,5,4,Satisfied
124368,Male,50,Returning,Business,Economy,575,0,0.0,2,2,1,2,2,4,3,4,3,3,2,2,3,3,Neutral or Dissatisfied
8965,Male,59,Returning,Business,Business,2950,33,44.0,1,1,3,5,1,4,5,4,4,5,4,1,4,4,Satisfied
30638,Male,20,Returning,Business,Business,3509,45,51.0,2,2,4,5,2,4,5,3,5,5,2,2,5,3,Satisfied
65539,Female,55,Returning,Business,Business,175,87,72.0,2,5,3,4,2,5,5,5,4,4,5,2,5,4,Satisfied
129741,Male,36,First-time,Business,Business,337,0,0.0,3,3,3,3,2,5,5,2,5,5,5,3,5,5,Neutral or Dissatisfied
51204,Female,58,Returning,Business,Economy Plus,193,0,0.0,2,2,5,3,2,3,3,3,5,5,3,3,3,3,Satisfied
29612,Female,41,Returning,Business,Economy,1448,0,0.0,2,2,1,3,2,2,3,3,3,3,3,3,3,4,Neutral or Dissatisfied
33571,Female,45,Returning,Business,Business,1562,5,27.0,4,4,3,3,4,4,4,4,3,5,4,4,4,4,Satisfied
27493,Male,56,First-time,Business,Economy,554,0,5.0,5,3,5,3,3,5,5,2,5,5,3,3,5,1,Neutral or Dissatisfied
65150,Female,52,Returning,Personal,Economy,247,0,0.0,4,0,3,4,2,5,4,0,3,5,5,4,5,5,Satisfied
94854,Female,38,Returning,Business,Business,2304,39,36.0,2,2,2,2,2,4,2,3,1,5,4,4,4,4,Neutral or Dissatisfied
111143,Male,55,Returning,Business,Business,1577,72,52.0,4,5,3,5,4,5,1,5,5,3,5,4,5,5,Satisfied
36267,Male,37,Returning,Business,Business,2448,75,63.0,4,4,2,1,4,3,2,3,2,4,3,1,3,1,Neutral or Dissatisfied
94450,Female,56,Returning,Business,Business,2745,24,19.0,5,0,4,5,4,5,4,5,5,5,5,0,5,5,Satisfied
43303,Female,38,Returning,Business,Economy,358,0,0.0,3,3,4,5,3,3,5,3,5,5,1,5,5,4,Satisfied
68948,Male,34,Returning,Personal,Economy,646,0,0.0,3,3,2,3,3,1,2,2,2,2,3,3,2,3,Neutral or Dissatisfied
87466,Male,54,Returning,Business,Business,2607,5,8.0,5,5,3,5,5,5,5,5,3,2,5,5,5,5,Satisfied
15266,Male,10,Returning,Personal,Economy,930,0,0.0,4,1,4,1,2,3,3,2,3,3,4,1,3,5,Neutral or Dissatisfied
38434,Female,25,First-time,Business,Economy,2277,0,0.0,3,3,3,3,3,3,2,4,2,2,4,3,2,4,Neutral or Dissatisfied
21909,Male,55,Returning,Business,Business,2442,14,7.0,5,2,4,4,5,4,3,4,4,1,4,5,4,4,Satisfied
11363,Male,57,Returning,Personal,Economy,201,70,67.0,5,3,3,3,3,1,3,5,1,1,3,3,1,5,Neutral or Dissatisfied
109719,Female,43,Returning,Business,Economy,587,0,0.0,3,3,3,4,3,3,3,3,1,5,3,3,3,3,Neutral or Dissatisfied
40477,Female,21,Returning,Business,Business,222,0,,5,5,4,1,5,1,2,1,1,1,1,2,1,2,Neutral or Dissatisfied
18520,Female,30,Returning,Business,Business,3029,0,0.0,5,3,5,4,5,1,4,2,4,4,1,5,4,5,Satisfied
47386,Male,72,First-time,Business,Economy,501,0,0.0,3,2,3,2,3,4,5,2,5,5,5,2,5,4,Neutral or Dissatisfied
46345,Female,33,Returning,Personal,Economy,589,28,29.0,2,4,1,4,3,4,3,5,3,3,2,3,3,3,Neutral or Dissatisfied
120697,Female,62,Returning,Personal,Economy,280,0,0.0,5,1,4,5,2,4,4,1,4,3,4,1,4,4,Neutral or Dissatisfied
89867,Female,32,Returning,Business,Business,1310,0,0.0,1,1,4,3,1,4,3,2,3,3,5,1,3,5,Satisfied
21103,Female,42,Returning,Business,Economy,106,0,0.0,5,5,4,3,5,4,1,4,3,3,4,4,4,4,Satisfied
48657,Female,40,Returning,Business,Business,326,0,0.0,0,0,5,4,5,5,5,5,5,4,5,0,5,5,Satisfied
83507,Female,67,Returning,Personal,Economy,946,0,0.0,2,2,3,4,3,3,3,2,1,2,3,2,3,3,Neutral or Dissatisfied
76208,Female,31,Returning,Business,Business,2422,0,0.0,4,1,3,4,4,4,4,5,4,4,4,4,4,5,Satisfied
20092,Male,59,Returning,Business,Business,3548,0,0.0,3,3,4,3,3,5,3,5,5,2,5,3,5,5,Satisfied
125654,Female,46,Returning,Business,Business,2230,0,13.0,2,2,5,4,2,2,4,2,4,4,2,2,2,2,Satisfied
100058,Female,26,Returning,Personal,Economy,289,0,0.0,4,5,4,5,1,3,4,5,4,4,4,5,4,4,Satisfied
51745,Female,23,Returning,Personal,Economy,261,0,0.0,4,2,4,2,4,1,5,1,5,5,1,2,5,3,Neutral or Dissatisfied
111707,Female,54,Returning,Business,Economy,495,56,44.0,1,1,3,3,1,1,4,1,4,5,1,1,1,1,Neutral or Dissatisfied
24712,Male,43,Returning,Business,Economy,549,0,0.0,1,1,3,5,1,2,5,3,5,5,1,5,5,1,Satisfied
30428,Male,26,Returning,Business,Economy Plus,872,0,2.0,2,2,1,5,2,1,5,5,5,5,1,5,5,2,Satisfied
73131,Female,51,Returning,Business,Business,1068,19,37.0,5,5,5,5,5,3,5,3,3,5,3,5,3,3,Satisfied
73917,Female,37,First-time,Business,Business,904,0,0.0,2,2,4,2,1,4,4,3,4,4,5,2,4,4,Satisfied
112437,Female,29,First-time,Business,Economy,853,5,21.0,1,1,3,1,4,4,3,2,3,3,3,1,3,4,Neutral or Dissatisfied
60374,Male,42,Returning,Business,Business,1452,42,68.0,5,5,3,5,5,5,5,5,4,3,5,5,5,5,Satisfied
25876,Female,51,Returning,Business,Business,2059,0,9.0,4,4,5,3,4,3,5,4,5,3,3,4,3,3,Satisfied
123993,Male,44,Returning,Business,Economy,184,0,0.0,1,1,4,2,1,4,2,2,2,2,4,2,2,3,Neutral or Dissatisfied
38754,Male,36,Returning,Business,Economy,354,0,0.0,4,4,2,4,4,2,4,1,4,4,5,4,4,1,Satisfied
51772,Female,31,Returning,Personal,Economy,261,87,75.0,4,3,2,3,4,1,3,5,3,3,4,3,3,4,Neutral or Dissatisfied
44807,Female,69,Returning,Business,Business,2638,0,0.0,1,1,4,1,1,2,2,3,4,1,2,2,2,2,Neutral or Dissatisfied
111595,Male,24,Returning,Business,Business,3835,38,45.0,1,1,5,4,1,3,4,4,4,4,4,1,4,5,Satisfied
52907,Male,25,First-time,Business,Economy,679,29,6.0,4,4,5,4,4,4,2,2,2,2,3,3,2,4,Neutral or Dissatisfied
24854,Male,35,Returning,Personal,Economy Plus,861,6,0.0,4,3,5,3,1,5,4,3,5,5,5,3,5,4,Neutral or Dissatisfied
17326,Female,11,Returning,Personal,Economy,403,46,47.0,1,1,2,1,2,2,1,4,1,1,3,1,1,2,Neutral or Dissatisfied
84811,Female,27,First-time,Business,Business,516,96,78.0,4,4,4,4,1,3,3,3,3,3,4,4,3,4,Satisfied
108115,Male,46,Returning,Business,Business,2139,0,0.0,2,2,5,4,2,4,4,4,4,3,4,2,4,4,Satisfied
68683,Male,54,Returning,Business,Business,3974,0,0.0,1,1,3,2,1,4,1,4,2,2,4,1,4,5,Satisfied
72831,Male,45,Returning,Business,Business,2822,0,0.0,3,3,4,5,3,5,5,5,5,5,5,3,5,5,Satisfied
93953,Male,36,Returning,Personal,Economy,507,1,0.0,2,3,1,3,4,1,1,2,1,1,3,3,1,3,Neutral or Dissatisfied
4939,Female,58,Returning,Personal,Economy,268,13,34.0,2,3,3,3,3,2,4,3,3,5,2,3,2,2,Neutral or Dissatisfied
27085,Female,17,First-time,Business,Economy,876,2,0.0,2,2,4,2,4,3,2,1,2,2,4,2,2,3,Neutral or Dissatisfied
12085,Female,68,Returning,Personal,Economy Plus,376,0,0.0,4,3,5,5,5,4,5,3,3,3,4,3,4,4,Neutral or Dissatisfied
12893,Male,44,Returning,Business,Business,2247,0,0.0,1,4,3,1,4,4,3,5,5,4,4,4,4,4,Satisfied
71690,Female,47,Returning,Personal,Economy,1005,14,6.0,2,3,3,4,3,5,4,3,3,5,5,3,5,3,Neutral or Dissatisfied
792,Female,41,Returning,Business,Business,158,0,0.0,1,3,3,4,1,4,5,4,4,4,4,1,4,4,Satisfied
70831,Female,67,Returning,Personal,Business,761,4,0.0,5,1,3,4,5,4,4,1,5,3,4,1,4,4,Neutral or Dissatisfied
58726,Male,38,Returning,Business,Business,1182,0,0.0,2,2,5,4,2,5,5,5,3,4,5,2,5,5,Satisfied
61067,Female,31,Returning,Business,Business,1546,9,2.0,2,2,5,3,2,5,3,5,3,3,4,2,3,4,Satisfied
58903,Male,48,Returning,Business,Business,1739,5,5.0,3,3,4,4,3,4,1,4,5,4,4,3,4,4,Satisfied
33800,Male,27,Returning,Business,Business,1521,8,44.0,1,1,5,4,1,5,4,4,4,4,1,1,4,3,Satisfied
105115,Male,39,Returning,Business,Business,3598,0,0.0,3,4,4,4,3,4,5,4,3,5,4,3,4,4,Satisfied
58420,Female,25,Returning,Business,Economy,733,61,53.0,5,3,2,2,3,1,1,5,2,2,3,2,2,3,Neutral or Dissatisfied
34390,Male,52,First-time,Business,Economy,612,111,108.0,5,3,4,3,3,2,2,5,2,2,1,3,2,4,Neutral or Dissatisfied
99033,Female,39,Returning,Business,Business,1009,0,0.0,1,1,2,3,1,1,3,1,2,3,1,1,1,1,Neutral or Dissatisfied
108183,Male,21,Returning,Personal,Economy,990,12,22.0,1,1,1,1,4,3,5,5,5,5,4,1,5,3,Neutral or Dissatisfied
88388,Male,37,Returning,Business,Business,2590,27,24.0,2,5,2,3,5,3,3,3,2,3,3,3,3,3,Neutral or Dissatisfied
89942,Female,65,Returning,Personal,Economy,1487,150,138.0,3,3,2,2,2,2,2,3,2,3,5,3,3,1,Neutral or Dissatisfied
55956,Female,53,Returning,Business,Business,1620,0,0.0,2,2,4,3,2,5,4,5,4,5,5,2,5,5,Satisfied
82934,Female,56,Returning,Business,Business,3662,0,0.0,2,2,5,4,2,4,4,4,5,2,4,2,4,4,Satisfied
63160,Female,44,Returning,Business,Business,1860,0,9.0,1,1,4,5,1,4,4,4,4,3,4,1,4,4,Satisfied
2986,Male,72,Returning,Business,Business,922,4,0.0,3,4,3,4,3,5,4,4,4,2,5,3,5,5,Satisfied
66662,Male,16,First-time,Business,Economy,978,0,0.0,3,3,3,3,4,3,4,5,4,4,4,3,4,4,Neutral or Dissatisfied
63930,Female,24,Returning,Personal,Economy,1158,0,0.0,3,1,4,1,3,1,2,3,2,2,4,1,2,3,Neutral or Dissatisfied
128158,Female,35,First-time,Business,Economy,1788,0,0.0,1,1,3,2,3,3,5,4,5,5,4,2,5,4,Neutral or Dissatisfied
108848,Female,50,Returning,Business,Business,1947,0,4.0,3,3,4,4,3,4,5,4,4,5,4,3,4,4,Satisfied
97215,Female,31,First-time,Business,Economy Plus,1497,11,11.0,2,2,3,2,3,2,1,4,1,1,3,3,1,4,Neutral or Dissatisfied
111531,Female,37,Returning,Business,Business,2797,21,24.0,4,4,3,5,4,4,4,4,5,4,4,4,4,4,Satisfied
18709,Female,55,Returning,Business,Economy Plus,383,0,0.0,1,1,4,4,1,1,3,1,3,5,1,1,1,1,Neutral or Dissatisfied
35893,Female,33,Returning,Personal,Economy,1065,0,0.0,5,2,4,2,2,5,1,5,1,1,5,2,1,4,Neutral or Dissatisfied
4332,Female,40,Returning,Business,Business,3851,212,168.0,3,3,2,2,3,4,2,3,2,2,3,2,2,3,Neutral or Dissatisfied
55623,Female,45,Returning,Business,Business,1824,0,0.0,2,3,4,3,2,5,4,5,3,4,5,2,5,5,Satisfied
70721,Male,49,Returning,Business,Business,675,0,0.0,2,2,3,4,2,4,5,4,4,5,4,2,4,4,Satisfied
48569,Male,23,Returning,Personal,Economy,737,1,0.0,4,3,4,3,3,4,3,5,3,3,4,3,3,2,Neutral or Dissatisfied
97774,Male,53,Returning,Business,Business,3398,4,6.0,2,2,5,5,2,4,4,5,5,2,4,2,4,4,Satisfied
47526,Male,68,Returning,Personal,Economy,532,0,0.0,5,2,5,2,1,4,1,3,1,1,5,3,1,5,Neutral or Dissatisfied
35709,Female,35,Returning,Personal,Economy,2465,0,9.0,5,2,4,4,4,3,4,3,4,2,4,1,4,5,Neutral or Dissatisfied
122309,Male,54,Returning,Personal,Economy,541,0,33.0,5,4,3,4,5,3,1,4,1,1,4,4,1,5,Neutral or Dissatisfied
43458,Female,55,Returning,Business,Economy,594,0,0.0,1,2,5,4,1,2,3,2,2,3,2,2,2,2,Satisfied
103625,Female,42,Returning,Business,Business,405,6,0.0,1,1,5,5,1,4,4,4,3,3,4,1,4,4,Satisfied
53675,Female,25,Returning,Business,Business,3966,12,3.0,3,3,1,2,3,4,2,5,2,2,5,3,2,4,Satisfied
112347,Female,40,Returning,Business,Business,853,31,17.0,1,1,3,5,1,5,4,5,3,2,5,1,5,5,Satisfied
34365,Male,51,Returning,Personal,Economy,541,36,92.0,3,3,3,3,4,1,5,3,5,5,4,1,5,3,Neutral or Dissatisfied
6541,Female,20,First-time,Business,Business,207,0,4.0,4,1,1,1,3,1,3,5,3,3,4,1,3,3,Neutral or Dissatisfied
14071,Female,55,Returning,Business,Economy,371,14,5.0,1,1,5,1,1,5,5,5,5,2,5,5,5,5,Satisfied
55037,Female,25,Returning,Business,Business,1379,0,0.0,3,3,3,4,3,4,4,5,4,4,4,3,4,5,Satisfied
119923,Female,43,Returning,Business,Business,868,0,1.0,1,1,5,5,1,3,5,4,3,5,3,1,3,3,Satisfied
49029,Female,25,First-time,Business,Economy,373,0,1.0,4,4,3,4,5,1,4,4,4,4,4,4,4,2,Neutral or Dissatisfied
61104,Male,32,Returning,Personal,Economy,1607,4,6.0,5,4,4,4,3,3,4,4,4,4,4,3,4,4,Neutral or Dissatisfied
40097,Female,40,Returning,Business,Business,3193,3,0.0,3,3,4,3,3,5,1,5,1,1,5,3,5,5,Satisfied
99459,Female,44,Returning,Business,Business,283,11,18.0,5,5,4,5,5,4,4,4,5,4,4,5,4,4,Satisfied
63265,Male,48,Returning,Business,Business,337,2,2.0,2,2,3,5,2,4,4,4,5,3,4,2,4,4,Satisfied
44642,Male,40,First-time,Business,Economy,67,0,0.0,0,0,3,0,2,3,5,4,5,5,1,0,5,1,Satisfied
62593,Male,23,Returning,Business,Economy,346,0,0.0,4,0,4,0,3,2,5,1,5,5,5,0,5,5,Satisfied
104035,Male,45,Returning,Business,Business,3597,39,35.0,1,1,4,5,1,5,5,5,4,4,5,1,5,5,Satisfied
67458,Male,55,Returning,Personal,Economy,641,50,66.0,4,3,4,3,2,4,1,4,1,1,4,3,1,4,Neutral or Dissatisfied
93741,Male,57,Returning,Business,Business,368,0,0.0,3,3,4,4,3,4,4,4,3,4,4,3,4,4,Satisfied
84983,Female,15,Returning,Business,Business,1590,0,0.0,5,5,4,4,5,5,4,2,4,4,4,5,4,4,Satisfied
14769,Male,35,Returning,Business,Economy Plus,463,3,0.0,3,2,1,4,3,4,4,2,4,4,1,4,4,3,Satisfied
15081,Female,48,Returning,Business,Economy,239,81,75.0,1,1,4,4,1,4,4,4,3,3,4,4,4,4,Neutral or Dissatisfied
26663,Male,30,First-time,Business,Economy,545,0,0.0,0,1,4,1,4,5,1,3,3,3,1,1,3,2,Neutral or Dissatisfied
115327,Male,27,First-time,Business,Business,296,17,30.0,4,4,5,4,1,5,4,4,4,4,4,4,4,4,Satisfied
36856,Male,37,Returning,Business,Business,3110,5,22.0,4,2,2,3,4,4,3,4,5,2,4,4,4,4,Satisfied
84356,Female,10,First-time,Business,Economy,606,0,25.0,1,4,1,4,3,2,3,1,3,3,4,4,3,3,Neutral or Dissatisfied
28005,Male,25,Returning,Business,Business,2239,0,0.0,2,2,1,5,2,5,5,2,5,5,5,2,5,3,Satisfied
78822,Male,68,Returning,Personal,Economy,554,7,0.0,4,3,4,3,5,5,4,2,4,4,5,3,4,4,Neutral or Dissatisfied
32074,Male,39,Returning,Business,Business,3038,0,3.0,4,5,2,1,5,5,2,5,5,1,5,5,5,5,Satisfied
89346,Female,29,Returning,Business,Economy,1587,0,0.0,3,3,2,2,3,1,2,3,2,2,4,2,2,4,Neutral or Dissatisfied
113087,Female,49,Returning,Business,Economy,543,20,13.0,2,2,3,4,2,1,4,2,3,5,1,2,1,1,Neutral or Dissatisfied
54443,Male,36,Returning,Personal,Economy Plus,305,0,0.0,5,4,4,4,3,5,3,2,3,3,4,3,3,4,Neutral or Dissatisfied
17585,Female,18,Returning,Personal,Economy,852,0,0.0,5,3,4,3,2,5,3,2,3,3,5,3,3,4,Neutral or Dissatisfied
59073,Male,43,Returning,Business,Business,1662,0,0.0,2,3,5,2,2,5,5,5,5,4,5,2,5,5,Satisfied
70356,Male,16,Returning,Personal,Economy Plus,986,0,0.0,1,3,1,3,3,3,2,3,2,2,3,3,2,3,Neutral or Dissatisfied
99135,Male,25,Returning,Personal,Economy,181,0,0.0,5,0,4,0,2,3,3,5,3,3,4,2,3,5,Neutral or Dissatisfied
3000,Female,44,Returning,Business,Business,3357,7,10.0,1,1,5,4,1,4,5,4,3,3,4,1,4,4,Satisfied
47702,Male,26,Returning,Personal,Economy,1242,15,3.0,2,3,3,3,4,4,3,4,2,2,3,3,2,4,Neutral or Dissatisfied
108031,Female,41,Returning,Business,Business,2905,5,2.0,0,0,4,4,3,3,4,3,5,3,3,0,3,3,Satisfied
116504,Male,34,Returning,Personal,Economy,325,15,0.0,2,1,2,1,3,2,5,1,1,1,2,1,1,2,Neutral or Dissatisfied
96113,Male,46,Returning,Business,Business,1069,16,18.0,1,1,4,5,1,5,4,5,5,3,5,1,5,5,Satisfied
128796,Female,23,First-time,Business,Economy,1194,0,6.0,2,2,4,3,2,3,4,5,4,2,5,2,4,5,Neutral or Dissatisfied
73302,Male,26,Returning,Business,Business,3960,45,48.0,1,1,4,4,1,4,4,2,4,4,4,1,4,5,Satisfied
25459,Female,28,Returning,Business,Economy Plus,669,2,0.0,4,5,3,2,5,4,2,4,2,2,4,2,2,4,Neutral or Dissatisfied
118278,Female,36,Returning,Business,Business,3166,41,33.0,2,2,3,4,2,3,4,4,4,2,3,2,3,3,Satisfied
87750,Male,50,First-time,Business,Business,214,0,0.0,4,4,4,4,4,4,3,2,3,3,5,4,3,4,Neutral or Dissatisfied
51590,Female,54,Returning,Business,Economy,370,0,0.0,5,5,1,4,5,5,4,5,1,1,5,5,5,5,Satisfied
92003,Female,54,Returning,Business,Business,1535,0,0.0,1,1,5,5,1,4,4,4,5,3,4,1,4,4,Satisfied
41721,Female,9,Returning,Personal,Business,695,1,0.0,4,1,3,1,2,3,2,2,2,2,4,2,2,5,Neutral or Dissatisfied
29981,Female,55,Returning,Business,Economy,234,61,,4,4,1,2,4,3,1,3,5,5,3,3,3,3,Satisfied
16648,Male,43,Returning,Business,Business,2962,96,121.0,3,3,1,2,3,2,2,2,1,2,2,2,2,2,Neutral or Dissatisfied
64819,Male,48,Returning,Business,Business,3873,0,4.0,2,4,1,2,2,4,3,4,3,2,4,4,4,4,Neutral or Dissatisfied
129026,Female,25,Returning,Personal,Economy,2704,152,191.0,2,2,5,3,3,4,5,4,5,2,1,2,2,3,Neutral or Dissatisfied
37427,Female,16,First-time,Business,Economy,1097,0,0.0,1,1,4,1,2,4,5,5,2,2,2,1,2,3,Neutral or Dissatisfied
2590,Male,23,Returning,Personal,Economy,280,39,30.0,4,1,1,1,4,1,4,2,4,4,3,1,4,4,Neutral or Dissatisfied
100369,Female,7,Returning,Personal,Economy,1130,0,0.0,5,2,3,2,4,3,5,2,5,5,5,2,5,3,Neutral or Dissatisfied
30073,Female,49,Returning,Personal,Economy,571,9,0.0,5,5,3,5,4,5,5,5,3,5,5,5,5,5,Satisfied
97482,Female,53,Returning,Business,Business,670,0,0.0,5,3,5,5,5,4,4,5,4,4,4,5,4,4,Satisfied
7005,Male,16,First-time,Business,Economy,234,0,0.0,3,4,3,4,3,3,2,2,2,2,4,4,2,4,Neutral or Dissatisfied
67531,Female,24,Returning,Business,Business,1235,0,0.0,4,5,5,5,4,5,5,2,5,5,4,4,5,5,Satisfied
129830,Male,39,Returning,Personal,Economy,337,0,30.0,5,1,4,1,4,3,4,4,2,2,5,1,2,5,Neutral or Dissatisfied
54587,Male,54,Returning,Business,Business,3180,41,28.0,5,5,4,4,5,5,5,5,5,3,5,5,5,5,Satisfied
63300,Female,26,First-time,Business,Business,447,2,0.0,0,3,4,3,4,3,1,3,1,1,4,3,1,5,Neutral or Dissatisfied
110079,Female,16,Returning,Personal,Business,1072,31,25.0,5,4,5,4,3,5,2,4,2,2,4,4,2,4,Neutral or Dissatisfied
65629,Male,60,Returning,Personal,Economy,175,2,6.0,5,3,1,3,4,4,1,4,2,2,4,3,2,2,Neutral or Dissatisfied
91387,Male,47,Returning,Business,Business,2158,0,0.0,5,5,4,5,5,4,5,5,3,3,4,5,4,4,Satisfied
98884,Male,27,Returning,Personal,Economy,991,106,102.0,4,4,3,4,3,4,4,4,4,4,5,4,4,4,Neutral or Dissatisfied
25433,Female,32,Returning,Business,Business,2560,28,32.0,1,1,2,5,1,5,5,2,5,5,4,1,5,5,Satisfied
34932,Female,50,Returning,Personal,Economy,187,0,0.0,4,1,3,4,4,4,5,1,3,3,4,1,4,4,Neutral or Dissatisfied
120012,Male,65,Returning,Personal,Economy,328,0,9.0,5,4,5,4,3,3,1,4,3,3,4,2,3,3,Neutral or Dissatisfied
13488,Female,56,Returning,Business,Economy,106,11,4.0,2,2,4,1,2,5,2,5,3,4,5,5,5,5,Satisfied
81595,Female,53,Returning,Business,Business,334,22,39.0,1,1,5,4,1,4,5,4,5,5,4,1,4,4,Satisfied
15134,Male,28,First-time,Business,Economy,1042,0,0.0,1,1,2,1,2,4,5,2,5,5,3,1,5,1,Neutral or Dissatisfied
107949,Male,60,Returning,Business,Business,611,122,154.0,4,4,4,4,4,5,4,5,4,4,3,4,5,4,Satisfied
58575,Female,49,Returning,Business,Economy,403,0,0.0,5,5,4,3,5,3,4,3,2,1,3,3,3,3,Neutral or Dissatisfied
103701,Male,54,Returning,Personal,Economy,405,0,0.0,2,0,4,0,4,4,4,1,4,4,4,0,4,3,Satisfied
51149,Male,65,Returning,Personal,Economy,109,0,1.0,4,3,3,3,3,4,2,2,2,2,5,3,2,4,Neutral or Dissatisfied
11722,Female,42,First-time,Business,Business,429,13,2.0,3,3,3,3,4,4,3,5,3,3,4,3,3,4,Neutral or Dissatisfied
103796,Male,65,Returning,Business,Economy,882,0,0.0,4,4,1,2,4,3,2,5,2,2,3,2,2,3,Neutral or Dissatisfied
119642,Male,40,Returning,Business,Business,2967,0,0.0,3,3,4,5,3,3,5,3,5,5,3,3,3,3,Satisfied
122910,Female,36,Returning,Business,Business,328,0,10.0,5,5,3,4,5,4,4,4,4,2,4,5,4,4,Satisfied
93095,Female,49,Returning,Business,Business,3636,0,0.0,1,1,5,4,1,5,5,4,5,5,5,1,5,5,Satisfied
101873,Male,68,Returning,Personal,Economy,1747,0,0.0,3,3,2,3,3,2,4,2,4,4,4,3,4,2,Neutral or Dissatisfied
18105,Female,42,Returning,Personal,Economy,610,0,0.0,2,3,2,2,3,2,3,3,4,1,2,3,2,3,Neutral or Dissatisfied
29238,Male,45,Returning,Business,Business,873,0,0.0,3,3,3,4,3,4,1,4,3,5,4,3,4,4,Satisfied
128949,Male,49,Returning,Business,Business,2879,0,0.0,4,4,4,4,4,5,5,5,3,4,5,4,5,5,Satisfied
7889,Female,48,Returning,Personal,Economy,910,0,6.0,5,1,4,4,5,2,5,1,5,2,2,1,2,4,Neutral or Dissatisfied
15120,Male,44,Returning,Business,Economy,1042,0,0.0,2,2,4,5,2,1,5,5,5,5,5,5,5,3,Satisfied
59140,Male,26,Returning,Personal,Economy,1744,2,0.0,4,2,5,2,2,4,2,5,2,2,5,2,2,3,Neutral or Dissatisfied
99840,Female,27,First-time,Business,Economy,534,23,44.0,2,3,2,3,3,4,2,3,2,2,3,3,2,3,Neutral or Dissatisfied
60376,Male,26,Returning,Business,Business,1452,22,5.0,5,5,5,4,5,3,4,3,4,4,4,5,4,4,Satisfied
3461,Female,57,Returning,Business,Economy Plus,213,36,78.0,2,2,1,4,2,3,4,3,3,1,3,3,3,3,Neutral or Dissatisfied
45167,Female,41,Returning,Personal,Economy,174,0,0.0,4,5,5,5,1,3,2,2,2,2,4,5,2,5,Satisfied
50521,Male,16,Returning,Personal,Economy,193,39,21.0,4,3,5,3,3,1,3,5,3,3,2,3,3,2,Neutral or Dissatisfied
43097,Female,19,Returning,Personal,Economy,236,0,0.0,5,3,5,3,4,4,3,5,3,3,4,3,3,5,Neutral or Dissatisfied
97493,Female,9,Returning,Personal,Economy,822,4,9.0,5,4,5,4,1,5,1,3,1,1,5,4,1,5,Neutral or Dissatisfied
94391,Male,54,Returning,Business,Business,189,0,0.0,2,4,3,5,2,4,5,4,4,5,4,2,4,5,Satisfied
30609,Female,62,Returning,Personal,Economy,472,23,35.0,2,3,4,3,4,4,3,3,4,5,4,3,4,4,Neutral or Dissatisfied
123989,Male,49,First-time,Business,Business,184,0,0.0,4,4,4,4,1,4,5,4,5,5,4,4,5,4,Satisfied
50344,Male,25,First-time,Business,Economy,337,0,0.0,0,2,1,2,1,1,3,3,3,3,4,2,3,2,Neutral or Dissatisfied
21281,Female,41,Returning,Business,Economy,620,1,0.0,3,3,3,5,3,1,5,2,5,5,5,5,5,1,Satisfied
84997,Male,58,Returning,Business,Business,1590,29,7.0,5,5,3,3,5,4,5,4,3,2,4,5,4,4,Satisfied
123483,Male,29,First-time,Business,Economy,2296,0,2.0,2,2,2,2,3,2,4,4,3,3,4,2,3,4,Neutral or Dissatisfied
37516,Female,46,Returning,Business,Economy,944,159,161.0,5,5,3,3,5,3,3,3,3,3,2,3,2,3,Neutral or Dissatisfied
42704,Female,26,Returning,Personal,Economy,604,426,427.0,5,2,5,2,5,5,5,4,5,2,4,2,3,5,Neutral or Dissatisfied
96580,Female,27,Returning,Personal,Economy,333,46,33.0,2,5,4,5,3,1,5,4,5,5,3,3,5,2,Neutral or Dissatisfied
5838,Female,37,First-time,Business,Economy Plus,273,0,0.0,1,1,3,1,4,2,3,3,4,4,3,1,4,3,Neutral or Dissatisfied
22535,Male,66,Returning,Personal,Economy Plus,143,71,54.0,5,1,2,1,2,5,1,3,1,1,2,1,1,3,Neutral or Dissatisfied
29107,Male,37,Returning,Personal,Economy,987,0,0.0,5,3,3,3,5,4,3,3,3,3,5,3,3,5,Neutral or Dissatisfied
37206,Female,50,First-time,Business,Business,680,0,0.0,4,4,4,4,2,4,1,2,1,1,5,4,1,5,Satisfied
125217,Male,65,Returning,Personal,Economy,651,0,0.0,3,4,4,4,3,1,1,1,1,1,4,4,1,3,Satisfied
110695,Male,33,Returning,Personal,Economy,945,0,4.0,3,2,2,2,5,4,5,4,5,5,3,2,5,1,Neutral or Dissatisfied
111426,Male,24,Returning,Business,Business,2690,0,0.0,3,3,2,1,3,4,1,2,1,1,3,1,1,3,Neutral or Dissatisfied
117704,Male,41,Returning,Business,Economy,1009,0,0.0,2,2,3,1,2,3,1,1,1,1,3,1,1,4,Neutral or Dissatisfied
96956,Male,28,Returning,Business,Business,2172,0,0.0,1,1,4,4,1,3,4,2,4,4,5,1,4,4,Satisfied
32507,Male,50,Returning,Business,Economy,84,5,5.0,3,3,5,5,3,1,5,3,5,5,1,5,5,5,Satisfied
45221,Male,24,Returning,Business,Business,3090,10,4.0,1,1,5,3,1,1,3,1,3,3,1,3,3,1,Neutral or Dissatisfied
38990,Female,56,Returning,Business,Business,3150,0,2.0,5,5,4,3,5,5,2,5,5,2,5,5,5,5,Satisfied
100111,Male,44,Returning,Business,Business,3138,0,0.0,4,2,4,4,4,5,4,5,3,5,5,4,5,5,Satisfied
11340,Female,64,Returning,Personal,Economy,396,0,0.0,5,0,4,4,3,3,5,0,4,2,3,0,3,1,Satisfied
66129,Male,37,Returning,Personal,Economy,583,0,0.0,5,3,5,3,5,3,2,4,2,2,5,4,2,4,Satisfied
22646,Male,25,Returning,Personal,Economy,300,0,0.0,4,3,5,3,1,5,5,4,5,5,5,3,5,4,Neutral or Dissatisfied
97193,Male,14,Returning,Personal,Economy,1390,198,187.0,4,2,4,3,1,5,4,3,4,2,3,2,4,4,Neutral or Dissatisfied
44213,Female,16,Returning,Personal,Business,224,0,0.0,3,4,3,4,4,1,3,1,3,3,4,4,3,4,Neutral or Dissatisfied
72624,Female,40,Returning,Personal,Economy,1121,27,24.0,1,3,3,3,3,1,5,5,2,2,2,3,2,2,Neutral or Dissatisfied
105097,Male,26,First-time,Business,Business,220,0,0.0,0,4,4,4,1,4,5,3,5,5,5,4,5,5,Satisfied
83028,Male,40,Returning,Business,Business,2128,0,20.0,2,2,3,4,2,4,5,4,4,4,4,2,4,4,Satisfied
7187,Female,36,First-time,Business,Economy,139,0,0.0,3,4,1,4,3,1,3,4,3,3,4,4,3,4,Neutral or Dissatisfied
21414,Female,37,Returning,Business,Business,2185,18,13.0,2,2,4,5,2,4,2,4,3,5,4,2,4,4,Satisfied
72176,Male,51,Returning,Business,Business,594,0,0.0,3,3,4,5,3,4,4,4,4,2,4,3,4,4,Satisfied
13182,Female,22,First-time,Business,Economy,419,0,6.0,3,3,5,3,3,3,3,2,3,3,5,3,3,3,Neutral or Dissatisfied
14151,Female,57,Returning,Personal,Economy,594,19,33.0,3,1,3,4,4,3,3,1,4,5,3,2,3,3,Neutral or Dissatisfied
60384,Female,34,Returning,Business,Business,1452,0,0.0,0,0,2,4,3,3,3,0,4,5,3,1,3,3,Neutral or Dissatisfied
73311,Female,53,Returning,Business,Business,1005,0,0.0,2,2,5,4,2,4,4,4,3,5,4,2,4,4,Satisfied
109607,Male,44,Returning,Business,Business,3214,29,37.0,5,5,3,3,5,2,2,2,4,1,2,2,2,2,Neutral or Dissatisfied
110251,Female,26,Returning,Personal,Economy,1147,154,139.0,5,2,2,1,3,2,2,5,2,2,5,2,5,5,Neutral or Dissatisfied
39313,Male,25,Returning,Personal,Economy,67,9,8.0,5,2,5,2,2,4,1,5,5,5,5,2,5,5,Neutral or Dissatisfied
105907,Male,21,First-time,Business,Economy,283,0,0.0,1,4,4,4,3,3,4,2,3,3,4,3,3,3,Neutral or Dissatisfied
105076,Male,51,Returning,Business,Business,3480,0,0.0,5,5,4,4,5,4,5,4,5,4,4,5,4,4,Satisfied
108762,Female,50,Returning,Business,Business,406,15,0.0,4,4,4,4,4,4,4,4,4,3,4,4,4,4,Satisfied
108016,Male,43,Returning,Business,Business,589,0,0.0,3,5,3,5,5,4,4,4,4,5,4,5,4,4,Satisfied
42019,Male,30,Returning,Business,Business,1931,0,0.0,5,5,3,5,5,3,5,3,5,5,3,5,5,5,Satisfied
99130,Male,8,Returning,Personal,Economy,419,7,0.0,5,2,3,2,4,4,5,1,5,5,1,2,5,3,Neutral or Dissatisfied
30294,Female,24,Returning,Business,Business,1476,0,8.0,4,4,4,5,4,2,5,3,5,5,5,4,5,4,Satisfied
103561,Male,53,Returning,Business,Business,738,24,22.0,3,3,3,4,3,4,5,5,5,3,4,3,4,4,Satisfied
67964,Female,48,Returning,Business,Business,1464,0,0.0,5,2,5,5,5,4,5,4,4,2,4,5,4,4,Satisfied
8704,Male,68,Returning,Personal,Economy,280,7,6.0,4,3,4,3,3,5,5,5,4,4,4,3,4,4,Neutral or Dissatisfied
10919,Male,46,Returning,Business,Economy,301,0,0.0,2,2,3,3,2,4,3,2,3,3,3,3,3,2,Neutral or Dissatisfied
85001,Male,34,First-time,Business,Economy,998,173,171.0,3,3,5,5,3,4,5,1,5,3,4,3,3,3,Neutral or Dissatisfied
17982,Male,39,First-time,Business,Business,332,4,0.0,2,2,3,2,4,1,3,4,5,5,3,2,5,3,Neutral or Dissatisfied
49134,Female,21,First-time,Business,Economy,156,0,0.0,0,3,5,3,3,4,2,5,3,3,1,3,3,3,Neutral or Dissatisfied
101005,Male,49,Returning,Business,Business,2635,0,0.0,5,5,5,4,5,4,4,4,5,3,4,5,4,4,Satisfied
89685,Male,36,First-time,Business,Economy,544,0,0.0,5,4,4,4,4,4,1,5,1,1,2,4,1,1,Neutral or Dissatisfied
82200,Male,54,Returning,Business,Economy Plus,1927,0,0.0,4,4,1,3,4,3,3,5,3,3,4,3,3,4,Neutral or Dissatisfied
10246,Male,48,Returning,Personal,Business,229,0,0.0,5,3,3,5,2,5,5,3,4,2,5,3,5,5,Neutral or Dissatisfied
95358,Female,19,Returning,Personal,Economy,496,0,0.0,4,4,4,4,3,4,1,3,5,5,4,4,5,4,Neutral or Dissatisfied
105840,Female,36,Returning,Personal,Economy,842,0,0.0,5,4,5,4,1,5,1,3,1,1,4,4,1,4,Neutral or Dissatisfied
70901,Male,24,Returning,Business,Business,1721,12,39.0,2,2,4,2,2,2,2,5,2,2,4,2,2,2,Neutral or Dissatisfied
30588,Male,38,Returning,Personal,Economy,628,4,0.0,4,1,5,1,2,5,2,4,3,3,4,1,3,4,Neutral or Dissatisfied
59257,Male,66,Returning,Personal,Economy,3904,1,0.0,4,2,1,1,2,3,1,5,1,2,3,2,3,4,Neutral or Dissatisfied
127331,Female,29,First-time,Business,Business,507,8,0.0,3,3,5,3,2,4,4,3,2,2,4,3,2,5,Neutral or Dissatisfied
76205,Male,37,Returning,Personal,Economy,2422,0,0.0,4,1,4,1,4,4,2,2,2,2,5,1,2,3,Neutral or Dissatisfied
16827,Male,49,Returning,Personal,Economy,645,61,73.0,4,3,4,3,2,4,2,4,4,4,4,3,4,5,Neutral or Dissatisfied
117849,Male,38,Returning,Business,Economy,2133,8,6.0,2,2,3,4,2,4,4,1,4,4,4,4,4,3,Neutral or Dissatisfied
18937,Male,22,Returning,Personal,Economy,503,67,65.0,1,2,3,2,2,3,1,5,4,4,2,3,4,3,Neutral or Dissatisfied
22719,Male,19,Returning,Business,Business,170,0,3.0,4,0,3,3,5,5,3,4,3,3,4,0,3,5,Satisfied
112423,Male,29,Returning,Business,Business,909,24,19.0,1,4,1,2,1,2,2,4,2,2,3,2,2,2,Neutral or Dissatisfied
86638,Female,38,First-time,Business,Business,746,9,5.0,1,1,4,1,5,4,5,2,5,5,4,1,5,4,Neutral or Dissatisfied
72719,Female,45,Returning,Business,Business,985,0,0.0,3,3,4,4,3,3,4,4,4,5,3,3,3,3,Satisfied
32098,Female,26,Returning,Business,Business,163,0,0.0,5,4,3,5,5,2,3,3,5,5,5,5,5,5,Satisfied
126960,Female,56,Returning,Business,Business,325,0,0.0,5,5,5,5,5,5,5,5,4,3,5,5,5,5,Satisfied
111845,Male,36,First-time,Business,Business,804,173,163.0,3,3,1,4,4,5,1,4,1,3,3,3,5,4,Neutral or Dissatisfied
127948,Female,53,Returning,Business,Business,1999,7,0.0,4,4,4,4,4,4,5,4,3,2,4,4,4,4,Satisfied
59033,Male,32,Returning,Business,Business,1846,3,42.0,4,4,3,5,4,4,5,4,5,5,5,4,5,4,Satisfied
67255,Female,34,Returning,Personal,Economy,1119,0,0.0,5,3,3,3,3,3,5,5,5,5,4,2,5,5,Neutral or Dissatisfied
80325,Female,27,Returning,Personal,Economy,746,0,0.0,4,4,4,4,3,1,5,1,5,5,3,4,5,4,Satisfied
122301,Female,49,Returning,Personal,Economy,573,16,5.0,5,2,1,4,4,3,3,2,1,1,3,1,3,3,Neutral or Dissatisfied
2192,Female,29,Returning,Personal,Economy,685,42,34.0,4,2,4,2,4,5,3,2,3,3,4,2,3,5,Neutral or Dissatisfied
110303,Female,43,Returning,Business,Business,1535,3,0.0,3,5,4,5,5,5,4,5,5,4,5,5,5,5,Satisfied
124104,Male,9,First-time,Business,Business,529,0,0.0,0,5,5,5,2,5,1,5,1,1,5,5,1,5,Satisfied
61143,Male,26,Returning,Business,Business,2707,6,0.0,3,3,3,5,3,4,5,4,5,5,5,3,5,4,Satisfied
62458,Female,25,Returning,Business,Business,1723,59,47.0,3,3,2,2,3,1,3,5,3,3,4,3,3,2,Neutral or Dissatisfied
117337,Female,50,Returning,Business,Business,296,7,0.0,1,1,5,4,1,5,4,5,3,4,5,1,5,5,Satisfied
80704,Male,27,Returning,Personal,Economy,874,0,0.0,5,3,2,3,3,4,1,2,1,1,2,3,1,4,Neutral or Dissatisfied
107768,Female,60,Returning,Business,Business,2619,4,0.0,4,4,3,5,4,5,4,4,3,5,5,4,5,5,Satisfied
56109,Female,38,Returning,Personal,Economy,2402,1,17.0,2,3,5,3,3,4,5,4,5,3,4,3,1,3,Neutral or Dissatisfied
35068,Female,57,Returning,Business,Business,3321,0,0.0,1,4,5,5,1,4,4,4,4,5,4,1,4,4,Satisfied
67738,Male,11,Returning,Business,Economy,1431,317,318.0,2,2,1,1,2,4,1,3,1,1,1,1,1,4,Neutral or Dissatisfied
78334,Female,38,First-time,Business,Business,1547,9,3.0,5,5,4,5,2,5,3,5,3,3,5,5,3,4,Satisfied
71473,Female,25,Returning,Business,Business,3611,0,0.0,4,4,1,2,4,1,2,3,2,2,3,2,2,4,Neutral or Dissatisfied
103343,Female,65,Returning,Personal,Economy,1139,7,0.0,5,3,4,5,2,1,4,3,5,2,1,4,1,1,Neutral or Dissatisfied
110696,Male,9,Returning,Personal,Economy,1005,1,0.0,5,2,3,2,3,4,5,4,5,5,5,2,5,2,Neutral or Dissatisfied
101955,Female,23,Returning,Business,Business,628,0,0.0,1,3,1,2,1,4,2,2,2,2,4,2,2,4,Neutral or Dissatisfied
7744,Male,42,Returning,Business,Economy Plus,489,0,0.0,2,2,1,2,2,4,2,3,2,2,2,2,2,3,Neutral or Dissatisfied
49555,Male,46,Returning,Business,Business,3932,10,7.0,4,4,5,2,4,3,1,3,4,1,3,4,3,3,Satisfied
47491,Male,31,Returning,Personal,Economy,558,0,4.0,5,2,3,2,1,4,4,4,4,4,2,2,4,3,Neutral or Dissatisfied
72620,Male,47,Returning,Personal,Economy,929,0,0.0,4,4,3,4,3,3,5,2,5,5,5,4,5,5,Neutral or Dissatisfied
96217,Female,43,Returning,Business,Business,3548,0,0.0,1,1,3,5,1,4,4,4,4,3,4,1,4,4,Satisfied
24838,Male,11,Returning,Personal,Economy,991,207,205.0,4,2,1,1,4,4,1,3,1,2,2,2,1,3,Neutral or Dissatisfied
88734,Male,49,Returning,Personal,Economy,515,0,0.0,3,3,4,3,4,3,4,2,4,4,4,3,4,4,Neutral or Dissatisfied
107079,Female,51,Returning,Personal,Economy,395,0,0.0,4,5,1,4,1,3,5,5,1,2,3,2,3,3,Neutral or Dissatisfied
119880,Female,39,Returning,Personal,Economy,936,0,0.0,5,4,3,4,5,3,4,5,4,4,5,4,4,5,Neutral or Dissatisfied
91298,Female,28,Returning,Business,Business,3859,10,6.0,1,1,3,5,1,5,5,4,5,5,4,1,5,5,Satisfied
104002,Male,40,Returning,Business,Economy,963,4,0.0,4,4,3,5,4,4,5,1,5,5,4,5,5,2,Satisfied
18634,Female,51,Returning,Personal,Economy,190,3,0.0,4,2,4,2,1,2,5,2,2,2,2,2,2,2,Neutral or Dissatisfied
23295,Male,35,Returning,Business,Economy,927,22,19.0,5,5,2,4,5,1,4,2,4,4,3,4,4,5,Satisfied
109005,Male,27,First-time,Business,Business,994,3,0.0,4,4,3,4,2,5,1,2,1,1,4,4,1,5,Satisfied
54240,Male,35,Returning,Business,Business,2615,0,0.0,5,5,3,3,5,4,5,4,3,2,4,5,4,4,Satisfied
5557,Female,40,First-time,Business,Business,588,0,0.0,2,2,2,2,4,2,5,2,5,5,3,2,5,4,Neutral or Dissatisfied
63445,Male,30,Returning,Personal,Economy,447,42,27.0,4,3,4,3,3,4,5,3,5,5,4,3,5,4,Neutral or Dissatisfied
4183,Male,57,Returning,Personal,Economy,427,0,0.0,0,2,3,2,4,5,4,2,4,4,4,1,4,5,Neutral or Dissatisfied
31018,Female,56,Returning,Personal,Economy,391,72,62.0,3,1,3,4,4,4,3,1,1,1,4,1,4,4,Neutral or Dissatisfied
76155,Male,29,Returning,Business,Business,2208,0,10.0,3,3,2,2,3,2,2,2,2,2,3,2,2,3,Neutral or Dissatisfied
23941,Male,23,Returning,Business,Business,936,18,10.0,4,4,1,1,4,1,1,5,1,1,4,1,1,3,Neutral or Dissatisfied
45175,Female,17,Returning,Personal,Economy,130,0,3.0,4,4,3,4,3,2,1,5,1,1,4,4,1,4,Neutral or Dissatisfied
17817,Female,39,Returning,Personal,Economy,1075,0,3.0,4,2,5,2,4,5,1,5,1,1,5,2,1,4,Neutral or Dissatisfied
54809,Male,51,Returning,Business,Economy,641,0,0.0,5,5,4,5,5,5,4,5,4,4,1,5,4,3,Satisfied
58627,Female,58,Returning,Personal,Business,867,11,0.0,3,1,4,4,5,5,5,1,5,4,5,1,5,5,Neutral or Dissatisfied
55374,Male,56,Returning,Business,Economy,678,0,0.0,5,3,1,2,5,1,2,4,2,2,3,2,2,3,Neutral or Dissatisfied
77586,Female,26,First-time,Business,Business,813,0,0.0,0,3,3,3,4,3,3,3,3,3,5,3,3,4,Neutral or Dissatisfied
47874,Male,9,Returning,Business,Business,2776,0,9.0,3,3,2,3,3,2,3,2,3,3,4,3,3,3,Neutral or Dissatisfied
58689,Male,53,Returning,Business,Business,299,0,6.0,5,5,5,5,5,4,4,4,3,5,4,5,4,4,Satisfied
54701,Female,25,First-time,Business,Economy,454,15,9.0,3,2,5,2,4,5,1,2,1,1,5,2,1,3,Neutral or Dissatisfied
103388,Male,23,First-time,Business,Economy,237,1,0.0,5,2,5,2,3,4,2,4,2,2,5,2,2,4,Neutral or Dissatisfied
32744,Female,27,First-time,Business,Economy,216,0,0.0,2,3,4,3,3,1,2,2,2,2,3,3,2,4,Neutral or Dissatisfied
67815,Male,29,First-time,Business,Economy,1064,29,29.0,3,3,2,3,4,2,5,5,5,5,3,4,5,3,Neutral or Dissatisfied
22929,Female,47,Returning,Business,Business,2769,0,0.0,5,5,3,2,5,4,3,4,3,4,4,5,4,4,Satisfied
42635,Female,57,Returning,Business,Business,146,7,4.0,5,5,2,3,5,5,4,5,4,4,5,5,5,3,Satisfied
59115,Female,17,Returning,Personal,Economy,1744,7,39.0,0,3,4,3,1,4,1,2,4,4,5,3,4,5,Neutral or Dissatisfied
46711,Male,13,Returning,Personal,Economy,212,4,2.0,0,0,4,0,4,5,5,2,5,5,4,1,5,5,Neutral or Dissatisfied
52090,Male,29,First-time,Business,Business,351,0,0.0,3,3,1,3,5,3,3,4,3,3,4,3,3,5,Neutral or Dissatisfied
94494,Male,54,Returning,Business,Business,3419,2,0.0,5,5,4,4,5,5,5,5,3,2,5,5,5,4,Satisfied
110197,Female,47,Returning,Business,Business,1056,45,49.0,4,4,4,5,4,4,5,4,4,3,4,4,4,4,Satisfied
82261,Female,39,Returning,Business,Business,1481,10,5.0,2,2,3,4,2,3,5,3,4,4,3,2,3,3,Satisfied
121166,Male,72,First-time,Business,Economy,902,0,0.0,3,3,1,3,5,1,4,2,4,4,3,3,4,5,Neutral or Dissatisfied
4144,Male,39,Returning,Business,Business,431,0,0.0,2,2,4,5,2,4,4,4,3,5,4,2,4,4,Satisfied
110974,Male,58,Returning,Business,Business,319,1,0.0,2,2,4,5,2,4,5,4,3,5,4,2,4,4,Satisfied
108076,Female,48,Returning,Business,Business,3771,0,0.0,1,1,4,4,1,4,5,4,3,5,4,1,4,4,Satisfied
86008,Male,35,Returning,Business,Business,447,0,1.0,3,3,1,4,3,4,3,4,2,4,4,4,4,4,Neutral or Dissatisfied
22970,Female,25,Returning,Business,Business,2926,17,16.0,4,4,1,2,4,4,2,1,2,2,3,2,2,4,Neutral or Dissatisfied
33529,Female,36,Returning,Business,Business,3660,0,0.0,1,1,4,2,1,5,2,5,3,1,5,1,5,5,Satisfied
8159,Female,23,Returning,Business,Business,3956,22,26.0,1,1,3,3,1,1,3,5,3,3,2,3,3,3,Neutral or Dissatisfied
93540,Male,11,Returning,Personal,Economy Plus,1315,0,0.0,5,3,5,3,3,3,1,4,1,1,4,3,1,3,Neutral or Dissatisfied
30982,Female,23,Returning,Business,Business,1476,0,0.0,4,4,2,2,4,5,2,1,2,2,5,4,2,5,Satisfied
71192,Male,28,Returning,Business,Business,733,14,0.0,5,5,4,5,5,5,5,3,5,5,5,5,5,4,Satisfied
85937,Male,30,Returning,Personal,Business,554,2,0.0,5,3,3,3,4,4,2,5,3,3,5,3,3,5,Neutral or Dissatisfied
125200,Male,24,Returning,Business,Economy,651,2,0.0,2,2,1,4,2,2,2,2,5,5,4,5,5,4,Neutral or Dissatisfied
94343,Male,20,First-time,Business,Business,277,7,1.0,0,5,3,5,1,3,1,5,1,1,5,5,1,5,Satisfied
85119,Male,61,Returning,Business,Business,1626,0,2.0,2,2,4,4,2,3,4,3,2,2,3,3,3,3,Neutral or Dissatisfied
19241,Male,22,Returning,Business,Business,3202,0,0.0,2,2,2,1,2,4,1,2,1,1,3,1,1,4,Neutral or Dissatisfied
121970,Female,34,Returning,Business,Business,130,0,0.0,5,5,2,4,5,2,3,2,4,3,2,4,2,4,Neutral or Dissatisfied
54425,Female,65,Returning,Personal,Economy,305,0,0.0,5,1,3,5,3,2,1,1,3,1,2,1,2,2,Neutral or Dissatisfied
48926,Female,38,Returning,Business,Business,337,0,0.0,2,2,4,3,2,4,1,4,5,4,4,2,4,4,Satisfied
99900,Female,7,Returning,Personal,Economy,738,0,0.0,5,3,4,3,1,4,5,3,5,5,5,3,5,4,Neutral or Dissatisfied
9139,Male,44,Returning,Business,Business,227,1,7.0,3,3,5,5,3,3,4,4,5,4,3,3,3,3,Satisfied
93500,Male,7,Returning,Personal,Economy,1107,1,0.0,1,2,1,2,3,1,2,1,2,2,4,2,2,4,Neutral or Dissatisfied
91611,Female,60,Returning,Business,Business,2836,6,0.0,1,1,3,5,1,4,4,4,5,2,4,1,4,4,Satisfied
49175,Male,50,Returning,Business,Business,2075,0,0.0,3,3,5,3,3,5,3,5,2,2,5,3,5,4,Satisfied
64962,Female,54,Returning,Business,Business,247,24,15.0,2,2,3,5,2,4,5,4,1,2,4,2,4,4,Satisfied
78110,Male,50,Returning,Business,Business,1797,0,0.0,5,5,3,4,5,4,5,4,3,2,4,5,4,4,Satisfied
13986,Male,57,Returning,Personal,Economy,372,0,0.0,0,3,5,3,4,3,4,3,4,4,5,3,4,4,Neutral or Dissatisfied
10587,Male,59,Returning,Business,Business,295,60,51.0,0,0,3,5,1,2,4,3,4,4,2,0,2,3,Satisfied
73476,Female,39,Returning,Personal,Economy,1120,9,5.0,4,2,5,2,3,3,5,3,5,5,5,2,5,4,Neutral or Dissatisfied
11519,Male,51,Returning,Personal,Economy Plus,429,17,27.0,3,3,1,3,4,2,1,4,1,1,4,3,1,4,Neutral or Dissatisfied
117791,Female,40,Returning,Business,Business,3275,1,0.0,5,5,5,5,5,4,5,4,4,2,4,5,4,4,Satisfied
71937,Male,53,Returning,Personal,Economy Plus,1744,2,0.0,4,1,4,1,4,1,3,1,2,2,3,1,2,2,Neutral or Dissatisfied
48990,Male,40,Returning,Business,Economy,209,0,0.0,4,4,2,2,4,5,2,5,2,2,3,2,2,4,Satisfied
28854,Female,38,First-time,Business,Economy,987,0,0.0,3,3,2,3,3,1,3,2,5,5,1,3,5,5,Satisfied
50823,Male,18,Returning,Personal,Economy,326,63,58.0,2,4,3,4,3,4,2,2,2,2,4,4,2,4,Neutral or Dissatisfied
99223,Female,47,Returning,Business,Business,3748,4,16.0,4,4,3,5,4,4,5,4,4,3,4,4,4,4,Satisfied
11678,Male,43,Returning,Business,Business,3730,0,0.0,5,5,3,5,5,5,4,5,4,5,5,5,5,5,Satisfied
40905,Male,32,Returning,Personal,Economy,590,0,14.0,5,1,5,1,2,4,2,3,2,2,5,1,2,4,Neutral or Dissatisfied
28061,Male,55,Returning,Business,Business,2607,0,0.0,5,5,4,4,5,5,4,3,4,4,3,5,1,1,Satisfied
94520,Male,37,Returning,Business,Business,3440,0,0.0,3,3,4,5,3,4,5,4,3,4,4,3,4,4,Satisfied
49044,Female,44,Returning,Business,Economy,158,0,6.0,5,5,2,1,5,4,2,4,3,2,4,4,4,4,Satisfied
53065,Female,58,Returning,Personal,Economy,1190,0,0.0,5,3,5,4,2,1,4,3,5,3,1,3,1,1,Neutral or Dissatisfied
79183,Male,32,Returning,Personal,Economy,2422,1,0.0,4,2,2,1,2,3,2,4,2,2,5,2,4,5,Neutral or Dissatisfied
69432,Female,53,Returning,Personal,Economy,1089,0,0.0,3,4,3,4,4,1,4,4,2,3,1,4,1,1,Satisfied
33779,Male,42,Returning,Business,Business,2235,0,0.0,1,1,2,1,1,3,3,3,5,4,3,1,3,3,Satisfied
4237,Male,33,Returning,Business,Business,1020,0,0.0,5,5,2,3,5,4,3,2,3,3,4,3,3,4,Neutral or Dissatisfied
31024,Male,33,Returning,Business,Economy Plus,391,2,12.0,1,1,3,4,1,1,4,1,4,4,2,4,4,3,Satisfied
120667,Female,40,Returning,Business,Business,280,0,0.0,1,1,4,4,1,5,5,5,3,4,5,1,5,5,Satisfied
101304,Female,24,Returning,Business,Business,763,6,0.0,3,3,5,4,3,3,4,4,4,4,4,3,4,5,Satisfied
41633,Male,33,Returning,Personal,Economy,374,9,13.0,0,3,3,3,4,5,1,3,3,3,5,3,3,5,Neutral or Dissatisfied
84966,Female,19,Returning,Personal,Economy Plus,534,13,0.0,2,2,3,2,3,3,3,4,3,3,4,2,3,3,Neutral or Dissatisfied
61376,Female,60,Returning,Business,Business,679,0,0.0,5,5,3,4,5,4,5,4,4,2,4,5,4,4,Satisfied
114606,Female,42,Returning,Business,Business,2693,1,6.0,2,2,5,4,2,4,4,4,4,3,4,2,4,4,Satisfied
62019,Male,38,Returning,Business,Business,2586,5,9.0,4,4,5,3,4,4,4,4,4,4,4,4,4,4,Satisfied
125616,Male,58,Returning,Business,Business,414,0,0.0,5,5,2,3,5,2,4,2,3,3,2,2,2,2,Neutral or Dissatisfied
88508,Female,26,First-time,Business,Economy,404,0,0.0,0,1,5,1,2,3,1,2,1,1,2,1,1,1,Neutral or Dissatisfied
101019,Male,20,First-time,Business,Economy,467,16,9.0,4,4,3,4,2,1,2,5,5,5,3,4,5,3,Satisfied
55518,Female,19,Returning,Personal,Economy,991,8,9.0,5,3,3,3,3,4,1,3,1,1,4,3,1,5,Neutral or Dissatisfied
38671,Male,10,Returning,Personal,Economy,2602,0,0.0,4,1,3,1,2,5,5,3,5,5,4,1,5,5,Neutral or Dissatisfied
107027,Male,57,Returning,Business,Business,395,0,15.0,5,2,4,5,2,5,5,5,4,3,5,2,5,5,Satisfied
106442,Male,12,Returning,Business,Business,2012,0,0.0,1,1,3,2,1,2,1,5,1,1,4,1,1,4,Neutral or Dissatisfied
101013,Female,60,Returning,Business,Business,564,0,0.0,1,4,4,5,1,4,5,5,5,3,4,1,4,4,Satisfied
75061,Male,53,Returning,Business,Business,2611,0,0.0,5,4,3,3,4,4,5,4,4,4,4,4,4,4,Satisfied
123505,Female,24,First-time,Business,Economy,625,36,35.0,1,2,2,2,3,2,3,4,5,5,3,2,5,3,Neutral or Dissatisfied
39155,Female,8,Returning,Personal,Economy Plus,190,0,0.0,5,4,4,4,3,5,1,4,1,1,5,4,1,4,Neutral or Dissatisfied
35613,Male,7,Returning,Personal,Economy Plus,828,11,20.0,5,2,4,2,4,3,3,5,3,3,5,2,3,5,Neutral or Dissatisfied
34476,Female,36,First-time,Business,Economy,266,2,0.0,4,4,4,4,3,2,3,4,3,3,3,4,3,4,Neutral or Dissatisfied
34799,Female,42,Returning,Personal,Economy,264,0,0.0,5,2,1,2,5,1,2,2,1,4,1,2,1,1,Neutral or Dissatisfied
126704,Female,58,Returning,Business,Business,2370,3,0.0,4,4,5,5,4,4,4,4,5,3,4,4,4,4,Satisfied
101318,Female,25,First-time,Business,Economy,986,156,152.0,3,3,4,4,3,4,4,4,4,3,2,3,2,4,Neutral or Dissatisfied
87061,Male,29,Returning,Business,Business,3961,0,0.0,1,1,3,5,1,3,5,4,5,5,5,1,5,4,Satisfied
61167,Female,29,Returning,Business,Business,1917,51,45.0,4,4,3,5,4,3,5,5,5,5,4,4,5,4,Satisfied
88216,Female,18,Returning,Business,Business,2583,0,0.0,4,2,3,1,4,1,1,4,1,1,3,1,1,3,Neutral or Dissatisfied
31296,Female,31,Returning,Personal,Economy Plus,533,0,0.0,2,1,1,1,3,1,1,4,1,1,4,1,1,3,Neutral or Dissatisfied
118597,Male,28,First-time,Business,Economy,370,17,46.0,3,3,1,3,4,4,5,1,5,5,4,3,5,3,Neutral or Dissatisfied
127155,Male,65,Returning,Personal,Economy,651,0,0.0,2,2,3,2,3,3,5,4,3,3,2,2,3,2,Neutral or Dissatisfied
77623,Male,35,Returning,Business,Business,3101,1,0.0,4,4,4,5,4,2,5,2,5,4,2,4,2,2,Satisfied
42977,Female,48,Returning,Business,Business,236,0,0.0,1,1,5,3,1,5,2,5,4,3,5,1,5,5,Satisfied
98378,Male,64,Returning,Business,Economy Plus,1189,0,12.0,1,1,2,4,1,3,4,3,4,4,4,4,4,3,Neutral or Dissatisfied
44268,Male,38,Returning,Personal,Economy,118,0,13.0,5,4,2,4,1,5,5,4,5,5,1,4,5,2,Neutral or Dissatisfied
68308,Female,39,Returning,Personal,Economy,1797,10,15.0,5,3,5,3,1,4,3,2,3,3,3,3,3,4,Neutral or Dissatisfied
1312,Male,55,Returning,Business,Business,2220,1,0.0,4,0,4,5,3,3,4,3,3,4,3,0,3,3,Satisfied
27800,Male,29,First-time,Business,Economy,1533,4,0.0,1,1,1,1,3,3,5,3,5,5,3,1,5,3,Neutral or Dissatisfied
66993,Male,57,Returning,Business,Business,964,14,14.0,1,1,3,5,1,3,5,3,3,4,3,1,3,3,Satisfied
43636,Female,52,Returning,Personal,Business,852,0,0.0,1,4,3,3,4,4,3,4,4,3,4,4,4,4,Neutral or Dissatisfied
50962,Female,40,Returning,Personal,Economy,363,6,1.0,1,3,2,3,3,1,2,1,2,2,4,3,2,3,Neutral or Dissatisfied
99464,Female,17,Returning,Business,Business,1704,0,0.0,2,2,3,2,2,4,2,1,2,2,4,2,2,4,Neutral or Dissatisfied
78197,Female,33,First-time,Business,Economy,153,44,54.0,1,3,1,3,3,3,1,2,1,1,4,3,1,3,Neutral or Dissatisfied
43306,Female,36,Returning,Business,Business,1695,0,0.0,4,5,2,2,4,5,1,4,1,5,5,4,5,5,Satisfied
9793,Male,39,Returning,Business,Business,2967,0,0.0,2,2,3,5,2,4,5,4,4,3,4,2,4,4,Satisfied
70839,Male,43,Returning,Business,Business,1670,12,0.0,3,3,5,5,3,4,5,4,4,4,4,3,4,4,Satisfied
48754,Female,39,Returning,Business,Business,3764,0,0.0,4,1,3,4,1,3,4,3,3,4,3,0,3,3,Satisfied
44336,Male,23,Returning,Business,Economy,230,0,0.0,4,4,1,1,4,1,2,1,2,2,4,2,2,3,Neutral or Dissatisfied
85515,Female,40,Returning,Business,Business,3276,3,1.0,4,0,4,4,2,4,4,4,3,5,4,0,4,2,Satisfied
127685,Female,50,Returning,Business,Business,2133,0,3.0,4,4,4,4,4,5,4,5,5,2,5,4,5,5,Satisfied
93133,Male,34,Returning,Business,Business,1066,27,31.0,1,1,5,5,1,4,5,4,4,2,4,1,4,4,Satisfied
77205,Female,25,First-time,Business,Economy,2994,306,278.0,2,2,2,4,4,1,2,4,2,2,3,2,2,4,Neutral or Dissatisfied
8484,Male,60,Returning,Business,Business,677,174,172.0,1,1,4,4,1,3,4,4,4,4,4,1,4,4,Satisfied
15656,Male,41,Returning,Business,Economy Plus,258,0,0.0,3,3,4,3,3,2,3,3,3,3,3,3,3,1,Satisfied
86129,Male,52,Returning,Business,Business,356,21,16.0,5,5,3,4,5,3,4,3,4,5,3,5,3,3,Satisfied
103363,Female,48,Returning,Business,Business,2086,27,26.0,2,2,3,5,2,4,5,4,4,5,4,2,4,4,Satisfied
4514,Male,63,Returning,Personal,Economy,551,46,36.0,4,3,2,3,5,5,5,3,5,5,2,3,5,1,Neutral or Dissatisfied
11425,Female,43,Returning,Business,Business,247,0,3.0,5,5,3,4,5,4,5,4,3,5,4,5,4,4,Satisfied
45362,Male,39,Returning,Personal,Economy,188,0,0.0,3,2,3,2,3,3,3,3,3,3,3,2,3,3,Neutral or Dissatisfied
4784,Male,57,Returning,Business,Business,2556,41,99.0,5,5,2,3,5,2,2,2,2,4,2,2,2,2,Neutral or Dissatisfied
93020,Male,69,Returning,Personal,Economy,1524,36,15.0,4,2,2,2,4,1,3,2,3,3,4,2,3,2,Neutral or Dissatisfied
74695,Female,34,Returning,Personal,Economy,1464,0,0.0,4,2,4,2,2,4,3,2,3,3,5,1,3,3,Neutral or Dissatisfied
64987,Female,30,Returning,Business,Business,247,0,0.0,5,5,4,4,5,3,4,1,4,4,2,5,4,2,Satisfied
96528,Male,34,Returning,Personal,Economy,444,0,0.0,4,2,5,2,4,4,3,2,3,3,4,2,3,5,Neutral or Dissatisfied
115087,Female,39,Returning,Business,Business,2158,0,0.0,3,3,5,5,3,5,4,5,3,5,5,3,5,5,Satisfied
52673,Male,46,Returning,Personal,Economy,119,0,0.0,2,1,1,1,4,2,3,5,3,3,4,1,3,3,Neutral or Dissatisfied
55973,Male,39,Returning,Personal,Economy,1620,18,21.0,4,2,4,2,5,5,1,3,4,4,5,2,4,4,Neutral or Dissatisfied
127415,Male,46,Returning,Personal,Economy,868,1,0.0,5,4,3,4,3,3,2,4,2,2,3,4,2,3,Satisfied
62629,Male,39,Returning,Personal,Economy,1726,2,24.0,4,4,4,4,3,4,5,2,5,5,4,4,5,3,Neutral or Dissatisfied
40852,Female,35,Returning,Personal,Economy,584,0,0.0,5,3,4,3,2,3,1,3,1,1,5,3,1,4,Neutral or Dissatisfied
13099,Male,44,Returning,Business,Business,2783,0,0.0,1,1,4,2,1,5,2,5,1,4,5,1,5,5,Satisfied
3781,Male,59,Returning,Business,Business,3566,0,0.0,5,5,2,2,5,3,2,3,3,3,3,3,3,3,Neutral or Dissatisfied
95817,Female,22,First-time,Business,Economy,955,34,16.0,2,2,4,2,4,4,3,3,3,3,5,2,3,5,Neutral or Dissatisfied
81342,Male,31,Returning,Business,Business,2316,0,0.0,0,0,1,0,3,4,4,2,4,4,3,1,4,3,Neutral or Dissatisfied
76339,Male,56,Returning,Business,Business,3942,5,3.0,3,5,4,4,3,5,4,5,3,5,5,3,5,5,Satisfied
72085,Male,55,Returning,Personal,Economy,2486,0,0.0,2,2,3,2,4,4,5,5,5,5,3,3,5,4,Neutral or Dissatisfied
39748,Female,49,Returning,Business,Business,2397,0,0.0,1,1,3,5,1,4,5,4,5,5,4,1,4,4,Satisfied
112794,Male,31,Returning,Business,Business,3067,29,12.0,1,2,5,4,2,5,4,4,4,4,4,2,4,4,Satisfied
97120,Female,55,Returning,Business,Business,3686,5,11.0,1,1,3,4,1,3,5,4,4,4,3,1,3,3,Satisfied
12987,Male,40,Returning,Business,Economy,374,0,0.0,2,2,1,2,2,5,2,3,2,2,5,2,2,5,Satisfied
42038,Female,38,Returning,Business,Business,1543,9,5.0,4,4,2,1,4,4,4,4,2,1,4,4,4,3,Satisfied
88521,Male,59,Returning,Personal,Economy,646,0,3.0,4,3,2,3,3,5,3,5,3,3,2,3,3,5,Neutral or Dissatisfied
98594,Male,51,Returning,Business,Business,966,1,0.0,1,1,5,4,1,4,4,4,5,3,4,1,4,4,Satisfied
82772,Male,17,Returning,Business,Economy Plus,409,0,0.0,2,2,5,4,2,4,5,4,4,4,1,4,4,2,Satisfied
86703,Male,27,Returning,Business,Business,1747,10,10.0,5,2,5,5,5,4,5,2,5,5,4,5,5,3,Satisfied
118687,Male,63,Returning,Personal,Economy,370,3,3.0,3,1,1,1,4,2,2,2,2,2,3,1,2,2,Neutral or Dissatisfied
116429,Female,38,Returning,Personal,Economy,337,0,7.0,3,4,3,4,4,2,1,5,1,1,5,4,1,5,Neutral or Dissatisfied
92869,Female,51,Returning,Personal,Economy,2519,5,2.0,2,3,1,3,3,1,2,3,3,5,1,3,1,1,Neutral or Dissatisfied
44329,Female,38,First-time,Business,Economy,412,19,8.0,3,2,1,2,4,1,2,1,2,2,4,2,2,3,Neutral or Dissatisfied
40620,Male,54,Returning,Personal,Economy,216,0,0.0,3,3,4,3,4,3,3,4,3,3,4,3,3,4,Neutral or Dissatisfied
98999,Male,47,Returning,Personal,Economy,569,12,8.0,4,2,5,2,2,5,4,2,4,4,5,2,4,5,Neutral or Dissatisfied
7611,Female,9,Returning,Personal,Economy,825,22,29.0,4,1,5,1,4,5,3,2,2,2,4,1,2,5,Neutral or Dissatisfied
108459,Male,13,Returning,Personal,Economy,1444,188,198.0,0,2,1,1,1,5,1,5,1,2,5,2,4,5,Neutral or Dissatisfied
73355,Female,47,Returning,Business,Economy,1182,0,6.0,4,5,2,3,5,2,3,2,4,1,2,2,2,2,Neutral or Dissatisfied
12604,Male,31,Returning,Personal,Economy,542,0,0.0,4,3,4,3,5,3,2,2,2,2,5,3,2,5,Neutral or Dissatisfied
27784,Male,48,Returning,Business,Business,1448,115,109.0,1,5,2,3,1,2,2,2,1,3,2,2,2,2,Neutral or Dissatisfied
2878,Female,70,Returning,Personal,Economy,409,0,14.0,5,3,3,4,3,5,5,3,3,2,5,3,5,1,Neutral or Dissatisfied
37964,Female,45,Returning,Business,Business,1623,0,0.0,1,1,5,5,1,3,5,4,4,3,3,1,3,3,Satisfied
61228,Male,27,First-time,Business,Economy,862,0,0.0,1,1,4,1,3,3,5,1,3,3,4,1,3,4,Neutral or Dissatisfied
30967,Male,41,Returning,Business,Economy Plus,1024,34,29.0,4,3,2,3,4,3,3,2,3,3,3,3,3,4,Neutral or Dissatisfied
15405,Male,33,First-time,Business,Economy,164,4,26.0,2,2,2,2,3,4,1,5,1,1,3,2,1,3,Neutral or Dissatisfied
128829,Female,30,First-time,Business,Economy,2586,0,6.0,2,2,1,1,3,2,1,4,1,2,3,2,2,3,Neutral or Dissatisfied
45745,Female,39,Returning,Business,Business,3112,2,2.0,1,1,5,4,1,5,4,4,4,3,5,1,5,5,Satisfied
53828,Male,45,Returning,Business,Business,140,4,0.0,1,1,3,3,1,3,3,3,3,4,3,3,3,3,Neutral or Dissatisfied
105435,Male,43,Returning,Personal,Economy,452,32,13.0,5,3,3,3,1,5,3,5,5,5,5,1,5,5,Neutral or Dissatisfied
18333,Female,25,First-time,Business,Economy,554,0,0.0,3,3,2,3,3,4,2,5,5,5,4,3,5,3,Neutral or Dissatisfied
71100,Male,63,Returning,Personal,Economy Plus,802,12,0.0,2,2,4,2,3,2,4,3,4,4,3,2,4,2,Neutral or Dissatisfied
6310,Male,41,Returning,Business,Business,1926,2,18.0,3,3,3,4,3,4,4,4,5,5,4,3,4,4,Satisfied
97273,Female,34,Returning,Personal,Economy Plus,296,2,0.0,5,2,4,2,2,3,1,5,1,1,5,2,1,5,Neutral or Dissatisfied
119460,Male,14,Returning,Personal,Business,759,0,0.0,5,3,3,3,1,4,5,5,5,5,4,3,5,4,Neutral or Dissatisfied
22502,Female,8,Returning,Personal,Economy,83,0,0.0,4,2,4,2,1,5,1,3,1,1,4,2,1,5,Neutral or Dissatisfied
46792,Male,42,Returning,Business,Business,3065,0,11.0,1,1,2,4,1,2,4,1,4,1,2,2,2,2,Neutral or Dissatisfied
87067,Female,25,First-time,Business,Economy,594,14,7.0,1,1,1,1,3,2,3,3,3,3,3,2,3,3,Neutral or Dissatisfied
1606,Female,41,Returning,Personal,Economy Plus,140,0,0.0,5,0,1,2,2,3,2,0,2,4,3,2,3,3,Neutral or Dissatisfied
96616,Female,36,Returning,Business,Business,3058,0,1.0,5,2,3,4,2,4,5,4,4,5,4,2,4,4,Satisfied
85117,Female,59,Returning,Business,Business,2734,16,0.0,5,5,4,5,5,5,5,5,4,2,5,5,5,5,Satisfied
82612,Male,24,First-time,Business,Economy,128,0,0.0,0,4,5,4,1,5,5,5,2,2,3,4,2,3,Satisfied
26425,Male,52,Returning,Business,Economy,787,11,1.0,5,5,1,4,5,2,4,2,4,4,3,4,4,2,Satisfied
41893,Male,46,Returning,Business,Business,129,0,0.0,4,0,5,5,4,5,3,5,2,3,5,0,5,5,Satisfied
123861,Male,55,Returning,Business,Business,544,0,0.0,1,5,5,4,5,3,4,3,3,5,3,5,3,3,Satisfied
111025,Female,27,First-time,Business,Economy,197,0,0.0,3,3,2,3,4,1,1,3,3,3,4,3,3,4,Neutral or Dissatisfied
60659,Male,30,Returning,Personal,Economy,1620,0,0.0,4,4,5,4,1,5,3,5,4,4,4,4,4,4,Neutral or Dissatisfied
4323,Male,36,Returning,Business,Business,2740,0,0.0,5,5,1,4,5,1,3,1,2,1,1,2,1,2,Neutral or Dissatisfied
92274,Male,56,Returning,Business,Economy,2036,0,0.0,4,4,2,1,4,2,1,4,1,1,4,1,1,2,Neutral or Dissatisfied
89467,Male,39,Returning,Business,Business,151,0,0.0,4,4,3,4,4,4,4,4,3,3,4,4,4,5,Satisfied
6646,Female,36,Returning,Business,Business,416,1,0.0,3,3,2,3,3,5,3,5,2,2,5,3,5,5,Satisfied
8736,Male,53,Returning,Business,Business,3824,26,15.0,5,0,3,4,4,4,5,4,5,4,4,0,4,4,Satisfied
69784,Female,27,First-time,Business,Business,1345,0,0.0,5,5,5,5,3,3,3,5,3,3,5,5,3,4,Satisfied
75872,Male,42,Returning,Business,Business,1972,0,0.0,2,3,3,3,3,4,4,4,5,3,4,3,4,4,Satisfied
13639,Female,10,Returning,Business,Business,835,0,0.0,1,1,2,5,1,3,5,2,5,5,4,1,5,4,Satisfied
125165,Male,60,Returning,Business,Business,2063,18,0.0,3,3,3,4,3,4,4,4,5,3,4,3,4,4,Satisfied
16517,Male,52,Returning,Personal,Economy Plus,246,0,0.0,4,1,4,1,3,3,5,3,5,5,4,1,5,4,Neutral or Dissatisfied
108433,Male,39,Returning,Business,Business,1440,3,7.0,3,3,3,4,3,3,5,3,4,3,3,3,3,3,Satisfied
58622,Male,47,Returning,Business,Economy Plus,137,55,43.0,2,2,2,1,2,3,1,3,1,1,3,1,1,3,Neutral or Dissatisfied
1569,Female,45,Returning,Business,Business,1998,0,0.0,2,2,4,4,2,5,5,5,4,2,5,2,5,4,Satisfied
70021,Female,53,Returning,Business,Economy,583,0,0.0,4,4,1,4,4,4,4,4,3,2,4,4,4,4,Neutral or Dissatisfied
81666,Male,39,First-time,Business,Economy,907,0,0.0,2,2,1,2,3,3,5,1,5,5,3,2,5,2,Neutral or Dissatisfied
83266,Female,43,First-time,Business,Business,2079,0,0.0,4,4,4,4,3,4,1,4,1,1,4,4,1,4,Neutral or Dissatisfied
46195,Male,13,Returning,Personal,Economy,423,11,4.0,2,3,4,3,3,4,5,1,5,5,4,3,5,4,Neutral or Dissatisfied
19104,Male,44,First-time,Business,Economy,287,0,9.0,0,1,1,1,3,2,5,3,4,4,4,2,4,5,Neutral or Dissatisfied
35355,Female,24,Returning,Business,Economy,1005,27,38.0,2,2,4,4,2,5,4,2,4,4,2,4,4,3,Satisfied
74123,Male,55,Returning,Business,Business,3713,71,116.0,5,5,5,4,5,3,4,3,5,3,3,5,3,3,Satisfied
12239,Male,62,Returning,Business,Business,2483,0,0.0,4,0,1,2,4,4,4,4,3,1,4,0,4,4,Satisfied
31209,Female,31,Returning,Business,Business,3114,14,4.0,2,2,5,5,2,3,5,4,5,5,5,2,5,1,Satisfied
81532,Male,14,Returning,Business,Economy,1124,0,0.0,1,1,1,3,1,2,4,1,3,3,3,3,3,3,Neutral or Dissatisfied
102134,Male,44,Returning,Business,Business,3097,0,0.0,1,3,3,4,1,4,5,4,5,3,4,1,4,4,Satisfied
107943,Female,7,Returning,Personal,Economy,611,18,9.0,4,1,5,1,1,1,2,1,2,2,2,1,2,1,Neutral or Dissatisfied
34772,Male,23,First-time,Business,Economy,264,20,55.0,4,3,4,3,3,1,1,5,1,1,4,3,1,4,Neutral or Dissatisfied
52506,Male,17,Returning,Personal,Business,160,0,0.0,5,1,3,1,4,3,2,4,1,1,4,1,1,4,Neutral or Dissatisfied
5250,Male,61,Returning,Business,Economy,351,5,10.0,1,1,2,2,1,4,2,5,2,2,3,2,2,3,Neutral or Dissatisfied
71540,Female,57,Returning,Business,Business,1801,0,0.0,2,2,4,4,2,5,4,4,5,5,5,2,5,5,Satisfied
73187,Female,60,Returning,Business,Business,3644,0,0.0,3,3,4,4,3,5,5,5,3,4,5,3,5,5,Satisfied
125367,Male,20,Returning,Personal,Economy,599,0,4.0,4,1,3,1,3,1,5,3,2,2,4,1,2,3,Neutral or Dissatisfied
84177,Male,52,Returning,Personal,Economy,231,20,39.0,5,3,5,3,3,4,3,2,5,5,4,3,5,5,Neutral or Dissatisfied
88187,Male,25,Returning,Business,Business,1544,0,0.0,4,2,1,3,2,2,3,4,3,3,4,3,3,3,Neutral or Dissatisfied
125366,Female,57,Returning,Personal,Economy,599,0,0.0,5,2,5,2,4,2,2,2,2,1,2,2,2,2,Neutral or Dissatisfied
104785,Female,51,Returning,Business,Business,2187,20,16.0,2,2,5,5,2,4,4,4,5,3,4,2,4,4,Satisfied
127620,Male,54,Returning,Business,Business,1773,4,0.0,1,1,4,5,1,2,4,2,5,4,2,1,2,2,Satisfied
4429,Male,52,Returning,Business,Business,2861,28,50.0,3,3,3,5,3,5,4,5,4,3,5,3,5,5,Satisfied
1946,Female,35,Returning,Business,Business,2225,0,0.0,4,4,4,3,4,1,4,1,3,3,1,1,1,1,Neutral or Dissatisfied
79103,Male,70,Returning,Personal,Economy,356,0,0.0,5,4,5,4,3,4,1,2,1,1,5,4,1,5,Satisfied
125564,Male,41,Returning,Personal,Economy,226,0,0.0,5,0,3,0,5,4,3,3,3,3,4,1,3,5,Neutral or Dissatisfied
80808,Female,45,Returning,Business,Business,2071,0,38.0,3,3,5,5,3,5,5,5,4,3,5,3,5,5,Satisfied
102750,Male,44,Returning,Business,Business,2335,6,0.0,5,5,4,4,5,4,4,4,3,2,4,5,4,4,Satisfied
72895,Female,21,Returning,Personal,Business,1096,31,33.0,3,1,1,1,3,2,1,1,5,5,4,1,5,4,Neutral or Dissatisfied
71942,Female,22,Returning,Business,Economy Plus,1744,5,0.0,2,2,3,2,2,4,1,4,2,2,2,2,2,2,Neutral or Dissatisfied
79602,Female,60,Returning,Business,Business,853,0,0.0,5,5,2,3,5,3,4,2,4,4,3,3,3,3,Neutral or Dissatisfied
69734,Female,62,Returning,Personal,Economy,1372,0,0.0,4,2,3,4,2,1,4,2,4,3,1,3,1,1,Neutral or Dissatisfied
522,Female,39,Returning,Business,Business,158,0,18.0,1,1,4,4,1,4,5,4,5,4,4,1,4,5,Satisfied
31392,Female,28,First-time,Business,Economy Plus,895,0,0.0,4,4,3,4,4,2,1,5,2,2,4,4,2,4,Neutral or Dissatisfied
126670,Female,54,Returning,Business,Business,2276,114,88.0,5,5,4,4,5,5,4,5,5,3,5,5,5,5,Satisfied
16661,Female,36,First-time,Business,Economy,488,21,22.0,4,1,2,1,3,2,1,2,1,1,3,1,1,3,Neutral or Dissatisfied
85194,Female,20,First-time,Business,Economy,874,3,11.0,3,3,2,3,3,3,4,5,5,5,4,3,5,3,Neutral or Dissatisfied
69759,Male,63,Returning,Personal,Economy,1085,4,6.0,5,1,5,1,4,4,4,4,3,3,5,2,3,4,Neutral or Dissatisfied
75657,Female,63,Returning,Personal,Economy,304,0,0.0,4,3,5,5,3,4,5,3,3,2,4,3,4,5,Neutral or Dissatisfied
121462,Male,17,First-time,Personal,Economy,331,0,0.0,4,4,2,4,4,2,4,2,4,4,3,4,4,3,Satisfied
101775,Female,11,Returning,Personal,Business,1521,0,11.0,1,4,3,4,4,2,4,1,4,4,4,4,4,3,Satisfied
42876,Male,26,Returning,Personal,Economy,867,0,0.0,1,5,3,5,4,1,4,5,3,3,4,5,3,4,Satisfied
12711,Male,22,First-time,Business,Economy,803,0,0.0,4,4,4,4,3,1,1,5,1,1,3,4,1,4,Neutral or Dissatisfied
42940,Male,67,Returning,Business,Business,2443,0,4.0,1,5,3,5,1,5,5,5,5,2,5,1,5,4,Satisfied
120849,Male,51,Returning,Business,Business,593,3,19.0,1,2,4,4,1,5,5,5,4,5,5,1,5,5,Satisfied
14037,Male,51,Returning,Personal,Economy,1117,26,2.0,5,3,4,3,1,4,4,3,4,4,4,2,4,5,Neutral or Dissatisfied
115568,Male,47,Returning,Business,Business,1729,7,0.0,5,5,5,5,5,5,4,5,5,2,5,5,5,5,Satisfied
56137,Female,27,Returning,Business,Business,1400,10,0.0,4,1,3,3,4,5,3,2,3,3,5,4,3,4,Satisfied
92120,Female,49,Returning,Personal,Economy,1535,0,0.0,3,3,1,3,4,2,4,3,4,3,2,3,2,2,Neutral or Dissatisfied
47949,Male,21,Returning,Personal,Economy,784,0,0.0,3,5,1,5,4,1,1,1,1,1,3,5,1,4,Satisfied
69586,Male,12,Returning,Personal,Economy,2475,15,61.0,4,3,4,5,1,3,4,4,4,3,4,3,3,4,Neutral or Dissatisfied
37785,Male,30,Returning,Business,Economy Plus,1080,18,8.0,3,3,2,3,3,3,4,2,4,4,4,4,4,3,Neutral or Dissatisfied
66254,Female,52,Returning,Personal,Economy,460,0,0.0,4,4,4,3,3,2,3,4,4,1,2,4,2,2,Neutral or Dissatisfied
105072,Male,38,First-time,Business,Business,281,0,5.0,5,5,4,5,1,3,5,2,5,5,5,5,5,4,Satisfied
112555,Male,52,Returning,Business,Business,3000,15,1.0,3,3,4,5,3,4,5,5,3,4,4,3,4,4,Satisfied
13007,Female,53,Returning,Business,Economy,438,0,0.0,3,3,1,4,3,5,5,5,2,5,5,5,5,5,Satisfied
5465,Female,10,Returning,Personal,Economy,265,0,4.0,2,3,3,3,2,2,3,5,3,3,1,3,3,1,Neutral or Dissatisfied
66840,Male,36,First-time,Business,Economy,331,16,10.0,0,1,3,1,1,1,4,5,4,4,4,1,4,2,Neutral or Dissatisfied
121308,Female,18,First-time,Business,Economy,1009,0,0.0,2,2,4,2,4,5,4,2,4,4,4,2,4,5,Neutral or Dissatisfied
55935,Male,39,Returning,Business,Business,1906,0,0.0,2,2,5,5,2,4,4,4,4,3,4,2,4,4,Satisfied
31671,Male,40,Returning,Business,Economy,967,0,0.0,1,1,1,4,1,3,5,2,5,5,4,5,5,5,Satisfied
127589,Male,23,First-time,Business,Business,1074,0,0.0,0,0,3,0,1,4,3,3,3,3,4,0,3,4,Satisfied
111875,Male,23,Returning,Business,Business,1835,11,12.0,3,5,2,3,3,1,3,2,3,3,4,3,3,4,Neutral or Dissatisfied
30067,Female,39,Returning,Business,Business,399,0,0.0,5,5,2,4,5,4,5,4,1,3,4,5,4,4,Satisfied
107990,Female,59,First-time,Business,Economy,271,59,52.0,1,3,3,3,3,1,1,4,1,1,2,3,1,3,Neutral or Dissatisfied
115644,Female,41,Returning,Business,Economy,337,29,18.0,5,5,1,2,5,3,2,2,2,2,3,2,2,3,Neutral or Dissatisfied
119963,Female,34,First-time,Business,Economy,1009,0,0.0,3,3,5,3,5,5,2,5,2,2,4,3,2,2,Neutral or Dissatisfied
29253,Female,22,First-time,Business,Business,834,0,0.0,3,4,3,4,3,4,1,3,1,1,2,4,1,4,Satisfied
36054,Female,45,Returning,Business,Business,3973,0,0.0,1,2,5,3,1,5,2,5,2,3,5,1,5,5,Satisfied
98337,Female,38,First-time,Business,Business,1189,3,0.0,1,1,3,1,3,5,3,5,3,3,5,1,3,5,Neutral or Dissatisfied
79505,Female,58,Returning,Business,Business,2166,164,152.0,5,5,2,2,5,3,2,4,2,2,4,5,4,4,Satisfied
24037,Male,15,Returning,Personal,Economy,562,1,0.0,4,2,3,2,4,5,1,4,1,1,4,2,1,4,Neutral or Dissatisfied
78200,Female,34,Returning,Business,Business,2542,0,0.0,5,5,4,5,5,5,4,5,3,5,5,5,5,4,Satisfied
103887,Female,68,Returning,Personal,Economy,1072,18,0.0,5,4,3,5,3,4,5,4,4,4,4,4,4,4,Neutral or Dissatisfied
45008,Male,20,First-time,Business,Economy,222,0,0.0,2,2,3,2,3,3,2,4,2,2,3,2,2,3,Neutral or Dissatisfied
26528,Female,21,First-time,Business,Business,990,6,13.0,4,1,2,1,4,1,5,2,5,5,3,1,5,3,Neutral or Dissatisfied
42473,Male,59,Returning,Business,Business,3644,24,12.0,5,5,3,3,5,4,4,4,1,1,4,5,4,4,Satisfied
115238,Male,37,First-time,Business,Business,358,2,0.0,3,3,5,3,1,4,4,3,4,4,4,3,4,4,Satisfied
33049,Female,33,Returning,Personal,Economy,216,0,6.0,0,3,3,3,4,5,1,3,1,1,1,3,1,3,Neutral or Dissatisfied
50042,Male,27,First-time,Business,Economy,207,0,0.0,0,2,1,2,1,1,1,5,4,4,4,2,4,2,Neutral or Dissatisfied
98387,Male,44,Returning,Business,Business,2649,0,3.0,5,5,2,4,5,3,4,3,3,2,3,3,3,3,Neutral or Dissatisfied
38129,Female,55,Returning,Business,Business,2919,131,105.0,1,1,1,1,1,3,1,4,1,1,1,1,3,3,Neutral or Dissatisfied
110424,Male,45,Returning,Business,Business,2577,0,0.0,4,2,1,2,2,4,5,4,3,4,4,2,4,4,Satisfied
123996,Male,33,Returning,Business,Economy,184,0,0.0,3,4,1,4,3,3,4,1,4,4,4,4,4,3,Neutral or Dissatisfied
87257,Male,40,Returning,Business,Business,577,0,2.0,4,5,3,4,4,4,5,4,3,3,4,4,4,4,Satisfied
79917,Female,29,First-time,Business,Economy,1096,137,117.0,3,3,5,5,3,3,5,3,5,3,3,3,4,4,Neutral or Dissatisfied
49221,Male,45,Returning,Business,Economy,109,5,5.0,5,5,2,5,5,2,4,4,4,4,3,5,4,5,Satisfied
76387,Male,61,Returning,Business,Business,531,0,0.0,5,5,2,3,5,5,5,5,4,3,5,5,5,5,Satisfied
40384,Female,20,Returning,Personal,Economy,1250,0,0.0,2,2,2,2,3,1,1,2,3,3,3,2,3,4,Neutral or Dissatisfied
92151,Female,23,Returning,Business,Economy Plus,1535,25,0.0,2,2,3,2,2,4,2,1,3,3,3,3,3,4,Neutral or Dissatisfied
99439,Male,33,Returning,Business,Business,2214,207,208.0,3,3,4,4,3,4,4,4,4,4,5,3,3,5,Satisfied
28282,Male,55,Returning,Personal,Economy,2402,0,3.0,2,1,2,2,4,2,2,3,2,1,3,1,3,4,Neutral or Dissatisfied
10736,Female,56,Returning,Business,Business,2103,0,0.0,5,0,5,5,4,1,4,1,3,2,1,0,1,1,Satisfied
85824,Female,36,Returning,Personal,Economy,526,0,0.0,4,4,5,4,3,5,2,3,2,2,5,3,2,5,Neutral or Dissatisfied
61281,Male,15,Returning,Personal,Economy,909,0,0.0,5,3,1,3,3,3,5,3,5,5,2,3,5,5,Neutral or Dissatisfied
23978,Female,39,Returning,Business,Economy Plus,596,46,43.0,4,4,3,4,4,5,4,5,4,4,3,4,4,2,Satisfied
33835,Male,49,Returning,Business,Economy,1609,0,0.0,5,5,1,5,5,3,5,1,5,5,5,5,5,5,Satisfied
94453,Male,51,Returning,Business,Business,562,0,3.0,3,3,5,5,3,5,4,5,3,2,5,3,5,5,Satisfied
10481,Female,50,Returning,Business,Business,1849,31,33.0,0,0,3,4,2,2,4,2,4,2,2,0,2,2,Satisfied
7537,Female,16,Returning,Personal,Economy,762,243,256.0,4,1,4,4,2,4,4,4,4,1,3,1,5,4,Neutral or Dissatisfied
82468,Female,36,Returning,Personal,Economy,502,0,0.0,4,2,4,2,4,3,3,5,3,3,4,2,3,5,Neutral or Dissatisfied
86801,Male,39,Returning,Business,Business,2419,26,22.0,1,5,5,5,1,5,4,4,3,5,5,1,5,5,Satisfied
6230,Male,42,Returning,Business,Business,413,0,0.0,5,5,3,5,5,4,4,4,3,3,4,5,4,4,Satisfied
54394,Male,36,First-time,Business,Economy,305,1,0.0,1,3,3,3,3,3,3,2,3,3,4,3,3,4,Neutral or Dissatisfied
3525,Female,31,Returning,Business,Business,557,0,0.0,1,1,4,4,1,5,4,4,4,4,5,1,4,5,Satisfied
89452,Female,41,Returning,Personal,Economy,134,0,10.0,0,1,5,1,4,1,2,1,1,1,2,1,1,5,Neutral or Dissatisfied
36005,Female,45,Returning,Business,Business,3089,0,0.0,5,4,4,4,4,5,4,5,2,2,5,4,5,5,Satisfied
34579,Male,38,Returning,Business,Business,1598,0,0.0,2,2,2,5,2,5,1,5,5,5,5,2,5,5,Satisfied
74446,Male,46,Returning,Business,Business,1431,14,0.0,5,4,5,4,5,4,4,4,3,2,4,5,4,4,Satisfied
54571,Male,10,Returning,Business,Economy Plus,925,0,0.0,4,4,1,2,4,3,2,4,2,2,4,2,2,3,Neutral or Dissatisfied
7819,Female,36,Returning,Business,Business,1738,0,0.0,5,1,1,3,1,5,2,5,2,5,5,1,5,5,Satisfied
58769,Female,23,First-time,Business,Economy,1012,0,3.0,3,3,4,3,4,4,1,3,1,1,4,3,1,4,Neutral or Dissatisfied
16627,Male,45,Returning,Business,Economy Plus,1008,0,0.0,5,5,4,2,5,5,2,5,2,2,3,2,2,5,Satisfied
19799,Male,56,Returning,Personal,Economy Plus,667,0,0.0,5,2,5,2,1,4,5,4,5,5,4,2,5,5,Neutral or Dissatisfied
116240,Female,48,Returning,Personal,Economy,417,0,0.0,1,3,4,3,3,3,2,3,3,4,3,3,3,3,Neutral or Dissatisfied
98251,Female,40,Returning,Business,Business,1136,65,103.0,2,2,3,4,2,4,4,4,3,5,4,2,4,4,Satisfied
69900,Male,34,Returning,Business,Business,1671,0,0.0,3,3,3,5,3,5,5,5,3,4,5,3,5,5,Satisfied
5683,Female,18,Returning,Business,Business,1905,315,347.0,4,4,3,3,4,2,3,3,3,3,2,3,3,4,Neutral or Dissatisfied
36336,Female,59,Returning,Personal,Economy,187,76,86.0,5,2,4,4,3,2,5,2,3,5,2,2,2,2,Neutral or Dissatisfied
95791,Male,55,Returning,Business,Business,3769,15,14.0,5,5,5,4,5,4,5,4,4,3,4,5,4,5,Satisfied
59353,Female,35,Returning,Business,Business,2338,0,0.0,5,5,4,4,5,5,4,5,4,4,5,5,5,5,Satisfied
15001,Female,21,Returning,Personal,Economy,1154,0,0.0,4,3,3,3,3,5,2,4,3,3,4,3,3,4,Neutral or Dissatisfied
121755,Female,42,Returning,Business,Business,2895,20,7.0,4,4,4,5,4,5,5,5,5,5,5,4,5,5,Satisfied
28106,Male,36,Returning,Business,Economy,569,0,0.0,5,5,4,4,5,5,4,3,4,4,5,4,4,4,Satisfied
60071,Female,45,Returning,Business,Business,1911,0,0.0,1,1,3,5,1,5,5,5,4,3,5,1,5,5,Satisfied
95594,Female,48,First-time,Business,Business,670,0,0.0,2,2,4,2,5,3,5,2,5,5,5,2,5,4,Neutral or Dissatisfied
22612,Female,42,Returning,Business,Business,3211,0,0.0,3,0,4,5,1,1,3,1,2,2,1,0,1,1,Satisfied
40331,Female,23,Returning,Business,Economy Plus,463,0,0.0,1,1,1,5,1,1,3,3,5,5,1,5,5,2,Satisfied
61130,Male,37,First-time,Business,Business,509,4,0.0,1,1,4,1,3,3,3,3,3,3,4,1,3,4,Neutral or Dissatisfied
24070,Male,45,Returning,Personal,Business,866,0,0.0,5,1,3,5,4,3,4,1,5,2,3,1,3,3,Neutral or Dissatisfied
100529,Female,63,Returning,Personal,Economy,580,217,209.0,4,2,3,1,1,5,3,4,3,2,4,2,5,5,Neutral or Dissatisfied
34057,Female,38,Returning,Business,Economy,1674,3,0.0,1,1,2,3,1,1,3,3,3,3,2,3,3,2,Neutral or Dissatisfied
99729,Male,32,First-time,Business,Business,255,69,66.0,3,3,5,3,3,3,5,3,5,5,4,3,5,5,Neutral or Dissatisfied
81995,Male,59,Returning,Business,Business,1535,0,0.0,1,1,3,4,1,3,5,3,4,4,3,1,3,3,Satisfied
40806,Female,61,Returning,Business,Business,584,0,0.0,1,1,4,2,1,1,1,1,2,2,1,1,1,1,Neutral or Dissatisfied
91379,Male,42,Returning,Business,Business,2218,7,0.0,4,4,5,4,4,4,4,4,4,3,4,4,4,4,Satisfied
9641,Female,32,First-time,Business,Business,284,0,10.0,2,2,3,2,4,5,1,5,1,1,5,2,1,4,Neutral or Dissatisfied
129635,Male,39,Returning,Business,Business,1966,0,2.0,1,1,5,4,1,4,5,4,3,5,4,1,4,4,Satisfied
12583,Male,43,Returning,Business,Economy,542,0,0.0,4,4,5,2,4,2,2,4,2,2,1,2,2,4,Satisfied
63884,Female,59,Returning,Business,Business,2608,0,0.0,3,3,2,3,3,1,2,1,4,5,1,1,1,1,Neutral or Dissatisfied
52213,Female,30,Returning,Business,Business,3377,0,0.0,3,5,2,1,3,4,1,1,1,1,3,1,1,3,Neutral or Dissatisfied
36624,Female,62,First-time,Business,Economy,610,0,0.0,3,3,3,3,4,1,4,4,4,4,3,3,4,4,Neutral or Dissatisfied
15044,Male,49,Returning,Business,Economy,516,0,0.0,4,4,4,4,4,5,4,2,4,4,4,4,4,2,Satisfied
57677,Male,52,Returning,Business,Business,1695,9,11.0,2,2,4,4,2,5,4,5,5,3,5,2,5,5,Satisfied
18706,Female,25,First-time,Business,Economy Plus,190,0,0.0,4,2,4,2,1,3,5,1,4,4,3,2,4,2,Neutral or Dissatisfied
6568,Male,30,Returning,Business,Business,473,0,0.0,5,5,3,2,5,3,2,2,2,2,4,5,2,5,Satisfied
44507,Male,23,Returning,Personal,Economy,503,29,18.0,5,2,4,2,1,3,1,3,1,1,4,2,1,5,Neutral or Dissatisfied
45840,Male,21,Returning,Personal,Economy,411,0,0.0,4,3,4,3,3,5,4,4,4,4,5,1,4,4,Neutral or Dissatisfied
16286,Male,50,Returning,Personal,Economy,748,1,7.0,4,3,4,3,3,5,4,5,5,5,4,3,5,4,Neutral or Dissatisfied
91637,Female,36,Returning,Personal,Economy,1199,0,4.0,4,1,1,1,1,1,4,1,4,4,4,1,4,4,Neutral or Dissatisfied
125777,Female,23,First-time,Business,Business,951,0,1.0,0,5,4,5,3,5,1,5,1,1,4,4,1,4,Satisfied
109931,Female,51,Returning,Personal,Economy,1165,37,13.0,5,2,4,3,4,5,5,2,3,2,5,1,5,5,Neutral or Dissatisfied
72261,Male,50,Returning,Business,Business,3106,7,1.0,1,4,3,5,1,5,4,5,5,3,5,1,5,5,Satisfied
49087,Male,42,Returning,Business,Business,372,0,0.0,3,3,4,2,3,5,5,5,5,4,5,3,5,5,Satisfied
18303,Female,42,Returning,Business,Business,813,50,35.0,4,4,4,2,4,3,2,3,5,4,3,4,3,3,Satisfied
74189,Male,62,Returning,Personal,Economy,641,0,0.0,4,2,3,2,3,5,4,5,4,4,4,3,4,4,Neutral or Dissatisfied
46236,Male,22,Returning,Business,Business,752,4,5.0,1,1,3,3,1,2,3,2,3,3,3,3,3,4,Neutral or Dissatisfied
123202,Female,66,Returning,Personal,Economy,650,0,0.0,5,3,1,5,5,5,3,3,4,5,5,3,5,5,Neutral or Dissatisfied
82564,Male,27,First-time,Business,Business,528,4,0.0,4,4,3,4,2,4,2,4,2,2,4,4,2,4,Satisfied
90068,Female,39,Returning,Business,Business,1933,0,0.0,5,2,5,4,5,4,4,4,5,4,4,5,4,4,Satisfied
51091,Female,48,Returning,Personal,Economy,238,0,0.0,5,3,5,5,3,5,5,3,3,4,5,3,5,5,Neutral or Dissatisfied
76364,Female,24,First-time,Business,Economy,931,0,0.0,4,4,5,4,1,3,1,2,1,1,5,4,1,5,Neutral or Dissatisfied
51084,Female,38,Returning,Personal,Economy,373,0,0.0,4,3,3,3,1,4,5,2,5,5,5,3,5,4,Neutral or Dissatisfied
35122,Male,28,Returning,Business,Business,3277,0,0.0,2,2,5,4,2,5,4,4,4,4,3,2,4,5,Satisfied
29291,Female,57,Returning,Business,Business,859,0,0.0,1,1,2,4,1,1,4,1,1,2,1,1,1,1,Neutral or Dissatisfied
117205,Female,23,Returning,Personal,Economy,368,19,12.0,4,4,1,4,3,1,2,2,2,2,3,4,2,3,Neutral or Dissatisfied
114528,Female,14,Returning,Personal,Business,417,0,0.0,5,2,4,2,1,1,2,5,3,3,1,2,3,1,Neutral or Dissatisfied
69685,Male,43,Returning,Business,Business,1801,0,0.0,2,2,4,4,2,4,5,4,4,3,4,2,4,4,Satisfied
69704,Female,36,Returning,Business,Business,1372,0,0.0,1,1,4,5,1,2,5,2,3,2,2,1,2,2,Satisfied
60382,Female,22,First-time,Business,Economy,704,0,0.0,2,2,5,2,3,3,4,4,4,4,5,2,4,5,Neutral or Dissatisfied
67266,Male,37,Returning,Personal,Economy,929,0,0.0,5,2,3,2,4,5,4,5,4,4,5,3,4,4,Neutral or Dissatisfied
9676,Male,58,Returning,Business,Economy,284,235,230.0,1,1,1,1,1,2,1,4,1,1,1,1,4,4,Neutral or Dissatisfied
123632,Female,53,Returning,Business,Business,3311,44,53.0,3,3,3,4,3,5,4,5,4,2,5,3,5,4,Satisfied
22355,Female,36,Returning,Business,Business,2196,0,0.0,2,1,2,3,2,3,4,3,4,2,3,2,3,2,Neutral or Dissatisfied
69337,Male,47,Returning,Business,Business,3018,0,0.0,4,4,5,5,4,3,4,3,5,2,3,4,3,3,Satisfied
52695,Male,54,Returning,Personal,Economy Plus,119,0,0.0,3,1,2,1,4,1,2,2,2,2,3,1,2,4,Neutral or Dissatisfied
119656,Male,59,Returning,Business,Business,507,0,0.0,3,3,5,4,3,4,5,4,4,2,4,3,4,4,Satisfied
62488,Male,30,First-time,Business,Business,1846,0,0.0,2,2,3,2,3,5,2,5,2,2,5,2,2,5,Neutral or Dissatisfied
59581,Male,16,Returning,Business,Economy,956,7,6.0,1,1,3,4,1,3,2,5,4,4,3,4,4,4,Neutral or Dissatisfied
108541,Male,34,Returning,Business,Business,511,12,11.0,2,2,4,4,2,5,4,5,4,2,5,2,5,5,Satisfied
23808,Female,24,Returning,Personal,Economy,374,3,5.0,2,2,4,2,3,3,4,2,5,5,4,2,5,3,Neutral or Dissatisfied
51894,Female,53,Returning,Business,Economy,601,0,0.0,3,3,2,4,3,2,4,1,3,1,2,1,2,2,Neutral or Dissatisfied
91990,Female,25,First-time,Business,Economy,236,0,0.0,1,1,2,1,4,4,5,5,5,5,4,1,5,3,Neutral or Dissatisfied
15272,Male,49,Returning,Business,Business,1892,0,0.0,5,5,1,3,5,4,3,4,5,4,4,5,4,4,Satisfied
3676,Female,42,First-time,Business,Business,431,0,4.0,3,3,5,3,5,5,3,2,3,3,5,3,3,4,Neutral or Dissatisfied
24073,Female,37,Returning,Business,Business,2075,0,0.0,4,2,1,5,4,3,4,3,4,4,3,4,3,3,Satisfied
25426,Female,19,Returning,Business,Business,1717,16,13.0,3,3,2,2,3,3,2,5,2,2,3,2,2,4,Neutral or Dissatisfied
110518,Female,46,Returning,Business,Business,2670,8,0.0,3,3,4,5,3,3,5,4,5,2,3,3,3,3,Satisfied
45444,Male,44,Returning,Personal,Economy Plus,649,63,51.0,3,2,1,2,1,2,1,3,1,1,2,2,1,3,Neutral or Dissatisfied
69097,Female,21,Returning,Personal,Economy,1521,139,151.0,3,2,5,5,3,5,5,1,5,2,2,2,2,3,Neutral or Dissatisfied
19927,Female,47,Returning,Personal,Economy,343,0,0.0,5,1,2,1,2,4,2,1,1,4,4,1,4,4,Neutral or Dissatisfied
109257,Male,57,Returning,Business,Business,655,74,80.0,1,1,4,4,1,4,5,4,4,5,4,1,4,4,Satisfied
53100,Female,50,Returning,Business,Business,1628,22,2.0,2,2,4,4,2,5,4,5,1,3,5,2,5,5,Satisfied
67660,Female,37,Returning,Business,Business,1832,2,0.0,1,1,4,5,1,2,5,2,4,4,2,1,2,2,Satisfied
2228,Male,15,Returning,Business,Business,1917,0,0.0,4,4,5,3,4,3,3,4,3,3,5,4,3,4,Satisfied
53741,Female,33,Returning,Business,Economy Plus,1208,15,0.0,0,0,2,0,2,1,1,4,1,1,4,0,1,2,Satisfied
122002,Male,27,First-time,Business,Business,130,0,0.0,4,4,3,4,1,5,3,2,3,3,4,4,3,4,Satisfied
112365,Male,63,Returning,Business,Business,846,36,12.0,4,4,5,5,4,4,4,4,5,2,4,4,4,4,Satisfied
813,Male,37,First-time,Business,Business,247,2,6.0,2,2,4,2,4,4,3,3,3,3,4,2,3,4,Neutral or Dissatisfied
43610,Female,60,Returning,Business,Business,3956,0,0.0,1,4,1,4,1,1,4,1,1,1,1,3,1,3,Neutral or Dissatisfied
54074,Female,46,Returning,Business,Business,1416,0,0.0,4,4,3,2,4,1,2,1,4,3,1,1,1,1,Neutral or Dissatisfied
39401,Female,27,First-time,Business,Economy,146,0,2.0,4,3,2,3,4,4,3,5,3,3,4,3,3,5,Neutral or Dissatisfied
25953,Male,18,Returning,Business,Economy,946,0,0.0,3,5,1,5,5,2,5,1,4,4,1,4,4,2,Satisfied
54611,Male,18,Returning,Business,Business,964,8,1.0,5,3,2,4,5,4,4,4,4,4,4,5,4,3,Satisfied
37101,Female,52,Returning,Business,Economy,1046,138,130.0,1,1,4,4,1,4,4,3,4,5,3,5,1,2,Satisfied
64518,Male,29,Returning,Personal,Business,224,3,0.0,4,2,5,2,3,4,3,4,3,3,4,2,3,5,Neutral or Dissatisfied
37432,Male,51,Returning,Business,Economy,944,0,0.0,4,4,3,5,4,4,5,2,5,5,3,5,5,2,Satisfied
20877,Male,47,Returning,Business,Economy Plus,457,0,0.0,5,4,5,4,5,4,4,4,4,4,1,4,4,5,Satisfied
13072,Female,46,Returning,Personal,Economy,936,0,0.0,5,2,4,5,3,5,1,2,4,3,5,2,5,5,Neutral or Dissatisfied
93859,Female,14,Returning,Personal,Business,590,0,0.0,2,4,1,4,3,2,1,5,1,1,3,4,1,3,Neutral or Dissatisfied
89975,Female,52,Returning,Business,Business,3076,38,32.0,5,5,4,4,5,4,5,4,5,3,4,5,4,4,Satisfied
40430,Female,29,Returning,Business,Economy,222,0,0.0,1,1,1,1,3,3,1,5,1,1,5,0,1,3,Satisfied
125655,Female,58,Returning,Business,Business,3137,85,76.0,4,5,4,4,4,5,5,5,3,3,5,4,5,5,Satisfied
68770,Male,28,Returning,Business,Economy,1021,6,0.0,2,2,2,3,2,2,3,5,3,3,3,3,3,4,Neutral or Dissatisfied
5107,Female,59,Returning,Personal,Economy,235,0,0.0,5,4,3,4,3,3,5,4,3,4,3,4,3,3,Neutral or Dissatisfied
120367,Female,53,Returning,Business,Business,2342,0,0.0,1,4,5,5,4,4,4,4,3,3,4,4,4,4,Satisfied
19994,Female,48,Returning,Business,Economy,589,121,124.0,3,3,1,3,3,2,4,2,1,1,2,2,2,2,Neutral or Dissatisfied
34451,Female,63,Returning,Personal,Economy,228,0,0.0,5,4,1,1,1,4,3,4,3,1,4,4,4,4,Satisfied
124045,Female,36,Returning,Business,Business,184,0,0.0,4,0,5,5,1,3,5,3,5,2,3,0,3,3,Satisfied
122109,Male,38,Returning,Personal,Economy,83,0,0.0,3,0,4,0,3,1,1,1,1,1,4,4,1,3,Neutral or Dissatisfied
27008,Male,52,Returning,Business,Economy,867,0,6.0,3,3,1,5,3,3,5,5,5,5,2,5,5,2,Satisfied
55329,Female,46,Returning,Personal,Economy,1117,39,27.0,4,4,5,5,2,4,5,4,5,5,4,4,4,4,Satisfied
128259,Male,50,Returning,Business,Business,3776,0,0.0,3,3,2,3,3,2,3,2,1,1,2,2,2,2,Neutral or Dissatisfied
42640,Female,37,Returning,Personal,Economy,481,0,0.0,4,3,4,3,3,5,1,4,1,1,1,3,1,3,Neutral or Dissatisfied
123876,Male,43,Returning,Business,Economy,141,6,0.0,4,4,1,5,4,1,5,2,5,5,5,5,5,5,Satisfied
49093,Male,31,Returning,Business,Economy,86,7,0.0,0,0,2,3,1,2,5,1,5,5,1,0,5,2,Satisfied
3928,Male,55,Returning,Personal,Economy Plus,213,64,64.0,2,1,4,1,4,2,4,3,4,4,3,1,4,4,Neutral or Dissatisfied
16292,Male,51,Returning,Personal,Economy,748,34,6.0,4,2,4,2,3,4,3,4,3,3,1,2,3,1,Neutral or Dissatisfied
60527,Female,58,Returning,Personal,Economy,775,56,43.0,3,1,5,3,3,5,1,1,3,3,5,1,5,5,Neutral or Dissatisfied
93005,Male,23,First-time,Business,Business,1524,0,0.0,0,0,5,0,4,4,4,4,4,4,5,0,4,5,Satisfied
28467,Female,24,First-time,Business,Economy,2588,0,23.0,1,1,2,2,3,3,2,4,2,2,4,2,3,4,Neutral or Dissatisfied
57614,Male,53,Returning,Business,Business,2623,0,0.0,3,3,5,4,3,5,4,5,4,4,5,3,5,5,Satisfied
105392,Female,7,Returning,Personal,Economy,369,0,0.0,1,2,3,2,4,1,4,2,4,4,4,2,4,4,Neutral or Dissatisfied
47643,Female,46,Returning,Business,Economy,1428,0,4.0,4,3,3,4,4,5,2,4,3,4,5,4,5,5,Satisfied
98632,Female,50,Returning,Business,Economy,861,0,0.0,5,5,1,3,5,4,4,4,1,2,4,4,4,4,Neutral or Dissatisfied
45367,Female,27,Returning,Personal,Economy,188,0,0.0,4,2,3,2,3,3,3,3,3,3,4,2,3,4,Neutral or Dissatisfied
55291,Female,43,Returning,Business,Business,1185,0,0.0,1,1,2,2,1,4,4,4,1,2,4,1,4,4,Satisfied
14944,Male,36,Returning,Business,Business,2075,0,0.0,4,4,3,5,4,4,3,5,4,3,4,4,4,4,Satisfied
106319,Male,47,Returning,Business,Business,825,0,0.0,5,5,4,5,5,5,5,5,3,4,5,5,5,5,Satisfied
23836,Male,31,Returning,Business,Business,705,0,0.0,2,2,3,5,2,4,5,4,5,5,1,2,5,2,Satisfied
63072,Female,47,Returning,Personal,Economy,967,0,0.0,5,1,4,5,1,4,5,1,4,4,4,1,4,4,Neutral or Dissatisfied
38981,Female,40,Returning,Business,Economy,230,0,0.0,1,1,4,4,1,5,4,1,4,4,2,4,4,3,Satisfied
102481,Male,21,Returning,Personal,Economy,397,3,0.0,5,2,4,2,4,3,2,3,2,2,4,2,2,4,Neutral or Dissatisfied
104663,Female,31,Returning,Business,Business,641,2,1.0,5,5,5,5,5,3,4,2,4,4,5,5,4,5,Satisfied
104936,Female,44,Returning,Business,Business,1736,12,17.0,5,3,4,4,3,5,5,5,4,4,5,3,5,5,Satisfied
54176,Female,80,Returning,Business,Business,3201,0,0.0,2,2,3,1,2,5,1,5,1,1,5,2,5,5,Satisfied
45387,Male,11,Returning,Personal,Economy Plus,222,0,0.0,3,0,2,0,3,1,2,3,2,2,4,1,2,2,Neutral or Dissatisfied
34477,Male,53,Returning,Business,Business,266,0,8.0,3,4,2,4,3,3,3,3,4,1,3,3,3,3,Neutral or Dissatisfied
37854,Female,30,Returning,Business,Economy,937,0,0.0,3,4,3,4,3,4,4,2,4,4,1,4,4,4,Satisfied
24083,Male,39,Returning,Business,Business,1606,0,0.0,5,5,4,2,5,4,5,4,1,4,4,5,4,4,Satisfied
32105,Female,56,Returning,Business,Business,163,0,0.0,3,0,4,5,3,5,2,5,5,2,5,0,5,5,Satisfied
37093,Female,51,Returning,Business,Business,1801,0,0.0,3,3,1,4,3,5,3,5,4,3,5,3,5,5,Satisfied
78229,Female,32,Returning,Personal,Economy,153,0,0.0,2,4,3,4,3,2,3,4,4,4,3,4,4,3,Satisfied
51564,Female,22,First-time,Business,Economy,370,0,0.0,4,2,3,2,2,3,5,2,5,5,3,2,5,3,Neutral or Dissatisfied
4658,Male,52,Returning,Business,Business,3847,0,0.0,1,5,2,3,1,3,2,3,4,4,3,3,3,3,Neutral or Dissatisfied
14406,Male,54,Returning,Business,Economy Plus,900,28,25.0,4,4,4,3,4,3,2,4,2,2,2,3,2,2,Neutral or Dissatisfied
93023,Male,39,Returning,Personal,Economy,1524,29,48.0,5,2,4,2,3,3,1,2,1,1,4,2,1,3,Neutral or Dissatisfied
17973,Male,43,Returning,Business,Economy Plus,460,0,0.0,4,4,2,4,4,2,4,4,4,4,3,4,4,2,Satisfied
15364,Male,45,Returning,Business,Business,164,0,0.0,1,3,3,2,1,5,4,5,5,2,5,1,5,5,Satisfied
13515,Female,36,Returning,Business,Economy,106,0,0.0,4,4,1,4,4,3,4,2,4,4,2,4,4,1,Satisfied
76055,Female,50,Returning,Business,Business,669,0,29.0,5,5,5,5,5,4,5,4,4,2,4,5,4,4,Satisfied
48552,Female,42,Returning,Personal,Economy,845,0,0.0,4,4,5,4,3,4,4,4,5,3,4,4,4,4,Neutral or Dissatisfied
112155,Female,20,First-time,Business,Economy,895,119,114.0,2,2,3,2,3,1,1,3,1,1,4,3,1,3,Neutral or Dissatisfied
59489,Male,54,Returning,Personal,Economy,901,3,0.0,1,2,4,2,3,1,4,4,4,4,4,2,4,4,Neutral or Dissatisfied
58527,Female,64,Returning,Personal,Economy,719,50,23.0,4,2,5,4,4,3,4,2,3,5,3,3,3,2,Neutral or Dissatisfied
33144,Female,43,Returning,Personal,Economy,101,0,0.0,4,0,5,5,3,1,5,0,4,4,1,2,1,1,Neutral or Dissatisfied
57608,Male,32,First-time,Business,Business,200,6,0.0,4,4,4,4,3,4,3,2,3,3,4,4,3,5,Neutral or Dissatisfied
60214,Female,43,First-time,Business,Business,1546,291,277.0,5,5,4,4,1,3,4,5,4,4,5,4,3,5,Neutral or Dissatisfied
40461,Male,37,First-time,Business,Economy,290,0,0.0,3,1,3,1,3,1,1,1,1,1,3,1,1,4,Neutral or Dissatisfied
59157,Male,55,Returning,Business,Business,1846,4,0.0,3,3,5,3,3,5,5,5,3,5,5,3,5,5,Satisfied
4416,Female,29,Returning,Business,Business,2987,0,0.0,5,5,5,3,5,3,3,3,3,3,5,5,3,5,Satisfied
35116,Male,19,Returning,Business,Business,1028,0,0.0,4,4,4,5,4,3,5,3,5,5,1,4,5,2,Satisfied
68049,Female,55,Returning,Business,Business,813,1,0.0,2,2,3,4,2,5,5,5,3,5,5,2,5,5,Satisfied
83808,Female,31,Returning,Business,Economy,425,30,38.0,3,3,1,3,3,1,3,2,3,3,4,3,3,3,Neutral or Dissatisfied
1060,Male,24,Returning,Personal,Economy,113,0,0.0,1,0,1,0,2,4,1,5,1,1,2,5,1,2,Satisfied
94100,Female,55,Returning,Personal,Business,562,8,8.0,5,3,5,5,3,5,5,3,3,4,5,3,5,2,Neutral or Dissatisfied
20714,Male,56,Returning,Business,Economy,707,0,0.0,5,4,3,5,4,4,5,3,5,5,5,5,5,3,Satisfied
31746,Male,48,Returning,Personal,Economy Plus,846,0,0.0,2,1,3,1,4,4,2,4,2,2,4,1,2,3,Neutral or Dissatisfied
88451,Female,27,Returning,Business,Business,1550,8,7.0,5,5,4,1,5,3,1,1,1,1,4,1,1,3,Neutral or Dissatisfied
923,Male,43,Returning,Business,Business,2954,0,0.0,2,2,3,4,2,2,4,1,3,5,2,3,2,3,Neutral or Dissatisfied
11007,Female,46,Returning,Business,Business,267,0,4.0,5,5,3,2,5,5,4,5,4,5,5,5,5,5,Satisfied
12815,Female,28,First-time,Business,Economy,817,0,0.0,1,1,1,1,5,5,4,2,4,4,5,1,4,4,Neutral or Dissatisfied
71807,Male,29,Returning,Business,Economy,1846,0,12.0,3,3,4,2,3,3,2,5,2,2,3,2,2,3,Neutral or Dissatisfied
59341,Female,41,Returning,Business,Business,2338,8,0.0,3,3,5,4,3,4,5,4,4,4,4,3,4,4,Satisfied
56136,Female,31,Returning,Business,Business,1400,0,0.0,5,5,3,5,5,4,5,3,5,5,4,5,5,5,Satisfied
125804,Male,51,Returning,Business,Business,1758,0,0.0,1,1,4,4,1,4,5,4,4,4,4,1,4,4,Satisfied
69204,Male,35,First-time,Business,Business,733,0,17.0,1,1,4,1,3,3,2,4,2,2,5,1,2,4,Neutral or Dissatisfied
111926,Male,70,Returning,Personal,Economy,472,3,10.0,5,2,3,2,1,4,3,4,2,2,5,2,2,4,Neutral or Dissatisfied
72372,Male,54,Returning,Business,Business,1580,0,0.0,2,2,3,5,2,4,4,4,4,3,4,2,4,4,Satisfied
87968,Male,47,Returning,Business,Business,1798,2,13.0,2,2,3,4,2,5,5,5,3,3,5,2,5,5,Satisfied
88479,Female,17,First-time,Business,Economy,270,0,3.0,3,4,2,4,4,2,3,4,3,3,3,4,3,3,Neutral or Dissatisfied
16870,Male,36,Returning,Business,Business,746,32,23.0,2,2,4,4,2,4,2,4,3,1,4,2,4,4,Satisfied
9655,Female,60,Returning,Business,Business,3602,74,78.0,2,2,4,4,2,4,5,4,4,2,4,2,4,5,Satisfied
73199,Female,46,Returning,Business,Business,3241,2,0.0,2,2,4,3,2,2,3,2,4,1,2,2,2,2,Neutral or Dissatisfied
8919,Male,57,Returning,Business,Business,1741,0,0.0,4,4,5,4,4,5,4,5,3,4,5,4,5,5,Satisfied
48793,Male,59,Returning,Business,Business,109,0,0.0,5,0,5,4,2,2,5,2,4,3,2,0,2,2,Satisfied
81100,Male,30,Returning,Business,Business,991,0,0.0,3,4,4,5,4,5,4,4,4,4,5,4,4,4,Satisfied
40762,Male,41,Returning,Business,Business,3754,0,0.0,4,4,3,1,4,4,5,4,3,1,4,4,4,4,Satisfied
87890,Male,53,Returning,Business,Business,2349,0,0.0,2,2,4,5,2,4,5,4,3,3,4,2,4,4,Satisfied
7217,Male,32,Returning,Business,Economy,135,68,55.0,4,4,1,3,4,2,3,4,3,3,3,3,3,4,Neutral or Dissatisfied
82596,Male,44,Returning,Business,Economy,408,0,0.0,1,1,3,4,1,1,4,3,4,4,4,4,4,3,Neutral or Dissatisfied
6688,Female,37,Returning,Business,Economy,403,75,69.0,2,2,2,4,2,1,4,2,4,4,3,4,4,3,Neutral or Dissatisfied
18767,Male,27,First-time,Business,Business,448,0,0.0,5,5,4,5,1,3,1,4,1,1,5,5,1,4,Satisfied
91606,Male,60,Returning,Business,Business,1340,8,2.0,1,3,5,4,1,4,5,4,3,5,4,1,4,4,Satisfied
29498,Female,51,Returning,Business,Economy,707,0,0.0,5,5,1,4,5,3,4,3,4,5,3,3,3,3,Neutral or Dissatisfied
2463,Female,40,Returning,Business,Economy,773,15,26.0,4,4,4,3,4,2,3,5,3,3,4,3,3,4,Neutral or Dissatisfied
51188,Male,39,First-time,Business,Economy Plus,373,0,0.0,2,2,4,2,1,2,5,2,5,5,2,2,5,2,Neutral or Dissatisfied
123497,Female,60,Returning,Business,Economy,2296,0,0.0,2,5,3,2,5,4,4,4,4,3,4,4,4,4,Neutral or Dissatisfied
59116,Female,18,Returning,Personal,Economy,1846,6,7.0,2,3,4,3,4,4,2,4,2,2,4,3,2,2,Neutral or Dissatisfied
125737,Male,36,First-time,Business,Business,992,109,108.0,1,1,3,1,3,4,3,3,3,3,3,1,3,3,Neutral or Dissatisfied
56358,Male,37,Returning,Personal,Economy,200,60,59.0,4,0,1,0,4,1,4,2,4,4,5,2,4,5,Neutral or Dissatisfied
54992,Male,59,Returning,Business,Business,1346,0,0.0,2,2,4,5,2,4,5,4,3,4,4,2,4,4,Satisfied
25228,Male,30,First-time,Business,Economy,925,0,4.0,5,5,1,5,1,4,3,2,3,3,5,5,3,4,Satisfied
11978,Male,50,Returning,Business,Business,667,0,0.0,1,1,5,5,1,4,5,4,4,3,4,1,4,4,Satisfied
29047,Female,68,Returning,Personal,Economy,954,0,5.0,2,2,2,4,3,4,3,2,3,5,4,2,4,4,Neutral or Dissatisfied
78078,Female,46,Returning,Business,Business,1574,30,38.0,2,2,4,4,2,4,4,4,5,3,4,2,4,5,Satisfied
31889,Male,35,Returning,Business,Business,2762,0,0.0,4,4,1,2,4,1,2,2,1,3,1,1,1,1,Neutral or Dissatisfied
15927,Female,31,Returning,Business,Business,607,0,0.0,1,1,2,4,1,5,4,4,4,4,1,1,4,3,Satisfied
117834,Female,32,Returning,Personal,Economy,328,2,0.0,3,3,2,3,4,2,5,2,5,5,4,3,5,4,Neutral or Dissatisfied
82963,Female,31,Returning,Business,Business,957,2,12.0,3,5,4,5,3,4,5,3,5,5,5,3,5,4,Satisfied
9643,Male,41,Returning,Business,Business,277,0,0.0,1,1,4,5,1,5,5,5,4,3,5,1,5,5,Satisfied
85541,Female,49,Returning,Business,Business,259,15,12.0,1,1,4,5,1,4,5,4,5,5,4,1,4,4,Satisfied
12995,Female,43,Returning,Business,Economy,374,0,0.0,2,2,2,3,2,4,1,4,3,4,4,4,4,4,Satisfied
61213,Male,62,First-time,Business,Economy,862,70,76.0,4,4,2,4,4,4,4,4,4,4,4,3,4,3,Neutral or Dissatisfied
50543,Female,13,Returning,Personal,Economy,238,0,0.0,5,1,4,1,3,5,2,3,2,2,4,1,2,4,Neutral or Dissatisfied
344,Male,8,Returning,Personal,Economy,821,18,13.0,1,2,4,2,4,2,1,5,1,1,4,2,1,4,Neutral or Dissatisfied
72950,Male,45,Returning,Business,Economy,1089,0,0.0,3,3,4,3,3,4,3,4,3,3,3,3,3,4,Neutral or Dissatisfied
128850,Female,14,Returning,Personal,Economy,2586,3,0.0,4,3,2,2,2,4,2,3,2,3,4,3,5,5,Neutral or Dissatisfied
3320,Male,60,Returning,Business,Business,213,0,1.0,4,4,5,4,4,4,5,4,4,2,4,4,4,5,Satisfied
41518,Male,25,First-time,Business,Economy,715,120,119.0,3,3,1,3,5,3,3,3,3,3,1,3,3,4,Neutral or Dissatisfied
38139,Male,17,Returning,Personal,Economy,1010,5,19.0,4,2,3,2,4,1,3,2,3,3,4,2,3,3,Neutral or Dissatisfied
116234,Female,59,Returning,Personal,Economy,337,90,70.0,1,1,4,4,4,1,4,1,2,5,1,1,1,5,Neutral or Dissatisfied
112585,Female,15,Returning,Business,Business,602,0,0.0,3,3,4,5,3,5,5,4,5,5,4,3,5,5,Satisfied
50601,Male,43,Returning,Personal,Economy,304,0,0.0,5,2,5,2,5,3,1,3,5,5,5,2,5,5,Neutral or Dissatisfied
10953,Female,27,First-time,Business,Economy,191,24,18.0,1,3,3,3,3,1,4,5,4,4,4,2,4,4,Neutral or Dissatisfied
126031,Male,37,Returning,Business,Business,600,48,40.0,2,2,5,5,2,5,5,5,3,2,5,2,5,5,Satisfied
4519,Female,35,Returning,Personal,Economy Plus,551,31,28.0,3,2,1,2,4,1,1,2,1,1,4,2,1,4,Neutral or Dissatisfied
5263,Female,56,Returning,Business,Business,1580,34,25.0,5,4,1,3,5,2,3,3,1,2,2,2,2,2,Neutral or Dissatisfied
44988,Male,27,First-time,Business,Business,224,0,0.0,3,3,2,3,4,1,3,4,3,3,3,3,3,3,Neutral or Dissatisfied
41664,Female,22,First-time,Business,Economy,843,0,4.0,2,2,4,2,4,1,5,2,5,5,3,3,5,4,Neutral or Dissatisfied
109829,Male,55,Returning,Business,Economy,1079,10,0.0,1,1,4,4,1,1,4,5,4,4,3,4,4,3,Neutral or Dissatisfied
129353,Male,11,Returning,Personal,Economy,2475,0,0.0,4,3,3,3,4,3,4,3,4,4,4,3,4,5,Neutral or Dissatisfied
117550,Male,40,First-time,Business,Business,347,5,1.0,1,1,3,1,4,5,1,5,2,2,5,1,2,4,Neutral or Dissatisfied
51678,Female,19,First-time,Business,Economy,261,0,9.0,3,2,3,2,3,4,4,4,4,4,3,2,4,4,Neutral or Dissatisfied
108923,Female,44,Returning,Personal,Economy,1183,5,0.0,5,4,3,5,3,5,4,4,5,2,5,4,5,2,Satisfied
47481,Male,37,Returning,Personal,Economy,590,0,0.0,5,2,5,2,3,5,2,4,2,2,5,2,2,4,Neutral or Dissatisfied
32719,Male,46,Returning,Business,Economy,163,0,0.0,4,4,1,5,4,1,5,4,5,5,2,5,5,2,Satisfied
48288,Female,60,Returning,Business,Business,1510,93,77.0,1,1,4,5,1,4,3,4,3,5,4,1,4,4,Satisfied
22210,Male,45,Returning,Personal,Economy,565,0,0.0,4,2,5,2,2,3,3,2,3,3,5,2,3,5,Neutral or Dissatisfied
110383,Female,52,Returning,Business,Business,3164,12,4.0,5,5,4,5,5,2,5,2,3,2,2,5,2,2,Satisfied
125063,Female,41,Returning,Personal,Economy,90,0,0.0,2,2,3,2,3,2,2,3,2,2,3,2,2,3,Neutral or Dissatisfied
94420,Male,53,Returning,Business,Business,239,0,0.0,4,4,4,4,4,5,5,5,4,3,5,4,5,5,Satisfied
84476,Female,60,Returning,Personal,Economy,1142,0,0.0,5,1,1,3,2,2,5,1,2,3,2,1,2,3,Neutral or Dissatisfied
46952,Female,64,Returning,Personal,Economy,844,0,1.0,5,2,3,5,2,1,5,2,3,5,1,2,1,1,Neutral or Dissatisfied
115389,Male,43,Returning,Business,Business,337,0,0.0,5,3,3,3,5,3,4,3,3,3,3,3,3,3,Neutral or Dissatisfied
114053,Female,21,Returning,Business,Business,1947,79,67.0,2,5,3,5,5,5,5,3,5,5,5,5,5,3,Satisfied
43273,Male,40,Returning,Business,Business,1610,0,0.0,5,5,5,4,5,5,5,5,3,3,5,5,5,5,Satisfied
23259,Male,69,Returning,Personal,Economy,783,112,111.0,5,3,5,3,4,5,2,3,2,2,4,3,2,5,Neutral or Dissatisfied
24538,Female,43,Returning,Business,Economy,874,0,0.0,2,2,1,3,2,5,3,5,4,1,5,5,5,5,Satisfied
93203,Female,40,Returning,Personal,Business,1756,11,0.0,4,3,5,2,5,1,1,3,2,4,1,3,1,1,Neutral or Dissatisfied
89163,Male,41,Returning,Personal,Economy,2139,6,5.0,4,3,3,3,3,4,1,4,3,3,5,4,3,5,Satisfied
126777,Male,41,First-time,Business,Business,2296,0,0.0,3,3,4,3,3,3,5,3,5,5,4,3,5,4,Neutral or Dissatisfied
120911,Female,42,First-time,Business,Business,861,32,23.0,3,3,4,3,1,4,5,2,5,5,4,3,5,4,Satisfied
62642,Male,49,Returning,Personal,Economy,1744,0,0.0,5,1,5,1,5,4,5,4,5,5,5,1,5,3,Neutral or Dissatisfied
69865,Female,64,Returning,Personal,Economy,1055,0,0.0,4,1,4,4,4,2,4,1,4,2,2,1,2,2,Neutral or Dissatisfied
10033,Female,60,Returning,Business,Business,3648,0,0.0,4,4,3,5,4,5,5,4,3,2,5,4,5,5,Satisfied
21787,Female,46,Returning,Business,Business,2395,0,0.0,5,5,4,5,5,5,1,5,5,2,5,5,5,5,Satisfied
123204,Female,49,Returning,Personal,Economy,468,17,24.0,4,2,4,4,2,3,4,2,4,4,3,3,3,3,Neutral or Dissatisfied
105222,Female,45,Returning,Business,Business,3597,22,11.0,4,4,3,4,4,2,5,2,4,3,2,4,2,2,Satisfied
58574,Female,48,Returning,Business,Business,3612,0,0.0,1,1,3,4,1,4,4,4,5,2,4,1,4,4,Satisfied
16073,Female,7,Returning,Personal,Economy,501,8,5.0,3,2,1,2,4,2,1,2,1,1,4,2,1,4,Neutral or Dissatisfied
30153,Female,35,Returning,Personal,Economy,571,13,4.0,5,4,3,4,4,4,4,2,4,4,4,4,4,5,Neutral or Dissatisfied
78886,Female,52,Returning,Business,Business,1727,1,1.0,3,3,4,4,3,4,4,4,3,4,4,3,4,4,Satisfied
104437,Male,41,Returning,Personal,Economy,1024,0,20.0,5,0,3,0,3,4,1,5,1,1,4,1,1,5,Neutral or Dissatisfied
77127,Female,47,Returning,Business,Business,1481,0,0.0,4,4,3,5,4,4,4,4,4,2,4,4,4,4,Satisfied
116183,Female,55,Returning,Personal,Economy,480,8,0.0,4,3,1,3,4,1,4,3,1,1,1,3,1,3,Neutral or Dissatisfied
90065,Male,25,First-time,Business,Economy,1084,0,0.0,3,3,4,3,4,3,2,4,1,1,5,3,1,5,Neutral or Dissatisfied
63142,Female,10,Returning,Personal,Business,447,0,0.0,5,3,5,3,1,4,3,2,1,1,4,3,1,4,Neutral or Dissatisfied
11863,Female,31,Returning,Business,Business,1042,54,53.0,5,3,2,2,5,3,2,4,2,2,3,2,2,4,Neutral or Dissatisfied
15336,Male,8,Returning,Personal,Economy,599,0,0.0,2,1,3,1,3,3,4,3,4,4,4,1,4,3,Neutral or Dissatisfied
120510,Female,63,Returning,Personal,Economy Plus,449,0,0.0,3,5,3,4,3,2,4,5,1,2,2,5,2,2,Satisfied
23128,Female,53,Returning,Business,Business,223,0,0.0,5,5,4,5,5,4,5,4,2,5,4,5,4,3,Satisfied
55703,Male,27,Returning,Personal,Economy,1062,0,8.0,2,5,2,5,3,1,5,2,5,5,3,5,5,3,Satisfied
120974,Female,31,Returning,Business,Business,1898,0,0.0,4,5,2,2,5,4,2,1,2,2,3,2,2,3,Neutral or Dissatisfied
55779,Male,36,Returning,Personal,Economy,599,0,8.0,4,3,4,3,4,4,3,2,3,3,5,3,3,1,Neutral or Dissatisfied
41271,Male,23,Returning,Personal,Economy,305,4,8.0,5,2,4,2,4,4,1,5,3,3,4,2,3,5,Neutral or Dissatisfied
15582,Male,34,Returning,Business,Economy,283,0,0.0,4,4,2,5,4,5,5,2,5,5,4,5,5,4,Satisfied
56993,Female,19,Returning,Personal,Economy,2454,0,10.0,3,1,3,3,2,5,3,3,3,1,4,1,2,3,Neutral or Dissatisfied
18273,Male,41,Returning,Personal,Economy,228,25,68.0,3,3,3,3,1,5,4,4,4,4,3,3,4,1,Neutral or Dissatisfied
77527,Male,26,Returning,Business,Business,2320,0,0.0,3,3,5,2,3,4,2,2,2,2,4,3,2,4,Satisfied
58203,Female,26,First-time,Business,Business,925,18,0.0,4,0,4,0,3,3,2,2,2,2,4,1,2,5,Neutral or Dissatisfied
81261,Female,39,Returning,Business,Business,1578,86,,1,1,5,4,1,4,5,4,3,5,4,1,4,4,Satisfied
51086,Female,66,Returning,Personal,Economy,110,7,5.0,3,3,4,4,4,5,4,3,3,4,5,3,5,5,Neutral or Dissatisfied
6063,Female,18,Returning,Personal,Economy,630,0,4.0,5,2,1,2,1,1,5,3,4,4,2,2,4,4,Neutral or Dissatisfied
3526,Male,60,Returning,Business,Business,557,0,26.0,2,2,2,4,2,1,3,1,3,2,1,1,1,1,Neutral or Dissatisfied
66301,Female,45,Returning,Business,Business,852,0,0.0,1,1,5,4,1,4,5,4,4,5,4,1,4,4,Satisfied
20507,Female,7,Returning,Personal,Economy,130,23,20.0,0,2,3,2,4,5,3,3,3,3,4,2,3,5,Neutral or Dissatisfied
20099,Male,39,Returning,Business,Economy,466,120,120.0,3,5,5,5,3,2,5,3,5,5,2,5,5,3,Satisfied
63192,Female,47,Returning,Business,Business,2080,0,0.0,2,3,4,4,2,2,5,2,4,5,2,2,2,2,Satisfied
4921,Female,57,Returning,Personal,Economy,1020,0,0.0,1,4,2,3,3,5,4,4,2,3,5,4,5,5,Neutral or Dissatisfied
68400,Female,25,Returning,Business,Economy,1045,148,149.0,4,4,2,2,4,1,2,2,2,2,1,2,1,3,Neutral or Dissatisfied
87376,Female,50,Returning,Business,Business,425,0,0.0,2,2,4,4,2,4,5,5,5,3,4,2,4,4,Satisfied
11991,Female,23,Returning,Personal,Economy,643,0,3.0,4,3,2,3,3,4,5,3,5,5,5,3,5,1,Neutral or Dissatisfied
60128,Female,53,Returning,Business,Business,3594,0,0.0,4,2,3,5,4,2,4,2,4,3,2,4,2,2,Satisfied
38673,Male,49,Returning,Personal,Economy,2588,0,0.0,3,4,1,4,4,1,4,3,2,2,3,3,2,2,Neutral or Dissatisfied
67591,Female,45,First-time,Business,Business,1464,49,41.0,3,3,4,2,2,4,1,2,3,3,4,2,3,4,Neutral or Dissatisfied
115284,Male,36,First-time,Business,Economy,446,104,100.0,2,4,4,4,4,2,4,2,5,5,3,4,5,4,Neutral or Dissatisfied
9627,Male,19,Returning,Personal,Economy Plus,292,3,0.0,5,2,5,2,1,4,3,5,3,3,4,2,3,4,Neutral or Dissatisfied
75288,Male,56,Returning,Business,Business,1652,0,0.0,4,4,4,3,4,5,4,5,4,5,5,4,5,5,Satisfied
116544,Female,36,Returning,Personal,Economy,373,16,28.0,4,3,1,3,3,4,4,4,3,3,2,3,3,4,Neutral or Dissatisfied
113158,Male,45,Returning,Business,Economy,677,0,0.0,5,4,2,3,5,3,3,3,3,3,3,3,3,3,Neutral or Dissatisfied
106256,Female,53,Returning,Business,Business,1500,0,9.0,5,5,3,5,5,4,4,5,5,4,4,5,4,4,Satisfied
100651,Female,62,Returning,Personal,Economy Plus,349,0,0.0,4,2,1,3,4,2,4,2,4,1,2,2,2,2,Neutral or Dissatisfied
110562,Female,60,Returning,Business,Economy,643,0,0.0,3,3,3,3,3,3,3,3,2,5,3,3,3,3,Neutral or Dissatisfied
119475,Male,49,Returning,Business,Business,759,0,0.0,2,2,5,5,2,4,4,4,3,5,4,2,4,4,Satisfied
49872,Female,39,Returning,Business,Economy,156,0,0.0,2,2,4,5,2,4,5,1,5,5,1,5,5,3,Satisfied
117110,Female,17,Returning,Business,Business,621,2,0.0,3,3,5,2,3,4,2,2,2,2,2,3,2,3,Satisfied
128633,Female,39,Returning,Personal,Economy,954,18,3.0,5,1,3,1,2,4,5,3,3,3,5,1,3,5,Neutral or Dissatisfied
100857,Female,10,First-time,Business,Economy,711,76,77.0,1,1,2,1,3,3,1,2,1,1,4,2,1,4,Neutral or Dissatisfied
65296,Male,50,Returning,Personal,Economy Plus,551,0,0.0,3,1,3,1,4,1,5,3,5,5,4,1,5,3,Neutral or Dissatisfied
87126,Female,41,Returning,Personal,Economy,594,9,5.0,2,2,2,2,3,3,4,4,2,2,2,2,2,2,Neutral or Dissatisfied
119529,Male,62,Returning,Personal,Economy,899,119,92.0,4,1,4,1,3,4,1,4,1,1,4,2,1,5,Neutral or Dissatisfied
96966,Male,27,First-time,Business,Business,883,32,32.0,5,5,5,5,2,3,5,4,4,4,5,5,4,4,Satisfied
40222,Female,53,Returning,Business,Economy,436,0,8.0,1,1,3,4,1,1,3,1,1,1,1,1,1,1,Neutral or Dissatisfied
86343,Male,15,Returning,Business,Business,749,12,15.0,3,3,5,4,3,5,4,5,4,4,5,3,4,5,Satisfied
70905,Female,53,Returning,Personal,Economy,1721,84,86.0,4,0,5,5,4,3,5,0,5,4,3,0,3,5,Satisfied
101069,Male,49,Returning,Business,Business,1908,14,5.0,3,3,5,5,3,3,5,4,3,3,3,3,3,3,Satisfied
110936,Male,58,Returning,Personal,Economy,545,0,0.0,4,1,1,1,3,2,2,5,2,2,5,1,2,4,Neutral or Dissatisfied
99038,Female,45,Returning,Personal,Economy,1009,43,36.0,4,3,5,1,4,3,1,3,4,4,3,3,3,3,Neutral or Dissatisfied
55897,Female,23,First-time,Business,Economy,733,0,0.0,2,2,1,2,3,3,2,4,2,2,3,2,2,3,Neutral or Dissatisfied
12860,Male,47,Returning,Business,Economy Plus,528,0,6.0,2,4,3,4,2,2,4,4,4,4,3,4,4,3,Satisfied
45204,Male,20,Returning,Personal,Business,911,0,3.0,4,4,3,4,4,3,1,4,5,5,4,4,5,3,Satisfied
23823,Female,65,Returning,Personal,Economy,438,0,0.0,4,2,4,4,3,1,4,2,3,5,1,2,1,1,Neutral or Dissatisfied
19552,Male,50,Returning,Business,Business,1578,67,72.0,5,5,2,3,5,3,3,2,3,3,3,1,3,1,Neutral or Dissatisfied
687,Male,32,Returning,Business,Business,282,0,0.0,3,5,4,4,3,5,4,3,4,4,4,3,4,4,Satisfied
32469,Male,41,Returning,Business,Business,163,0,0.0,3,3,3,5,3,5,1,5,1,1,5,3,5,5,Satisfied
3276,Female,67,Returning,Business,Business,425,0,0.0,3,3,1,4,3,3,4,3,4,3,3,3,3,3,Neutral or Dissatisfied
7245,Female,27,Returning,Personal,Economy,135,0,0.0,0,4,3,4,3,1,3,4,3,3,4,4,3,5,Satisfied
118694,Male,61,Returning,Personal,Economy,368,0,0.0,3,1,4,1,4,2,2,4,2,2,3,3,2,4,Neutral or Dissatisfied
12018,Female,38,Returning,Business,Economy,376,0,0.0,1,1,2,2,1,3,2,2,2,2,2,2,2,2,Satisfied
70686,Female,53,Returning,Personal,Economy,447,0,0.0,5,4,4,4,1,1,4,4,4,2,1,2,1,1,Neutral or Dissatisfied
123038,Male,43,First-time,Business,Economy,590,0,0.0,4,1,4,1,3,4,4,2,2,2,3,1,2,3,Neutral or Dissatisfied
24176,Female,36,Returning,Business,Business,151,12,14.0,4,4,3,2,4,5,1,5,1,4,5,4,5,5,Satisfied
93587,Female,36,Returning,Personal,Economy,159,0,5.0,5,2,4,2,4,3,5,3,5,5,5,2,5,5,Neutral or Dissatisfied
19482,Male,11,Returning,Personal,Economy,177,0,0.0,1,2,1,2,1,2,5,1,5,5,1,2,5,1,Neutral or Dissatisfied
91659,Male,48,Returning,Personal,Economy,1340,0,0.0,4,5,4,5,5,3,2,2,2,2,5,4,2,3,Neutral or Dissatisfied
47007,Female,50,Returning,Personal,Economy Plus,844,0,4.0,5,3,3,4,1,1,4,3,5,5,1,3,1,1,Neutral or Dissatisfied
68789,Female,30,First-time,Business,Business,861,0,0.0,2,2,5,2,3,3,1,2,1,1,5,2,1,5,Neutral or Dissatisfied
41585,Female,42,Returning,Personal,Economy,1482,0,2.0,3,2,1,1,4,4,3,2,3,4,4,2,4,3,Neutral or Dissatisfied
10007,Female,16,Returning,Personal,Economy,534,6,51.0,4,3,4,3,3,3,3,5,4,4,4,2,4,4,Neutral or Dissatisfied
21014,Female,35,Returning,Personal,Business,106,0,0.0,4,0,3,5,1,4,5,0,5,2,4,4,4,5,Satisfied
105379,Female,24,First-time,Business,Economy,369,28,27.0,0,2,3,2,5,5,1,3,5,5,4,2,5,5,Neutral or Dissatisfied
35965,Female,13,Returning,Personal,Economy,231,0,0.0,5,0,4,0,4,3,3,5,2,2,1,0,2,3,Satisfied
116858,Female,37,First-time,Business,Business,370,111,102.0,2,2,3,2,1,4,5,4,5,5,4,2,5,5,Neutral or Dissatisfied
120927,Female,27,First-time,Business,Business,992,0,5.0,2,2,3,2,2,4,4,2,2,2,5,3,2,4,Neutral or Dissatisfied
7002,Female,25,First-time,Business,Business,234,0,0.0,5,3,5,3,2,3,2,2,2,2,5,3,2,5,Neutral or Dissatisfied
72704,Female,53,Returning,Business,Business,2054,0,0.0,2,1,3,5,2,5,5,5,4,2,5,2,5,5,Satisfied
37545,Female,23,First-time,Business,Economy,1076,0,0.0,2,2,3,2,4,2,5,2,5,5,4,2,5,3,Neutral or Dissatisfied
15034,Female,49,Returning,Business,Business,488,6,18.0,2,5,3,1,2,5,5,5,4,3,5,2,5,5,Satisfied
59541,Female,34,Returning,Business,Business,861,0,0.0,2,2,3,4,2,4,4,4,5,5,4,2,4,4,Satisfied
112120,Female,57,Returning,Business,Business,1755,0,0.0,3,3,4,5,3,4,4,4,5,4,4,3,4,4,Satisfied
83037,Male,24,First-time,Business,Economy,983,0,12.0,4,4,3,4,4,2,3,3,1,1,4,4,1,3,Neutral or Dissatisfied
129299,Female,44,Returning,Business,Business,550,2,0.0,3,3,4,4,3,5,4,5,3,5,5,3,5,5,Satisfied
43143,Male,39,Returning,Personal,Economy Plus,192,36,40.0,5,3,5,3,3,3,4,2,4,4,5,3,4,4,Neutral or Dissatisfied
56108,Female,12,Returning,Personal,Economy,2402,6,0.0,0,2,4,2,3,4,1,5,1,1,5,3,1,4,Neutral or Dissatisfied
16034,Male,26,Returning,Personal,Economy,780,0,0.0,5,3,4,3,4,5,5,3,5,5,5,3,5,4,Neutral or Dissatisfied
124531,Female,39,Returning,Business,Business,3558,0,0.0,3,3,2,2,3,2,2,2,2,2,2,2,2,2,Neutral or Dissatisfied
87796,Female,42,Returning,Business,Business,1622,0,2.0,1,1,5,4,1,4,4,4,3,3,4,1,4,4,Satisfied
45795,Male,57,Returning,Business,Economy,391,0,0.0,1,1,1,4,1,4,5,4,5,5,1,4,5,2,Satisfied
52636,Male,36,First-time,Business,Economy,160,0,0.0,3,3,2,3,3,1,1,2,2,2,4,3,2,3,Neutral or Dissatisfied
20300,Male,26,Returning,Personal,Economy,179,0,0.0,5,1,2,1,2,2,5,4,2,2,4,1,2,2,Neutral or Dissatisfied
78450,Female,59,Returning,Business,Business,2301,4,0.0,4,4,3,5,4,4,4,4,5,3,4,4,4,4,Satisfied
37271,Male,40,Returning,Business,Business,3324,10,0.0,1,3,5,3,3,4,1,4,5,2,4,3,4,4,Satisfied
122372,Female,45,First-time,Business,Business,529,0,0.0,5,5,5,5,2,3,1,3,1,1,4,5,1,5,Satisfied
25158,Female,46,Returning,Business,Business,2106,72,74.0,4,4,1,5,4,5,2,5,1,2,5,4,5,5,Satisfied
86042,Male,18,Returning,Personal,Economy,447,0,0.0,3,4,2,4,3,3,4,1,4,4,1,2,4,2,Neutral or Dissatisfied
124817,Female,22,First-time,Business,Economy,280,17,43.0,2,4,2,4,4,1,3,4,3,3,4,4,3,4,Neutral or Dissatisfied
56356,Male,34,Returning,Personal,Economy,200,0,0.0,1,3,1,3,3,2,2,2,2,2,3,3,2,2,Neutral or Dissatisfied
75310,Male,49,Returning,Business,Business,2486,0,38.0,2,2,4,4,2,4,4,3,4,5,4,2,5,4,Satisfied
28954,Male,68,Returning,Business,Business,697,0,2.0,2,1,3,4,2,1,3,1,4,3,1,1,1,1,Neutral or Dissatisfied
21949,Male,35,Returning,Business,Business,2923,0,0.0,3,3,1,3,3,2,4,2,4,5,2,2,2,2,Neutral or Dissatisfied
30811,Female,66,Returning,Personal,Economy,1199,13,21.0,4,2,1,4,5,2,1,2,3,3,2,2,2,2,Neutral or Dissatisfied
117615,Male,50,Returning,Business,Business,2146,6,0.0,2,2,3,4,2,1,4,1,1,1,1,1,1,1,Neutral or Dissatisfied
71375,Male,18,First-time,Business,Economy,258,19,11.0,2,3,1,3,4,2,4,4,4,4,3,3,4,4,Neutral or Dissatisfied
51549,Female,46,Returning,Business,Economy,455,41,29.0,3,3,5,1,3,4,1,5,1,3,4,5,4,4,Satisfied
31901,Male,41,Returning,Business,Business,3400,0,2.0,4,4,3,5,4,4,5,4,3,5,4,4,4,4,Satisfied
37361,Female,56,Returning,Business,Business,3859,0,0.0,2,2,5,3,2,3,5,5,2,1,3,2,3,3,Satisfied
122751,Male,67,Returning,Personal,Economy,651,0,0.0,2,2,4,2,4,4,5,4,5,5,3,2,5,3,Neutral or Dissatisfied
48538,Female,35,First-time,Business,Economy,959,10,2.0,4,4,2,4,3,4,1,1,3,3,2,4,3,4,Neutral or Dissatisfied
14181,Female,58,Returning,Business,Business,3830,8,0.0,2,2,1,1,2,5,1,5,4,2,5,2,5,5,Satisfied
25846,Male,30,Returning,Business,Business,3133,9,0.0,2,2,1,4,2,5,4,4,4,4,3,2,4,2,Satisfied
91301,Female,37,Returning,Business,Economy Plus,404,0,7.0,1,1,3,1,1,3,1,3,1,1,3,1,1,3,Neutral or Dissatisfied
18803,Male,24,First-time,Business,Economy,448,0,0.0,3,4,1,4,3,3,5,2,5,5,5,4,5,3,Neutral or Dissatisfied
68623,Female,52,Returning,Business,Business,1539,0,0.0,0,0,5,4,3,4,4,4,3,3,4,0,4,4,Satisfied
124132,Female,64,Returning,Personal,Economy,529,14,7.0,5,3,5,5,3,2,4,3,5,4,2,3,2,2,Neutral or Dissatisfied
81958,Male,56,Returning,Business,Business,1535,0,0.0,2,2,4,4,2,5,4,5,3,2,5,2,5,5,Satisfied
89284,Male,27,First-time,Business,Business,453,0,0.0,1,1,3,1,1,5,2,4,2,2,4,2,2,5,Neutral or Dissatisfied
20550,Female,34,Returning,Business,Business,3790,26,27.0,4,2,1,4,4,3,4,3,4,2,3,3,3,3,Neutral or Dissatisfied
127642,Female,9,Returning,Personal,Economy,1773,1,28.0,5,2,3,2,5,1,2,3,2,2,3,2,2,4,Neutral or Dissatisfied
114249,Female,23,Returning,Business,Business,2814,0,0.0,3,3,1,3,3,1,3,4,3,3,3,3,3,3,Neutral or Dissatisfied
76645,Female,7,Returning,Personal,Economy,516,0,0.0,4,2,5,2,3,5,5,4,5,5,4,2,5,5,Neutral or Dissatisfied
10612,Female,51,Returning,Business,Business,3941,46,30.0,4,4,4,4,4,4,4,4,5,3,4,4,4,4,Satisfied
34993,Male,30,Returning,Business,Business,1182,84,100.0,3,5,5,4,3,5,5,4,5,5,5,3,5,5,Satisfied
40623,Female,47,Returning,Personal,Economy,391,9,46.0,5,3,3,5,3,4,5,3,5,2,4,3,4,3,Neutral or Dissatisfied
44619,Female,42,Returning,Business,Economy Plus,566,0,0.0,3,3,5,4,3,5,5,4,1,5,5,4,5,5,Satisfied
35747,Female,25,Returning,Business,Business,1826,0,0.0,3,3,4,4,3,2,4,2,4,4,5,3,4,5,Satisfied
69801,Male,52,Returning,Business,Business,1345,0,0.0,5,5,3,5,5,5,5,5,4,3,5,5,5,5,Satisfied
23506,Male,43,Returning,Business,Business,2116,0,0.0,1,1,4,4,1,5,5,5,1,2,5,1,5,5,Satisfied
44644,Female,38,Returning,Business,Economy,67,11,1.0,1,1,4,4,1,3,4,2,4,4,4,4,4,4,Satisfied
77236,Female,51,Returning,Business,Business,1590,0,2.0,1,1,4,4,1,3,4,3,1,4,3,3,3,3,Neutral or Dissatisfied
13295,Female,16,Returning,Business,Economy Plus,771,0,0.0,2,2,2,2,2,1,4,4,2,2,4,2,2,4,Neutral or Dissatisfied
115828,Male,40,First-time,Business,Economy,308,0,0.0,0,4,3,4,3,2,1,3,1,1,1,4,1,4,Neutral or Dissatisfied
55165,Male,9,Returning,Personal,Economy,1346,0,0.0,4,2,3,2,1,3,3,5,1,1,4,2,1,3,Neutral or Dissatisfied
7578,Male,23,First-time,Business,Business,594,0,0.0,3,4,5,4,3,4,3,2,3,3,5,4,3,4,Satisfied
6460,Male,41,Returning,Business,Economy Plus,213,21,19.0,3,4,2,4,3,2,4,5,4,4,3,4,4,4,Neutral or Dissatisfied
127069,Female,64,Returning,Business,Business,2290,20,19.0,5,3,3,3,3,3,3,3,4,3,3,3,3,3,Neutral or Dissatisfied
35292,Female,47,Returning,Business,Economy,972,0,9.0,1,4,2,4,4,4,1,4,2,4,4,4,4,4,Satisfied
41770,Female,44,First-time,Business,Economy,472,0,0.0,4,4,3,4,3,1,1,1,1,1,4,3,1,2,Neutral or Dissatisfied
69687,Female,23,First-time,Business,Economy,169,0,0.0,2,1,3,1,4,3,4,5,1,1,4,1,1,3,Neutral or Dissatisfied
74156,Male,48,Returning,Personal,Economy,641,1,0.0,4,1,4,1,3,5,4,4,4,4,4,1,4,4,Neutral or Dissatisfied
48642,Male,55,First-time,Business,Business,89,0,0.0,2,2,3,2,4,3,3,2,3,3,4,2,3,4,Satisfied
93151,Male,32,Returning,Business,Business,2768,45,30.0,1,1,3,3,1,4,4,4,4,4,3,4,4,4,Neutral or Dissatisfied
22279,Male,46,Returning,Business,Economy,143,0,0.0,3,3,1,3,3,1,3,1,3,3,4,3,3,3,Satisfied
9202,Male,56,Returning,Business,Business,3074,0,0.0,0,0,2,4,2,5,4,2,4,4,5,0,5,2,Satisfied
114169,Female,51,Returning,Business,Business,3429,6,0.0,1,1,4,4,1,4,5,5,5,2,4,1,4,4,Satisfied
76586,Female,39,Returning,Business,Economy,481,0,0.0,1,1,4,4,1,3,4,3,4,4,4,4,4,4,Neutral or Dissatisfied
63493,Female,29,Returning,Personal,Economy,651,10,0.0,2,2,3,2,4,4,2,3,2,2,3,1,2,4,Neutral or Dissatisfied
3675,Male,20,First-time,Business,Economy,427,0,0.0,2,4,3,4,4,2,4,1,4,4,4,4,4,4,Neutral or Dissatisfied
12111,Male,22,Returning,Business,Business,2107,2,26.0,1,1,4,5,1,4,5,2,5,5,1,1,5,3,Satisfied
86256,Male,25,Returning,Personal,Economy,377,51,46.0,4,2,3,2,3,4,4,3,4,4,5,2,4,5,Neutral or Dissatisfied
37596,Female,18,Returning,Business,Business,1901,0,0.0,3,3,1,4,3,2,4,4,4,4,4,4,4,3,Neutral or Dissatisfied
124195,Female,48,Returning,Business,Business,2176,135,118.0,3,3,4,4,3,2,4,5,4,4,4,3,4,4,Satisfied
7568,Female,53,Returning,Business,Business,594,28,17.0,3,3,5,4,3,5,4,5,5,5,5,3,5,5,Satisfied
116303,Female,20,Returning,Personal,Economy,447,0,0.0,4,1,5,1,3,5,2,2,2,2,5,1,2,4,Neutral or Dissatisfied
98518,Male,23,First-time,Business,Economy,668,0,0.0,4,1,1,1,4,1,2,4,2,2,4,1,2,4,Neutral or Dissatisfied
107746,Female,40,Returning,Personal,Economy,251,0,0.0,5,3,2,3,3,3,3,3,3,3,2,3,3,1,Neutral or Dissatisfied
73503,Male,34,Returning,Business,Business,1197,35,20.0,2,2,5,5,2,4,4,4,4,5,4,2,4,4,Satisfied
64198,Female,55,Returning,Business,Business,853,0,0.0,4,4,2,2,4,4,3,4,3,5,4,4,4,4,Neutral or Dissatisfied
85327,Male,46,Returning,Personal,Economy,813,63,36.0,1,4,4,4,1,3,5,4,5,5,1,4,5,2,Neutral or Dissatisfied
50710,Male,9,Returning,Personal,Economy,89,0,9.0,4,2,5,2,1,4,5,3,5,5,4,2,5,4,Neutral or Dissatisfied
128114,Male,35,First-time,Business,Business,1587,0,6.0,2,2,4,2,3,3,2,3,2,2,5,2,2,3,Neutral or Dissatisfied
73157,Male,38,Returning,Personal,Business,1145,0,0.0,5,2,4,4,2,3,5,2,5,4,3,2,3,3,Neutral or Dissatisfied
35668,Female,28,Returning,Business,Business,2586,0,0.0,2,2,4,4,2,1,4,1,4,4,3,2,4,5,Satisfied
5651,Female,40,Returning,Business,Business,3519,0,0.0,5,5,4,4,5,4,5,4,3,3,4,5,4,4,Satisfied
83869,Female,26,First-time,Business,Economy Plus,425,0,0.0,0,0,2,0,4,3,1,2,1,1,4,1,1,3,Neutral or Dissatisfied
50318,Female,47,Returning,Business,Economy,421,0,0.0,5,5,2,2,5,5,3,5,5,2,5,5,5,5,Satisfied
73403,Female,27,First-time,Business,Business,1005,0,0.0,2,2,4,2,5,4,3,5,3,3,4,2,3,4,Neutral or Dissatisfied
44878,Male,34,Returning,Personal,Economy,315,0,0.0,3,3,2,3,3,4,1,4,1,1,2,3,1,2,Neutral or Dissatisfied
65325,Female,41,Returning,Business,Business,1945,0,0.0,3,3,5,5,3,5,4,5,3,3,5,3,5,5,Satisfied
35123,Female,30,Returning,Business,Business,2360,0,0.0,3,3,2,5,3,5,5,5,5,5,1,3,5,5,Satisfied
120650,Male,49,First-time,Business,Business,280,0,0.0,3,3,3,3,4,3,2,5,2,2,5,3,2,5,Neutral or Dissatisfied
86829,Female,25,First-time,Business,Business,484,0,0.0,0,5,5,5,4,5,5,2,5,5,4,5,5,4,Satisfied
75619,Male,30,Returning,Personal,Economy,337,0,0.0,2,4,3,4,3,1,5,5,5,5,3,4,5,4,Neutral or Dissatisfied
5282,Female,66,Returning,Personal,Economy,383,0,17.0,5,2,3,5,3,5,5,2,3,4,5,2,5,3,Neutral or Dissatisfied
73340,Male,60,Returning,Business,Business,2432,0,0.0,3,2,3,4,3,5,5,4,4,3,5,3,5,5,Satisfied
32477,Female,33,Returning,Business,Business,2933,0,0.0,4,0,1,1,3,4,2,4,4,5,4,0,4,4,Satisfied
47326,Female,35,Returning,Business,Economy,590,33,15.0,1,1,5,4,1,3,4,2,4,4,4,4,4,2,Satisfied
122983,Female,60,Returning,Business,Business,2714,1,0.0,3,3,4,4,3,5,4,5,3,3,5,3,5,5,Satisfied
19713,Male,44,Returning,Business,Business,2593,58,95.0,3,3,2,3,3,2,2,3,4,1,2,2,2,2,Neutral or Dissatisfied
843,Female,23,Returning,Business,Business,89,0,0.0,2,3,4,3,2,4,3,2,3,3,3,3,3,3,Neutral or Dissatisfied
78709,Female,11,Returning,Personal,Business,554,0,2.0,5,2,3,2,5,4,4,3,4,4,4,2,4,5,Neutral or Dissatisfied
73821,Male,41,Returning,Business,Business,1754,5,14.0,5,2,3,5,2,2,4,2,4,4,2,2,2,2,Satisfied
91484,Male,14,Returning,Personal,Economy,859,0,0.0,4,2,5,2,3,5,3,2,5,5,4,2,5,5,Neutral or Dissatisfied
11074,Female,60,Returning,Personal,Economy,166,0,0.0,5,1,5,4,3,3,4,1,4,2,3,1,3,3,Neutral or Dissatisfied
2731,Male,54,Returning,Business,Business,695,0,0.0,4,4,5,5,4,4,5,4,5,3,4,4,4,4,Satisfied
19141,Female,63,Returning,Personal,Economy Plus,265,0,1.0,5,2,3,4,3,4,4,2,3,5,4,2,4,4,Neutral or Dissatisfied
34554,Male,36,Returning,Business,Economy,1598,29,12.0,4,4,5,4,4,5,4,1,4,4,1,4,4,5,Satisfied
90659,Male,41,Returning,Business,Business,646,0,0.0,5,5,4,4,5,5,4,5,4,4,5,5,5,5,Satisfied
8911,Male,15,Returning,Personal,Economy,510,29,26.0,4,2,4,2,3,3,3,5,2,2,4,2,2,4,Neutral or Dissatisfied
113873,Male,11,Returning,Personal,Economy,1592,25,40.0,4,5,4,5,4,4,5,5,5,5,4,4,5,4,Neutral or Dissatisfied
27900,Female,32,Returning,Business,Business,2350,0,5.0,1,1,4,4,1,4,4,4,4,4,3,1,1,1,Satisfied
79304,Female,28,First-time,Business,Economy,909,0,0.0,1,1,2,1,2,1,1,1,5,5,3,1,5,1,Neutral or Dissatisfied
127813,Female,38,Returning,Business,Business,1582,0,0.0,2,2,4,3,2,3,4,3,2,4,3,3,3,3,Neutral or Dissatisfied
92768,Female,44,Returning,Business,Business,1671,25,18.0,4,4,4,3,4,4,4,4,5,4,4,4,4,4,Satisfied
85476,Female,45,Returning,Business,Business,1933,0,0.0,2,2,4,2,2,3,4,4,5,3,3,2,3,3,Satisfied
28114,Female,57,Returning,Business,Economy,873,0,0.0,1,1,3,1,1,4,3,4,2,4,4,4,4,4,Satisfied
129661,Male,45,Returning,Business,Economy,447,31,35.0,4,4,2,2,4,2,2,3,2,2,3,2,2,3,Neutral or Dissatisfied
4681,Male,44,Returning,Personal,Economy,364,1,2.0,5,1,3,1,2,5,3,5,3,3,5,1,3,4,Neutral or Dissatisfied
28213,Female,27,First-time,Business,Economy Plus,859,0,0.0,4,4,1,4,3,1,1,1,1,1,2,4,1,2,Neutral or Dissatisfied
60151,Female,55,Returning,Personal,Economy,1012,0,0.0,3,3,5,1,3,1,4,3,2,3,1,3,1,1,Neutral or Dissatisfied
105270,Female,35,Returning,Personal,Economy,2106,0,0.0,1,2,4,2,2,4,1,1,4,4,3,2,4,3,Neutral or Dissatisfied
88624,Female,58,Returning,Personal,Economy,646,0,2.0,3,4,1,3,3,2,3,4,3,4,2,4,2,2,Neutral or Dissatisfied
55085,Female,77,Returning,Business,Business,1379,32,24.0,5,5,2,3,5,4,2,4,4,4,4,4,4,4,Neutral or Dissatisfied
68829,Female,68,Returning,Personal,Economy,1995,16,20.0,3,2,2,3,4,2,3,2,3,4,2,2,2,2,Neutral or Dissatisfied
5728,Female,24,Returning,Personal,Economy Plus,196,46,44.0,2,4,1,4,4,1,1,5,1,1,4,4,1,4,Neutral or Dissatisfied
61964,Male,44,Returning,Business,Business,2052,0,0.0,2,2,4,4,2,5,4,5,3,4,5,2,5,5,Satisfied
31796,Female,38,First-time,Business,Economy,1140,0,31.0,3,3,1,5,3,2,1,3,1,3,1,3,1,3,Neutral or Dissatisfied
97596,Female,63,Returning,Business,Business,2771,2,0.0,2,2,4,5,2,5,5,5,5,3,5,2,5,5,Satisfied
40809,Female,24,First-time,Business,Economy,558,22,18.0,4,1,1,1,3,3,1,3,1,1,3,1,1,4,Neutral or Dissatisfied
49148,Female,46,Returning,Business,Economy,89,0,0.0,1,1,1,2,1,5,2,5,2,2,5,5,5,5,Satisfied
123979,Male,47,Returning,Business,Business,3253,0,0.0,4,2,4,4,2,4,4,4,3,4,4,2,4,4,Satisfied
467,Female,47,Returning,Business,Business,3730,0,0.0,5,5,5,4,5,4,5,4,5,4,4,5,4,4,Satisfied
77754,Female,24,First-time,Business,Economy,413,0,0.0,4,5,4,5,2,1,3,4,3,3,1,5,3,1,Satisfied
116307,Female,50,Returning,Personal,Economy,337,0,0.0,1,2,1,3,3,3,3,2,2,2,3,4,3,3,Satisfied
94951,Male,30,First-time,Business,Economy,187,21,17.0,2,1,2,1,4,2,3,4,4,4,3,1,4,4,Neutral or Dissatisfied
25490,Female,24,First-time,Business,Economy,516,0,0.0,5,5,2,5,3,1,4,4,4,4,2,4,4,1,Satisfied
110135,Male,28,Returning,Business,Economy,869,116,103.0,1,1,3,3,1,1,3,1,3,3,2,3,3,3,Neutral or Dissatisfied
63770,Female,29,Returning,Business,Business,1721,0,19.0,1,1,3,5,1,5,5,2,5,5,4,1,5,5,Satisfied
37765,Female,22,Returning,Business,Economy Plus,989,0,0.0,3,4,3,4,3,5,3,4,4,4,1,4,4,2,Satisfied
72475,Female,39,First-time,Business,Business,1017,101,92.0,2,2,4,2,4,5,3,5,3,3,4,2,3,5,Satisfied
69012,Female,41,Returning,Business,Business,1389,0,4.0,4,4,5,4,4,4,5,4,4,5,4,4,4,4,Satisfied
60081,Female,45,Returning,Business,Business,1005,14,14.0,1,1,4,5,1,5,4,5,3,5,5,1,5,5,Satisfied
29184,Female,9,Returning,Personal,Economy Plus,671,0,0.0,4,4,4,4,3,4,2,5,2,2,5,3,2,4,Neutral or Dissatisfied
69911,Female,31,Returning,Business,Economy,1514,0,0.0,5,3,3,3,3,3,3,5,3,3,4,3,3,3,Neutral or Dissatisfied
117039,Female,47,Returning,Business,Business,646,8,0.0,5,5,3,5,5,4,4,4,3,4,4,5,4,4,Satisfied
99921,Female,27,Returning,Business,Business,764,22,15.0,1,1,5,2,1,5,2,2,2,2,4,1,2,5,Satisfied
41955,Female,33,First-time,Business,Economy,618,0,0.0,0,2,2,2,1,5,2,2,2,2,3,2,2,2,Neutral or Dissatisfied
14040,Male,31,Returning,Personal,Economy Plus,1117,0,0.0,5,1,3,1,3,5,4,3,4,4,4,1,4,5,Neutral or Dissatisfied
105367,Female,50,Returning,Business,Business,369,4,0.0,3,3,4,5,3,4,4,4,5,3,4,3,4,4,Satisfied
75465,Male,63,Returning,Personal,Economy,2342,0,0.0,2,3,1,3,2,3,3,4,1,1,2,3,1,2,Neutral or Dissatisfied
47191,Male,57,Returning,Business,Economy,965,0,0.0,2,5,1,1,2,4,1,3,1,1,3,1,1,4,Neutral or Dissatisfied
43978,Male,32,Returning,Business,Business,1615,0,0.0,3,3,2,4,3,3,4,5,4,4,1,3,4,5,Satisfied
8943,Female,38,Returning,Business,Business,2480,0,0.0,2,2,4,3,2,1,3,2,4,4,1,1,1,1,Neutral or Dissatisfied
95168,Female,50,Returning,Personal,Economy,239,19,16.0,5,0,4,4,1,5,4,0,5,4,5,2,5,5,Neutral or Dissatisfied
99971,Female,18,Returning,Personal,Economy,888,14,0.0,5,2,3,2,4,3,4,2,4,4,4,2,4,4,Neutral or Dissatisfied
111488,Male,42,First-time,Business,Business,391,48,40.0,2,2,4,2,3,3,3,3,4,4,3,2,4,2,Neutral or Dissatisfied
58989,Female,54,Returning,Business,Economy,1744,16,19.0,4,4,2,3,4,2,3,2,1,1,2,2,2,2,Neutral or Dissatisfied
1258,Male,23,Returning,Personal,Economy,309,0,0.0,4,2,4,2,5,5,1,4,1,1,5,2,1,5,Neutral or Dissatisfied
90785,Female,46,Returning,Business,Business,444,0,0.0,1,1,2,2,1,3,3,3,1,4,3,3,3,3,Neutral or Dissatisfied
124451,Male,28,Returning,Business,Business,1632,0,0.0,3,3,5,2,3,5,2,5,2,2,4,3,2,5,Satisfied
107022,Female,50,Returning,Personal,Business,395,2,0.0,1,2,2,4,4,3,3,2,3,3,3,2,3,3,Neutral or Dissatisfied
74876,Female,52,Returning,Personal,Economy,2239,0,0.0,5,1,5,5,3,3,4,1,3,5,3,0,3,3,Satisfied
39179,Male,39,Returning,Personal,Economy,237,0,13.0,5,2,5,2,2,3,3,5,3,3,5,2,3,4,Neutral or Dissatisfied
32820,Female,50,First-time,Business,Economy,101,0,0.0,1,4,3,4,2,3,5,5,5,5,2,4,5,1,Neutral or Dissatisfied
81103,Female,30,First-time,Business,Business,991,0,0.0,2,2,5,2,5,4,3,5,3,3,4,2,3,4,Neutral or Dissatisfied
71320,Male,27,First-time,Business,Economy,1514,93,131.0,2,2,1,2,3,1,2,1,3,3,3,2,3,3,Neutral or Dissatisfied
94816,Female,47,Returning,Business,Economy,239,0,0.0,2,2,1,3,2,3,3,3,4,1,3,3,3,3,Neutral or Dissatisfied
4464,Male,60,Returning,Business,Economy,605,0,6.0,4,4,3,4,4,1,4,2,4,4,4,4,4,4,Satisfied
94410,Female,22,First-time,Business,Economy,273,22,23.0,4,1,5,1,1,4,2,5,2,2,5,1,2,4,Neutral or Dissatisfied
29012,Female,52,Returning,Business,Business,3558,0,0.0,2,2,1,5,2,5,4,5,1,3,5,2,5,3,Satisfied
113399,Female,50,Returning,Business,Business,2041,0,0.0,4,4,3,4,4,4,4,4,4,4,4,4,4,4,Satisfied
78761,Female,50,Returning,Business,Business,1605,0,26.0,3,3,3,4,3,5,4,4,5,5,5,3,5,5,Satisfied
127391,Male,38,Returning,Business,Business,1585,0,0.0,4,4,3,4,4,4,4,4,5,4,4,4,4,4,Satisfied
90864,Female,19,Returning,Business,Economy,406,74,79.0,5,5,3,1,5,4,3,5,1,1,4,1,1,3,Neutral or Dissatisfied
88721,Female,37,Returning,Personal,Economy,271,0,0.0,2,3,1,3,3,3,3,2,3,3,2,3,3,3,Neutral or Dissatisfied
36801,Male,9,Returning,Personal,Economy,2611,0,0.0,3,3,4,4,3,4,4,3,4,3,4,3,1,5,Neutral or Dissatisfied
107940,Female,69,Returning,Personal,Economy,611,2,11.0,5,3,4,3,3,5,2,3,1,2,5,3,5,5,Neutral or Dissatisfied
101726,Male,46,Returning,Business,Business,1216,20,18.0,4,4,4,5,4,4,5,4,4,2,4,4,4,4,Satisfied
72194,Male,13,Returning,Personal,Economy,594,0,0.0,4,5,5,5,3,5,4,4,4,4,3,5,4,4,Satisfied
74409,Male,41,Returning,Business,Business,1188,0,3.0,4,4,5,4,4,5,5,5,3,4,5,4,5,5,Satisfied
106855,Female,46,Returning,Business,Business,2031,0,0.0,3,3,3,5,3,4,5,4,3,3,4,3,4,4,Satisfied
93424,Female,22,Returning,Business,Economy,605,8,0.0,1,1,2,2,1,4,2,2,2,2,3,2,2,4,Neutral or Dissatisfied
7426,Female,24,Returning,Business,Business,552,49,106.0,3,2,3,1,2,1,1,2,1,1,4,1,1,4,Neutral or Dissatisfied
24595,Female,32,Returning,Business,Business,666,0,2.0,3,4,5,3,3,5,3,1,3,3,2,3,3,1,Satisfied
71348,Female,28,Returning,Personal,Economy,1514,0,0.0,4,1,3,1,2,4,1,2,1,1,4,1,1,5,Neutral or Dissatisfied
17129,Female,59,First-time,Business,Economy,472,0,0.0,0,4,2,4,5,3,4,4,2,2,5,4,2,2,Neutral or Dissatisfied
62991,Female,42,Returning,Business,Business,909,8,1.0,3,5,3,4,3,4,3,4,1,1,4,4,4,4,Neutral or Dissatisfied
28839,Female,17,Returning,Business,Business,2390,0,0.0,2,2,2,5,2,1,5,1,5,5,4,2,5,4,Satisfied
36322,Female,56,Returning,Business,Economy,187,41,53.0,1,1,3,3,1,2,3,2,1,3,2,2,2,2,Neutral or Dissatisfied
66258,Male,12,Returning,Personal,Economy,460,0,0.0,3,3,1,3,4,1,3,4,3,3,5,3,3,2,Neutral or Dissatisfied
100373,Female,54,Returning,Personal,Economy,1053,0,0.0,4,2,3,5,2,5,4,2,4,5,5,2,5,5,Neutral or Dissatisfied
122328,Female,33,First-time,Business,Economy Plus,603,0,0.0,2,2,3,2,4,3,1,3,1,1,4,2,1,4,Neutral or Dissatisfied
58529,Female,34,Returning,Personal,Economy,719,0,0.0,5,1,5,1,1,4,1,5,3,3,5,1,3,5,Neutral or Dissatisfied
53533,Female,41,First-time,Business,Economy Plus,2419,10,26.0,3,3,4,4,1,1,4,4,4,3,1,3,1,1,Neutral or Dissatisfied
13035,Female,48,Returning,Personal,Economy,438,4,8.0,4,3,4,5,1,1,3,3,3,5,1,3,1,1,Neutral or Dissatisfied
70229,Male,34,Returning,Personal,Economy,1068,0,0.0,5,1,4,1,3,3,5,3,5,5,5,1,5,4,Neutral or Dissatisfied
115425,Female,62,Returning,Business,Business,390,0,0.0,2,2,3,5,2,5,5,5,5,5,5,2,5,5,Satisfied
122117,Female,26,First-time,Business,Business,130,0,0.0,4,2,5,2,4,5,4,3,4,4,5,2,4,4,Neutral or Dissatisfied
53166,Male,18,Returning,Business,Business,1801,0,0.0,2,2,1,4,2,5,4,3,4,4,5,2,4,2,Satisfied
103042,Female,58,Returning,Business,Business,460,29,24.0,4,4,4,4,4,2,4,2,3,3,2,2,2,2,Neutral or Dissatisfied
21100,Female,20,First-time,Business,Economy,227,0,0.0,0,2,2,2,3,5,3,3,3,3,1,2,3,3,Neutral or Dissatisfied
115355,Female,41,Returning,Business,Business,2046,0,0.0,5,5,3,4,5,2,4,2,5,5,2,5,2,2,Satisfied
92651,Male,38,Returning,Personal,Economy,453,0,0.0,1,2,1,2,3,4,2,2,2,2,3,2,2,3,Neutral or Dissatisfied
27098,Female,35,Returning,Business,Economy,1721,0,0.0,4,4,4,5,4,2,5,5,5,5,5,5,5,4,Satisfied
92783,Male,48,Returning,Personal,Economy,1671,0,0.0,5,4,3,4,4,1,2,1,2,2,4,4,2,2,Neutral or Dissatisfied
94101,Male,10,Returning,Personal,Business,562,37,29.0,1,3,3,3,3,1,2,1,2,2,3,3,2,4,Neutral or Dissatisfied
28629,Female,28,First-time,Business,Economy,2409,0,0.0,3,3,5,3,5,5,3,1,4,4,1,3,4,4,Neutral or Dissatisfied
82880,Male,25,Returning,Business,Business,3214,0,0.0,2,2,3,2,2,1,2,2,2,2,2,2,2,3,Neutral or Dissatisfied
121815,Male,43,Returning,Business,Business,3696,0,0.0,3,3,4,4,3,4,4,4,5,4,4,3,4,4,Satisfied
86672,Female,41,Returning,Personal,Economy Plus,746,4,28.0,5,3,5,3,4,3,3,3,4,5,3,3,3,3,Neutral or Dissatisfied
78545,Female,44,Returning,Personal,Economy,666,22,22.0,0,2,3,4,3,1,4,2,5,5,1,2,1,1,Neutral or Dissatisfied
89280,Male,27,First-time,Business,Business,453,25,44.0,3,3,5,3,4,4,2,2,2,2,4,3,2,4,Neutral or Dissatisfied
109347,Female,62,Returning,Personal,Economy Plus,1072,100,88.0,4,3,4,4,2,1,5,3,5,2,1,2,1,1,Neutral or Dissatisfied
119178,Female,54,Returning,Business,Economy,290,0,20.0,2,2,1,1,2,4,1,4,3,3,4,4,4,4,Neutral or Dissatisfied
18328,Female,23,First-time,Business,Business,554,0,7.0,0,4,3,4,5,2,2,5,2,2,1,4,2,3,Satisfied
32655,Male,33,Returning,Business,Business,2591,0,0.0,4,0,2,4,4,4,4,2,4,4,5,0,4,2,Satisfied
98474,Male,20,First-time,Business,Economy Plus,210,43,59.0,3,2,1,2,3,1,4,4,4,4,3,2,4,3,Neutral or Dissatisfied
124290,Female,46,Returning,Business,Business,2096,0,0.0,3,3,5,5,3,5,4,5,4,2,5,3,5,5,Satisfied
71718,Female,29,Returning,Business,Business,1941,0,0.0,3,3,4,5,3,5,5,3,5,5,4,3,5,5,Satisfied
90334,Female,48,Returning,Business,Business,3416,8,0.0,1,1,4,4,1,5,4,5,3,4,5,1,5,5,Satisfied
35975,Female,43,Returning,Business,Economy Plus,231,0,0.0,2,2,1,4,2,5,3,5,1,4,5,5,5,5,Satisfied
60585,Female,36,Returning,Business,Economy,1158,0,0.0,5,5,5,5,5,2,5,3,5,5,4,5,5,3,Satisfied
36369,Male,38,Returning,Business,Economy,200,0,0.0,4,4,1,5,4,2,5,3,5,5,1,5,5,5,Satisfied
104393,Male,19,Returning,Business,Business,1646,26,12.0,4,5,4,5,4,4,5,5,5,5,4,4,5,4,Satisfied
125827,Female,59,Returning,Business,Business,951,143,128.0,4,4,2,2,4,3,2,5,2,2,4,4,5,4,Satisfied
778,Male,42,Returning,Business,Business,2211,56,51.0,1,1,4,2,1,3,2,3,1,3,3,1,3,1,Neutral or Dissatisfied
117080,Female,15,First-time,Business,Economy,646,0,0.0,0,4,5,4,3,3,3,4,3,3,5,4,3,5,Neutral or Dissatisfied
23341,Female,15,Returning,Personal,Economy,456,67,62.0,1,3,3,3,4,1,1,3,1,1,3,3,1,4,Neutral or Dissatisfied
44431,Female,29,First-time,Business,Economy,542,26,22.0,1,1,3,1,3,3,4,4,4,4,3,2,4,2,Neutral or Dissatisfied
49664,Female,60,Returning,Business,Business,78,113,105.0,3,3,4,4,3,3,4,3,4,1,3,1,3,1,Neutral or Dissatisfied
121541,Male,31,Returning,Business,Business,3492,0,0.0,3,3,3,2,3,4,2,3,2,2,3,2,2,3,Neutral or Dissatisfied
77156,Female,23,Returning,Business,Business,1428,0,0.0,2,2,3,4,2,4,4,5,4,4,4,2,4,4,Satisfied
82024,Female,30,Returning,Personal,Economy,1535,11,0.0,5,2,4,2,2,5,1,5,1,1,5,2,1,4,Neutral or Dissatisfied
39049,Male,31,Returning,Business,Economy Plus,230,0,0.0,0,0,2,0,4,2,3,5,3,3,4,0,3,2,Satisfied
72258,Female,45,Returning,Business,Economy,921,11,0.0,5,5,2,4,5,1,4,1,3,5,1,1,1,1,Neutral or Dissatisfied
60254,Female,56,Returning,Personal,Economy,1506,0,0.0,2,3,1,3,4,5,4,3,2,1,5,3,5,5,Neutral or Dissatisfied
121552,Female,52,First-time,Business,Economy,912,0,0.0,2,2,2,2,3,2,5,1,5,5,2,2,5,2,Neutral or Dissatisfied
85348,Male,22,First-time,Business,Economy,813,5,0.0,2,2,3,2,3,3,4,2,5,5,4,2,5,4,Neutral or Dissatisfied
12624,Male,49,First-time,Business,Economy Plus,802,2,9.0,3,3,4,3,2,1,1,5,1,1,2,3,1,3,Neutral or Dissatisfied
5632,Female,43,Returning,Business,Business,2341,0,17.0,2,2,4,4,2,4,4,4,4,5,4,2,4,4,Satisfied
28725,Female,37,Returning,Personal,Economy,2717,0,0.0,4,3,2,2,4,4,2,3,2,3,5,3,3,4,Neutral or Dissatisfied
4136,Female,55,Returning,Business,Business,3095,0,5.0,5,5,4,5,5,5,4,5,5,3,5,5,5,5,Satisfied
83766,Female,38,First-time,Business,Business,926,0,0.0,4,4,5,4,2,4,1,4,1,1,4,4,1,4,Satisfied
15039,Female,57,Returning,Business,Economy,488,0,0.0,1,1,5,4,1,3,3,3,2,3,3,3,3,3,Satisfied
49574,Male,61,Returning,Business,Economy,109,29,29.0,4,4,2,5,4,2,5,5,5,5,5,5,5,2,Satisfied
24853,Male,11,Returning,Business,Economy Plus,861,0,0.0,1,2,2,4,1,3,3,1,3,3,2,3,3,1,Satisfied
72252,Female,22,First-time,Business,Economy,919,35,46.0,1,1,4,1,4,3,5,3,5,5,4,1,5,4,Neutral or Dissatisfied
75158,Male,34,First-time,Business,Business,1723,0,0.0,3,3,4,3,5,3,4,3,3,3,4,3,3,4,Neutral or Dissatisfied
33221,Male,30,Returning,Business,Economy Plus,101,81,76.0,2,2,4,2,2,1,2,2,2,2,3,2,2,4,Neutral or Dissatisfied
62812,Female,46,Returning,Personal,Economy,2486,0,0.0,3,4,2,4,3,3,4,4,4,1,3,3,3,3,Neutral or Dissatisfied
42301,Male,44,Returning,Personal,Economy,834,0,0.0,5,5,4,5,3,4,4,4,4,4,4,5,4,4,Satisfied
68886,Male,46,Returning,Business,Business,1786,1,7.0,1,1,5,5,1,5,5,5,3,3,5,1,5,5,Satisfied
100052,Male,60,Returning,Personal,Economy,220,21,42.0,2,3,1,3,4,2,4,3,4,4,3,3,4,3,Neutral or Dissatisfied
100137,Male,57,Returning,Business,Business,3743,2,0.0,2,2,5,5,2,5,4,5,4,3,5,2,5,5,Satisfied
41415,Female,53,Returning,Personal,Economy,563,0,0.0,4,0,4,4,2,2,5,0,5,5,2,0,2,2,Satisfied
4141,Female,24,Returning,Business,Business,2502,0,0.0,5,5,1,2,5,1,2,4,2,2,3,2,2,4,Neutral or Dissatisfied
124449,Female,38,First-time,Business,Business,980,22,18.0,2,2,4,2,5,5,3,5,3,3,5,2,3,5,Neutral or Dissatisfied
35946,Female,59,Returning,Business,Business,231,0,0.0,5,5,3,1,5,4,1,4,5,2,4,5,4,4,Satisfied
12219,Male,50,Returning,Personal,Business,190,0,6.0,5,3,3,4,3,2,4,3,3,2,2,3,2,2,Neutral or Dissatisfied
81088,Female,29,Returning,Personal,Economy,931,0,0.0,4,3,3,3,2,4,2,5,5,5,4,3,5,4,Neutral or Dissatisfied
19353,Female,37,First-time,Business,Economy,589,69,64.0,0,4,1,4,1,5,5,5,5,5,4,4,5,5,Neutral or Dissatisfied
45079,Female,63,Returning,Personal,Economy,588,32,20.0,4,3,4,4,5,5,5,3,3,3,5,3,5,5,Neutral or Dissatisfied
99092,Male,49,Returning,Business,Business,2472,88,89.0,1,1,1,3,1,3,3,3,4,4,3,3,3,3,Neutral or Dissatisfied
100469,Male,52,Returning,Business,Business,580,127,122.0,3,3,5,4,3,5,4,5,4,3,5,3,5,5,Satisfied
16161,Male,36,Returning,Business,Business,3801,0,0.0,4,4,1,3,4,5,1,5,2,3,5,4,5,5,Satisfied
3452,Male,10,Returning,Personal,Economy,315,0,0.0,5,2,5,2,4,3,2,2,3,3,4,4,3,5,Neutral or Dissatisfied
88616,Male,22,Returning,Personal,Economy,271,0,26.0,3,1,2,1,4,1,5,4,5,5,3,1,5,3,Neutral or Dissatisfied
62329,Male,37,Returning,Personal,Economy,414,0,0.0,4,2,4,2,4,1,1,2,4,4,3,2,4,3,Neutral or Dissatisfied
85063,Male,49,Returning,Business,Business,2580,0,0.0,5,5,5,5,5,3,4,4,4,5,3,5,3,3,Satisfied
23434,Female,22,First-time,Business,Business,516,21,27.0,0,4,1,4,1,4,3,1,3,3,1,4,3,2,Satisfied
102206,Male,49,Returning,Business,Business,1985,31,27.0,4,0,5,5,4,3,5,3,5,3,3,0,3,3,Satisfied
86243,Male,45,Returning,Personal,Economy,356,0,15.0,3,3,3,3,4,3,3,2,3,3,3,3,3,4,Neutral or Dissatisfied
82017,Female,25,Returning,Personal,Economy,1522,0,11.0,5,3,3,3,2,5,4,3,4,4,4,3,4,4,Neutral or Dissatisfied
128919,Female,51,Returning,Business,Business,236,0,0.0,2,2,5,4,2,5,4,5,3,5,5,2,5,5,Satisfied
127372,Female,28,First-time,Business,Business,868,1,0.0,3,3,5,3,3,5,5,3,5,5,5,3,5,4,Neutral or Dissatisfied
79861,Female,35,Returning,Business,Business,2845,54,21.0,4,4,3,5,4,4,4,5,3,4,4,4,4,4,Satisfied
87620,Male,42,Returning,Business,Business,606,0,0.0,1,3,5,5,1,5,5,5,4,3,5,1,5,5,Satisfied
40325,Male,23,Returning,Business,Economy Plus,531,3,0.0,2,2,4,4,2,2,1,2,4,4,3,4,4,3,Neutral or Dissatisfied
25998,Male,12,Returning,Personal,Economy,577,0,0.0,3,0,4,3,4,2,3,1,3,3,4,0,3,3,Satisfied
14224,Male,49,Returning,Personal,Economy,692,0,0.0,4,4,4,4,3,3,4,3,4,4,4,4,4,4,Neutral or Dissatisfied
10373,Female,52,Returning,Business,Business,224,1,14.0,1,1,3,4,1,5,5,5,3,2,5,1,5,5,Satisfied
98371,Male,66,Returning,Personal,Economy,1189,53,41.0,5,1,3,1,2,5,2,3,2,2,5,1,2,5,Neutral or Dissatisfied
78307,Female,23,First-time,Business,Business,1598,0,0.0,0,4,5,4,4,4,3,2,3,3,4,4,3,4,Satisfied
34962,Male,37,Returning,Personal,Economy Plus,395,0,6.0,4,1,4,1,4,3,4,4,4,4,4,1,4,4,Neutral or Dissatisfied
64565,Female,27,Returning,Business,Business,1763,0,0.0,1,3,5,3,1,3,3,3,3,3,4,1,3,4,Satisfied
19718,Female,57,First-time,Business,Economy,409,23,54.0,1,4,1,4,3,2,4,3,4,4,3,4,4,3,Neutral or Dissatisfied
126101,Male,28,First-time,Business,Business,650,0,0.0,3,3,4,3,3,5,1,3,1,1,4,3,1,4,Neutral or Dissatisfied
14068,Male,57,Returning,Personal,Economy Plus,980,94,73.0,4,3,3,3,4,4,4,5,4,4,4,3,4,4,Neutral or Dissatisfied
51619,Male,29,Returning,Business,Business,493,0,0.0,3,3,4,2,3,3,2,2,2,2,4,2,2,3,Neutral or Dissatisfied
29775,Male,18,Returning,Personal,Business,183,0,0.0,4,4,3,4,3,4,1,4,1,1,4,4,1,5,Neutral or Dissatisfied
102858,Male,39,Returning,Business,Business,1884,14,33.0,3,3,3,5,3,4,5,4,5,5,4,3,4,4,Satisfied
69813,Male,22,Returning,Business,Business,2027,8,0.0,2,2,2,1,2,1,1,5,1,1,2,1,1,2,Neutral or Dissatisfied
42377,Male,61,Returning,Personal,Economy,329,0,0.0,4,2,5,2,3,2,3,4,2,2,3,2,2,3,Neutral or Dissatisfied
72902,Female,58,Returning,Business,Business,3780,0,0.0,1,1,1,3,1,3,2,3,3,1,3,3,3,3,Neutral or Dissatisfied
76001,Male,50,Returning,Business,Business,1822,0,0.0,0,0,3,5,2,2,4,2,5,5,2,0,2,2,Satisfied
55512,Male,35,Returning,Business,Business,991,44,28.0,1,5,4,5,1,4,4,4,5,3,4,1,4,4,Satisfied
4724,Male,35,First-time,Business,Business,888,27,0.0,3,3,4,3,1,4,5,3,5,5,5,3,5,4,Neutral or Dissatisfied
15590,Female,55,Returning,Business,Business,228,0,0.0,1,1,1,4,1,5,2,5,1,3,5,1,5,5,Satisfied
75675,Male,39,First-time,Business,Business,813,0,0.0,1,1,4,1,2,3,5,2,5,5,5,1,5,4,Neutral or Dissatisfied
31857,Male,15,Returning,Personal,Economy,2640,0,0.0,4,2,5,2,2,3,2,3,2,2,4,2,2,5,Neutral or Dissatisfied
89739,Male,69,Returning,Personal,Economy,1010,0,0.0,4,2,3,2,4,2,3,5,3,3,3,2,3,3,Neutral or Dissatisfied
31676,Female,43,Returning,Business,Business,3547,0,0.0,3,3,2,4,3,2,3,2,2,4,2,2,2,2,Neutral or Dissatisfied
54762,Male,26,First-time,Business,Economy Plus,787,0,0.0,3,3,2,3,3,3,5,5,3,3,4,3,3,4,Neutral or Dissatisfied
110104,Male,34,First-time,Business,Business,882,0,1.0,3,3,4,3,5,4,2,4,2,2,4,3,2,5,Neutral or Dissatisfied
26505,Female,48,Returning,Business,Economy,829,74,68.0,2,2,1,4,2,2,3,2,4,4,2,2,2,2,Neutral or Dissatisfied
84401,Female,43,Returning,Business,Business,2082,16,10.0,2,2,1,4,2,2,3,2,3,3,2,2,2,2,Neutral or Dissatisfied
101473,Male,28,Returning,Business,Business,2788,0,0.0,2,2,1,2,2,4,2,4,2,2,4,2,2,4,Neutral or Dissatisfied
73720,Female,23,First-time,Business,Economy,192,66,50.0,2,3,3,3,3,3,5,1,1,1,4,3,1,3,Neutral or Dissatisfied
105390,Female,45,Returning,Personal,Economy,369,25,10.0,4,1,4,4,1,2,1,1,5,2,2,3,2,2,Neutral or Dissatisfied
31289,Female,27,Returning,Business,Economy Plus,533,0,0.0,3,4,3,4,3,5,4,4,4,4,4,4,4,3,Satisfied
85118,Female,33,Returning,Business,Business,2290,0,0.0,4,5,3,4,4,4,4,4,4,4,4,4,4,4,Satisfied
49816,Female,30,Returning,Business,Business,89,0,0.0,5,4,3,4,4,3,3,2,4,4,3,4,4,5,Satisfied
40324,Female,28,Returning,Business,Economy Plus,531,0,0.0,4,4,4,2,4,1,2,4,2,2,3,2,2,3,Neutral or Dissatisfied
115392,Female,68,Returning,Business,Business,3043,1,0.0,2,2,4,4,2,4,5,4,4,5,4,2,4,4,Satisfied
105503,Female,24,First-time,Business,Economy,611,12,0.0,0,2,3,2,1,4,4,2,4,4,4,2,4,4,Neutral or Dissatisfied
31730,Male,46,Returning,Personal,Economy,862,1,0.0,5,3,2,3,3,2,4,4,4,4,2,3,4,1,Neutral or Dissatisfied
108522,Male,37,Returning,Personal,Economy Plus,519,0,0.0,4,2,3,2,3,3,3,5,3,3,4,2,3,4,Neutral or Dissatisfied
125102,Male,54,Returning,Business,Economy,361,0,6.0,4,4,1,2,4,3,2,5,2,2,3,2,2,3,Neutral or Dissatisfied
94739,Female,54,Returning,Business,Business,3654,25,19.0,5,3,3,4,5,4,4,4,1,4,4,4,4,4,Neutral or Dissatisfied
84456,Male,39,First-time,Business,Economy,290,0,0.0,1,2,4,2,2,4,1,3,5,5,2,2,5,2,Neutral or Dissatisfied
33955,Female,31,First-time,Business,Economy,1554,0,0.0,4,4,5,3,2,2,1,2,1,1,5,3,1,3,Neutral or Dissatisfied
49092,Male,22,First-time,Business,Economy,262,0,0.0,2,2,3,2,3,1,4,2,3,3,4,2,3,3,Neutral or Dissatisfied
120228,Male,38,First-time,Business,Economy,903,0,12.0,2,2,4,2,3,1,1,1,1,1,3,2,1,3,Neutral or Dissatisfied
2896,Male,12,Returning,Personal,Economy,409,10,25.0,5,3,3,3,2,3,2,3,2,2,4,2,2,4,Neutral or Dissatisfied
80283,Male,51,Returning,Business,Business,1888,0,0.0,5,5,5,5,5,4,5,4,4,4,4,5,4,4,Satisfied
57201,Female,39,Returning,Business,Business,1514,14,3.0,2,2,4,4,2,4,5,4,3,5,4,2,4,4,Satisfied
26187,Male,47,Returning,Business,Business,581,0,0.0,3,3,1,3,3,5,1,5,5,5,5,3,5,5,Satisfied
2964,Male,54,Returning,Personal,Economy,737,0,5.0,5,1,4,1,1,5,4,4,4,4,4,1,4,5,Neutral or Dissatisfied
82570,Female,59,Returning,Business,Business,2044,0,7.0,3,3,4,5,3,4,5,4,3,5,4,3,4,4,Satisfied
19701,Male,16,Returning,Business,Business,491,13,6.0,1,1,1,4,1,3,4,5,4,4,4,1,4,3,Satisfied
95682,Male,70,Returning,Business,Business,419,66,53.0,4,5,1,3,5,1,3,1,1,1,1,1,1,1,Neutral or Dissatisfied
30159,Female,27,Returning,Personal,Economy,548,0,0.0,0,3,4,3,4,5,2,2,2,2,4,3,2,4,Neutral or Dissatisfied
52657,Male,48,Returning,Personal,Economy,119,0,12.0,4,0,2,0,3,1,5,2,5,5,5,3,5,5,Neutral or Dissatisfied
99937,Male,31,Returning,Business,Economy Plus,764,74,50.0,4,1,1,2,4,1,2,2,2,2,4,2,2,3,Neutral or Dissatisfied
93831,Male,48,Returning,Business,Business,2586,0,0.0,3,3,5,5,3,5,4,5,4,4,5,3,5,5,Satisfied
31127,Female,21,First-time,Business,Economy,991,4,0.0,3,3,2,3,4,4,5,4,4,4,3,3,4,4,Neutral or Dissatisfied
119844,Male,53,Returning,Business,Economy,1095,0,0.0,5,5,3,3,5,1,3,1,3,3,4,3,3,3,Neutral or Dissatisfied
103204,Female,30,First-time,Business,Business,1482,53,73.0,0,0,3,0,1,3,4,2,5,5,4,0,5,5,Satisfied
31227,Female,18,Returning,Personal,Economy Plus,628,46,56.0,2,1,3,1,4,4,1,2,1,1,3,1,1,4,Neutral or Dissatisfied
66340,Male,59,Returning,Business,Business,986,0,0.0,3,3,5,4,3,4,4,4,3,5,4,3,4,4,Satisfied
9798,Male,33,Returning,Personal,Economy Plus,383,0,0.0,4,3,5,3,4,4,3,2,3,3,4,3,3,4,Neutral or Dissatisfied
26954,Female,44,Returning,Business,Business,867,0,0.0,4,4,3,5,4,4,4,4,5,5,4,4,4,4,Satisfied
74804,Female,45,Returning,Business,Business,1431,0,0.0,2,2,5,5,2,4,4,4,5,2,4,2,4,4,Satisfied
61044,Female,39,Returning,Business,Economy,1709,0,0.0,4,4,1,4,4,1,4,2,4,4,3,4,4,4,Neutral or Dissatisfied
105303,Female,40,First-time,Personal,Economy,738,0,0.0,1,2,1,2,4,3,4,1,5,5,4,2,5,3,Neutral or Dissatisfied
9552,Male,22,First-time,Business,Economy,229,152,133.0,5,3,3,3,1,5,3,4,3,3,3,2,4,4,Neutral or Dissatisfied
122868,Female,16,Returning,Business,Business,2704,36,30.0,2,4,2,4,2,2,4,2,4,4,4,4,4,3,Neutral or Dissatisfied
82367,Male,63,Returning,Personal,Economy,453,0,0.0,4,2,3,2,1,1,2,2,2,2,2,2,2,3,Neutral or Dissatisfied
123396,Male,58,Returning,Business,Business,1337,7,0.0,4,4,5,4,4,4,5,4,4,4,4,4,4,4,Satisfied
117970,Female,40,Returning,Personal,Economy,255,13,6.0,0,0,4,0,1,5,1,2,1,1,4,3,1,5,Neutral or Dissatisfied
40746,Male,30,Returning,Business,Business,3066,0,0.0,1,1,1,4,1,2,4,1,4,4,2,1,4,5,Satisfied
66536,Female,19,Returning,Personal,Economy,733,1,0.0,4,2,1,2,4,2,2,4,2,2,3,2,2,2,Neutral or Dissatisfied
686,Male,34,First-time,Business,Business,309,0,0.0,4,4,5,4,2,4,1,5,1,1,4,4,1,5,Neutral or Dissatisfied
90680,Male,21,Returning,Business,Business,2455,0,0.0,1,2,5,4,1,5,4,4,4,4,5,1,4,5,Satisfied
101854,Female,32,First-time,Business,Economy,519,1,0.0,2,1,3,1,3,4,3,2,2,2,3,1,2,4,Neutral or Dissatisfied
55750,Male,47,Returning,Business,Business,1737,2,0.0,3,3,4,4,3,2,5,2,4,2,2,3,2,2,Satisfied
87576,Female,13,Returning,Personal,Economy,432,22,17.0,1,1,1,1,3,4,5,1,5,5,3,1,5,3,Neutral or Dissatisfied
104463,Male,38,First-time,Business,Economy,615,24,24.0,4,1,2,1,3,3,2,5,2,2,4,1,2,3,Neutral or Dissatisfied
13071,Male,54,Returning,Business,Business,609,0,0.0,2,2,5,5,2,5,3,5,3,4,5,2,5,5,Satisfied
115544,Female,43,First-time,Business,Business,372,3,0.0,4,4,5,4,1,3,2,4,2,2,4,4,2,4,Satisfied
11764,Male,20,First-time,Business,Economy,395,0,0.0,0,4,1,4,3,4,2,4,1,1,1,4,1,3,Neutral or Dissatisfied
58854,Female,40,First-time,Business,Business,888,0,0.0,3,3,3,3,3,4,5,3,2,2,3,2,2,3,Neutral or Dissatisfied
53310,Male,47,Returning,Personal,Economy,758,0,0.0,3,3,2,3,4,4,4,5,4,4,1,3,4,4,Neutral or Dissatisfied
46584,Female,27,First-time,Business,Economy,152,0,0.0,4,5,3,5,3,4,1,1,1,1,2,5,1,3,Satisfied
99603,Male,29,Returning,Business,Business,2818,4,8.0,3,3,3,5,3,5,5,2,5,5,4,3,5,4,Satisfied
8734,Female,42,Returning,Business,Business,1820,173,166.0,3,3,5,5,3,4,5,4,5,5,5,3,4,5,Satisfied
52816,Male,57,Returning,Business,Business,902,6,0.0,3,3,5,1,3,5,4,5,4,2,5,3,5,5,Satisfied
55775,Female,30,Returning,Business,Economy,646,0,0.0,2,2,1,3,2,4,3,4,3,3,2,3,3,3,Neutral or Dissatisfied
122765,Male,13,Returning,Personal,Economy Plus,651,14,10.0,1,3,4,3,2,3,5,1,5,5,2,3,5,1,Neutral or Dissatisfied
73320,Female,37,First-time,Business,Business,1012,0,7.0,1,1,5,1,2,3,3,2,3,3,5,1,3,5,Neutral or Dissatisfied
108815,Female,44,Returning,Business,Business,3790,0,0.0,5,5,4,5,5,3,5,3,5,5,3,5,3,3,Satisfied
95809,Male,31,Returning,Personal,Economy,1050,0,0.0,4,3,5,3,3,5,4,3,5,5,5,3,5,4,Neutral or Dissatisfied
89585,Female,23,First-time,Business,Business,1010,67,32.0,4,4,5,4,3,4,1,5,1,1,5,4,1,4,Satisfied
22157,Female,51,Returning,Business,Economy,773,0,3.0,2,2,5,3,2,5,3,5,4,3,5,5,5,5,Satisfied
118741,Male,54,Returning,Personal,Economy,304,13,6.0,4,3,4,3,1,4,3,2,3,3,5,3,3,5,Neutral or Dissatisfied
81971,Female,62,Returning,Business,Economy,1576,0,0.0,5,2,4,3,5,2,3,2,2,1,2,2,2,2,Neutral or Dissatisfied
79791,Male,31,Returning,Business,Business,1886,0,0.0,4,4,5,4,4,5,4,5,4,4,4,4,4,4,Satisfied
48490,Female,25,Returning,Business,Economy,776,0,0.0,5,3,2,4,3,2,1,1,4,4,2,4,4,2,Neutral or Dissatisfied
45540,Male,46,Returning,Business,Economy,566,50,46.0,2,2,4,4,2,1,3,4,3,3,4,4,3,3,Satisfied
7570,Female,39,Returning,Business,Business,2369,24,22.0,3,3,4,5,3,4,4,4,5,4,4,3,4,4,Satisfied
27770,Female,49,Returning,Business,Business,2952,0,1.0,3,3,4,4,3,2,5,2,1,3,2,3,2,2,Satisfied
33003,Female,15,Returning,Personal,Economy,102,1,5.0,5,2,4,2,5,5,2,2,2,2,5,2,2,5,Neutral or Dissatisfied
5206,Male,45,Returning,Business,Business,1809,0,0.0,2,2,5,5,2,1,4,2,5,5,1,2,1,1,Satisfied
73779,Male,52,Returning,Personal,Economy,204,0,0.0,4,0,5,0,4,1,3,5,3,3,5,4,3,3,Neutral or Dissatisfied
34688,Male,34,Returning,Business,Business,301,0,0.0,4,4,3,1,4,5,1,5,5,4,5,4,5,5,Satisfied
8708,Female,61,Returning,Personal,Economy,280,0,2.0,2,0,1,3,3,2,4,0,1,1,2,0,2,2,Satisfied
119692,Female,43,Returning,Business,Business,1430,106,119.0,5,5,3,5,5,3,4,4,5,4,3,5,3,3,Satisfied
8466,Female,11,Returning,Personal,Economy,1379,6,8.0,1,2,2,2,2,1,5,5,4,4,3,2,4,3,Neutral or Dissatisfied
64129,Male,38,Returning,Business,Economy Plus,788,0,10.0,1,1,5,5,1,1,5,3,5,4,5,5,5,3,Satisfied
116190,Female,56,Returning,Personal,Economy,337,0,0.0,3,4,4,3,4,1,3,4,2,5,1,4,1,1,Neutral or Dissatisfied
127802,Female,49,Returning,Business,Business,2328,47,40.0,1,1,3,5,1,4,4,4,4,3,4,1,4,4,Satisfied
98527,Female,24,Returning,Personal,Economy,668,14,13.0,5,1,3,1,3,4,4,2,4,4,4,1,4,4,Neutral or Dissatisfied
96346,Male,16,First-time,Business,Economy,1343,0,3.0,3,3,3,3,4,1,1,1,1,1,3,3,1,4,Neutral or Dissatisfied
60439,Female,32,Returning,Business,Business,862,0,20.0,3,3,4,3,3,4,3,2,3,3,4,3,3,4,Neutral or Dissatisfied
23742,Male,40,Returning,Business,Economy Plus,639,14,8.0,2,2,1,4,2,3,4,2,4,4,4,4,4,4,Satisfied
129611,Male,24,First-time,Business,Economy,337,0,10.0,5,4,4,4,2,3,2,2,2,2,4,4,2,5,Satisfied
100197,Male,28,Returning,Business,Business,2220,0,0.0,4,4,3,4,4,5,4,5,4,4,5,4,4,4,Satisfied
59405,Female,35,Returning,Personal,Economy,2399,52,65.0,3,2,1,2,3,2,4,5,3,3,4,3,3,4,Neutral or Dissatisfied
99874,Female,59,Returning,Business,Business,1436,14,28.0,3,3,4,4,3,5,5,5,4,2,5,3,5,5,Satisfied
1259,Male,47,Returning,Personal,Economy,229,2,6.0,4,1,3,1,4,4,1,5,1,1,5,1,1,4,Neutral or Dissatisfied
1710,Female,56,Returning,Business,Business,364,0,3.0,2,2,5,5,2,3,4,3,5,5,3,2,3,3,Satisfied
118202,Female,68,Returning,Personal,Economy,1444,13,3.0,5,3,4,3,4,4,5,3,5,5,4,3,4,4,Neutral or Dissatisfied
91224,Female,8,Returning,Personal,Economy,404,0,0.0,5,1,3,1,3,3,4,5,4,4,4,1,4,5,Neutral or Dissatisfied
124207,Male,43,Returning,Business,Economy,2176,0,0.0,2,2,3,3,2,4,4,2,4,4,4,3,4,2,Satisfied
70309,Female,56,Returning,Personal,Economy,334,0,0.0,5,3,5,4,3,5,5,3,5,2,5,3,5,5,Neutral or Dissatisfied
85635,Female,70,Returning,Personal,Economy,153,0,6.0,4,3,4,4,3,3,4,3,2,4,3,3,3,3,Neutral or Dissatisfied
96161,Male,44,Returning,Business,Business,1575,0,0.0,1,2,5,4,2,3,4,4,5,2,3,2,3,3,Satisfied
915,Female,24,First-time,Business,Economy,247,3,0.0,0,5,5,5,2,5,2,5,2,2,4,5,2,4,Satisfied
99911,Male,36,First-time,Business,Economy,1028,0,0.0,2,2,4,2,3,3,2,2,2,2,3,2,2,3,Neutral or Dissatisfied
113118,Female,67,Returning,Personal,Economy,479,7,0.0,1,3,1,1,2,1,1,3,1,3,1,3,1,1,Neutral or Dissatisfied
81384,Female,49,Returning,Business,Economy,874,0,0.0,3,3,1,3,3,2,3,2,1,5,2,2,2,2,Neutral or Dissatisfied
60122,Female,21,Returning,Business,Business,1005,18,16.0,1,1,1,2,1,3,2,1,2,2,3,2,2,4,Neutral or Dissatisfied
104929,Female,28,Returning,Personal,Economy,210,37,42.0,4,2,4,2,4,3,1,2,1,1,3,2,1,3,Neutral or Dissatisfied
100588,Male,58,Returning,Personal,Economy,486,10,4.0,1,1,4,1,4,3,2,3,4,4,4,1,4,2,Neutral or Dissatisfied
10738,Female,38,First-time,Business,Economy,224,0,2.0,2,0,2,0,3,3,2,3,3,3,3,1,3,3,Neutral or Dissatisfied
1150,Female,15,Returning,Personal,Economy,89,0,0.0,5,3,3,3,4,5,1,5,5,5,5,3,5,4,Neutral or Dissatisfied
114745,Female,46,Returning,Business,Business,1573,73,64.0,5,5,3,5,5,5,5,5,3,5,5,5,5,5,Satisfied
77461,Male,54,Returning,Business,Business,3255,1,0.0,5,5,4,5,5,4,4,4,4,2,4,5,4,4,Satisfied
100141,Male,49,Returning,Business,Economy,523,0,34.0,4,4,1,1,4,2,2,1,2,2,2,1,2,3,Neutral or Dissatisfied
58758,Female,47,Returning,Business,Economy,1005,0,0.0,2,2,3,3,2,2,4,1,4,3,2,1,2,2,Neutral or Dissatisfied
10777,Male,23,Returning,Business,Business,3873,0,0.0,3,3,2,4,3,3,4,1,4,4,3,4,4,3,Neutral or Dissatisfied
11598,Female,17,Returning,Business,Business,468,0,0.0,5,2,2,1,5,4,2,2,2,2,4,2,2,4,Neutral or Dissatisfied
97677,Female,24,Returning,Personal,Economy,272,0,5.0,4,2,1,2,4,4,5,3,5,5,4,2,5,3,Neutral or Dissatisfied
41867,Female,43,Returning,Personal,Economy,483,51,66.0,1,2,1,3,3,2,2,2,2,3,2,2,2,2,Neutral or Dissatisfied
103584,Female,45,Returning,Business,Business,2653,0,0.0,5,5,4,3,5,3,3,3,4,2,3,3,3,3,Neutral or Dissatisfied
109193,Female,22,Returning,Business,Business,2159,9,10.0,4,4,3,3,4,2,3,3,3,3,4,3,3,3,Neutral or Dissatisfied
98081,Male,26,Returning,Business,Business,845,0,0.0,2,2,5,5,2,3,5,2,5,5,4,2,5,5,Satisfied
115931,Male,39,Returning,Business,Business,417,3,0.0,2,5,1,3,5,2,3,2,1,1,2,2,2,2,Neutral or Dissatisfied
26991,Male,45,Returning,Business,Economy,867,0,0.0,3,3,1,1,3,1,1,3,1,1,4,1,1,4,Neutral or Dissatisfied
32265,Female,42,Returning,Business,Business,3837,1,1.0,1,1,5,5,1,5,3,5,4,1,5,1,5,5,Satisfied
67433,Male,55,Returning,Business,Economy,641,38,85.0,1,5,1,3,1,3,3,1,3,3,3,3,3,4,Neutral or Dissatisfied
118158,Female,36,Returning,Business,Business,1444,1,0.0,3,1,3,3,1,2,3,2,3,1,2,2,2,2,Neutral or Dissatisfied
32989,Male,7,Returning,Personal,Economy,201,13,10.0,4,0,1,0,1,1,3,2,3,3,5,2,3,1,Neutral or Dissatisfied
66138,Male,13,Returning,Personal,Economy,583,0,0.0,4,3,4,3,3,4,4,4,4,4,5,3,4,4,Neutral or Dissatisfied
73740,Female,10,Returning,Personal,Economy,204,0,0.0,4,2,1,2,4,2,1,4,1,1,3,2,1,3,Neutral or Dissatisfied
85003,Female,59,Returning,Business,Business,1590,2,5.0,2,2,4,4,2,5,4,5,3,2,5,2,5,5,Satisfied
24801,Female,70,Returning,Business,Economy Plus,432,0,0.0,2,2,1,4,2,4,4,4,1,1,4,4,4,4,Neutral or Dissatisfied
33364,Male,37,Returning,Business,Economy,1114,0,0.0,5,5,2,2,5,2,2,3,2,2,2,2,2,2,Neutral or Dissatisfied
38848,Male,26,Returning,Personal,Economy Plus,353,31,32.0,1,3,2,3,3,1,2,5,2,2,4,2,2,3,Neutral or Dissatisfied
73079,Female,27,Returning,Business,Business,3810,37,67.0,1,1,4,5,1,5,5,3,5,5,4,1,5,4,Satisfied
62223,Female,68,Returning,Personal,Economy,2565,0,0.0,2,5,2,4,3,3,3,5,3,1,3,5,3,3,Satisfied
69619,Female,27,First-time,Business,Economy Plus,2475,3,0.0,2,2,1,1,3,4,1,2,1,2,5,2,3,1,Neutral or Dissatisfied
55197,Female,19,Returning,Personal,Economy Plus,1635,0,27.0,5,2,5,2,3,5,1,2,1,1,5,2,1,3,Neutral or Dissatisfied
108981,Female,52,Returning,Personal,Business,488,0,0.0,4,5,3,2,3,1,3,5,2,3,1,5,1,1,Satisfied
25740,Male,36,Returning,Business,Economy Plus,528,0,0.0,5,2,2,3,2,1,3,1,3,3,1,3,3,2,Satisfied
81904,Male,17,Returning,Personal,Economy,680,11,0.0,5,2,4,2,3,3,4,4,4,4,5,2,4,4,Neutral or Dissatisfied
28348,Male,55,Returning,Personal,Economy,867,0,0.0,2,3,4,3,3,3,2,4,2,2,3,3,2,4,Neutral or Dissatisfied
87818,Female,27,First-time,Business,Business,143,0,0.0,3,3,3,3,4,5,1,2,1,1,4,3,1,5,Neutral or Dissatisfied
32167,Male,39,First-time,Business,Business,216,0,0.0,2,2,2,2,3,2,3,1,3,3,4,2,3,4,Neutral or Dissatisfied
112727,Male,21,Returning,Personal,Economy,672,54,48.0,1,0,1,0,3,4,2,1,2,2,4,1,2,3,Neutral or Dissatisfied
114896,Female,54,Returning,Business,Business,3089,53,43.0,3,3,4,4,3,5,5,5,4,3,5,3,5,5,Satisfied
9750,Female,45,Returning,Personal,Economy,970,0,0.0,4,5,3,4,1,3,4,5,5,5,3,4,3,2,Neutral or Dissatisfied
42081,Female,17,Returning,Personal,Economy Plus,106,0,5.0,1,5,3,5,2,4,3,4,3,3,2,5,3,3,Satisfied
124231,Male,51,Returning,Business,Business,1916,11,0.0,4,4,3,5,4,5,4,5,5,3,5,4,5,5,Satisfied
27497,Male,50,Returning,Business,Business,2592,12,16.0,5,5,2,4,5,1,4,1,3,2,1,1,1,1,Neutral or Dissatisfied
108348,Female,25,First-time,Business,Economy,1463,15,0.0,2,2,2,2,3,4,4,1,4,4,4,2,4,4,Neutral or Dissatisfied
56062,Male,24,Returning,Personal,Economy,2475,9,0.0,2,2,2,2,3,2,2,4,2,2,2,2,1,4,Neutral or Dissatisfied
72214,Male,37,First-time,Business,Business,919,0,0.0,5,5,5,5,2,3,2,5,2,2,5,5,2,5,Satisfied
70837,Male,51,Returning,Business,Business,1523,43,54.0,5,5,3,5,5,2,5,2,4,5,2,5,2,2,Satisfied
101730,Male,32,Returning,Personal,Economy,1216,2,0.0,0,2,5,2,2,2,5,5,2,2,2,2,2,4,Neutral or Dissatisfied
46932,Male,77,Returning,Business,Business,3583,0,39.0,4,5,1,1,4,2,2,2,3,1,2,2,2,2,Neutral or Dissatisfied
150,Male,21,First-time,Business,Economy,227,166,185.0,1,2,3,3,3,3,3,4,3,2,2,2,4,4,Neutral or Dissatisfied
64320,Male,32,Returning,Business,Business,1158,0,0.0,5,5,4,5,5,3,5,4,5,5,5,5,5,5,Satisfied
39819,Female,67,Returning,Business,Business,221,85,101.0,4,4,5,4,4,4,1,4,4,2,4,4,4,5,Satisfied
77735,Female,51,Returning,Business,Business,874,0,0.0,4,4,3,5,4,4,4,4,4,4,4,4,4,4,Satisfied
43783,Male,40,Returning,Personal,Economy,546,0,2.0,1,3,2,3,3,1,3,2,3,3,3,3,3,4,Neutral or Dissatisfied
111313,Male,21,First-time,Business,Economy,283,0,0.0,0,3,5,3,1,4,3,5,3,3,4,3,3,5,Neutral or Dissatisfied
119577,Female,50,Returning,Business,Business,3649,0,1.0,3,3,3,5,3,5,4,5,5,3,5,3,5,5,Satisfied
11881,Female,52,Returning,Personal,Economy,912,149,138.0,2,2,3,3,3,3,3,3,3,2,1,2,4,2,Neutral or Dissatisfied
52220,Male,36,Returning,Business,Economy,370,0,0.0,2,2,2,3,2,2,3,5,3,3,3,3,3,3,Neutral or Dissatisfied
32103,Male,45,Returning,Business,Economy,216,0,4.0,5,5,3,5,5,3,5,3,5,5,3,5,5,1,Satisfied
91382,Female,57,Returning,Business,Business,2218,0,5.0,2,4,5,4,2,5,4,5,4,4,5,2,5,5,Satisfied
101997,Male,17,Returning,Personal,Economy,628,64,62.0,5,3,4,3,3,3,2,4,1,1,4,3,1,4,Neutral or Dissatisfied
17895,Male,22,First-time,Business,Economy,425,0,0.0,1,1,3,1,3,3,4,1,4,4,3,1,4,2,Neutral or Dissatisfied
128855,Male,14,Returning,Personal,Economy,2475,15,24.0,4,3,5,5,5,3,5,5,5,3,3,4,3,5,Neutral or Dissatisfied
92402,Female,56,Returning,Business,Business,1947,3,4.0,1,1,4,3,1,5,5,5,5,4,5,1,5,5,Satisfied
34173,Female,41,Returning,Business,Business,1189,0,0.0,1,1,3,4,1,2,4,2,4,1,2,2,2,2,Neutral or Dissatisfied
28381,Female,26,First-time,Business,Economy,763,0,0.0,3,3,4,3,4,1,2,5,1,1,2,3,1,3,Neutral or Dissatisfied
24691,Male,21,Returning,Personal,Economy,761,0,0.0,5,3,3,3,4,2,3,1,3,3,1,3,3,4,Neutral or Dissatisfied
61300,Female,34,Returning,Personal,Economy,967,10,31.0,5,3,4,3,3,5,2,4,2,2,5,3,2,4,Neutral or Dissatisfied
41492,Female,37,Returning,Business,Business,1464,0,11.0,1,1,5,2,1,4,4,4,4,4,4,1,4,4,Satisfied
75758,Male,28,Returning,Business,Business,868,0,0.0,4,4,4,3,4,5,4,4,4,4,5,4,4,4,Satisfied
7890,Male,9,Returning,Personal,Economy,910,0,0.0,2,3,2,3,3,2,4,1,4,4,3,3,4,2,Neutral or Dissatisfied
94215,Male,26,First-time,Business,Business,562,44,35.0,3,3,5,3,1,4,3,4,2,2,4,4,2,4,Neutral or Dissatisfied
90721,Female,54,Returning,Business,Business,3830,2,2.0,4,2,4,4,2,5,5,5,4,4,5,2,5,5,Satisfied
96840,Male,41,Returning,Business,Business,571,0,0.0,5,5,4,5,5,5,5,5,5,4,5,5,5,5,Satisfied
65295,Male,61,Returning,Personal,Economy Plus,551,29,21.0,3,4,2,4,4,2,4,1,4,4,3,3,4,4,Neutral or Dissatisfied
12382,Female,60,Returning,Business,Business,253,11,2.0,3,3,1,3,3,3,3,3,1,4,3,3,3,3,Neutral or Dissatisfied
119238,Male,51,Returning,Business,Business,1651,0,0.0,4,4,5,5,4,5,4,5,5,3,5,4,5,5,Satisfied
21322,Female,34,First-time,Business,Business,761,24,22.0,1,1,5,1,5,4,1,4,4,4,4,1,4,5,Neutral or Dissatisfied
126097,Male,34,Returning,Business,Business,2479,0,0.0,4,4,2,4,4,3,4,3,2,5,3,3,3,3,Neutral or Dissatisfied
51845,Male,69,Returning,Personal,Economy Plus,651,0,0.0,3,2,4,2,2,3,2,3,5,5,5,2,5,3,Neutral or Dissatisfied
67322,Male,33,Returning,Personal,Economy Plus,1121,2,0.0,4,0,4,0,2,5,5,3,4,4,5,0,4,3,Satisfied
6129,Female,40,Returning,Business,Business,3676,0,0.0,5,5,5,4,5,5,4,5,5,2,5,5,5,5,Satisfied
95123,Male,20,Returning,Personal,Economy,189,0,0.0,3,2,3,2,3,4,2,2,2,2,3,2,2,4,Neutral or Dissatisfied
102326,Female,27,First-time,Business,Economy,223,38,32.0,3,2,1,2,3,1,2,2,2,2,4,2,2,4,Neutral or Dissatisfied
21368,Female,26,First-time,Business,Economy,554,57,48.0,0,1,1,1,2,1,1,2,1,1,1,1,1,4,Neutral or Dissatisfied
21965,Male,58,Returning,Business,Economy,503,2,0.0,3,3,3,5,3,1,5,1,5,5,4,5,5,2,Satisfied
92507,Male,25,Returning,Personal,Economy,1947,0,0.0,4,4,5,4,4,4,1,4,1,1,5,4,1,4,Satisfied
48862,Female,54,Returning,Business,Business,2871,0,26.0,4,4,2,2,4,4,1,4,2,4,4,4,4,5,Satisfied
8962,Female,17,First-time,Business,Economy,812,0,0.0,4,4,4,4,3,5,3,2,3,3,5,5,3,2,Satisfied
53195,Male,35,Returning,Business,Economy,589,202,203.0,2,2,3,3,2,4,3,1,3,2,4,3,1,1,Neutral or Dissatisfied
33725,Female,47,Returning,Personal,Economy,667,0,7.0,4,1,5,4,2,2,4,1,3,3,2,2,2,2,Neutral or Dissatisfied
97086,Male,49,Returning,Business,Business,1476,21,18.0,2,2,4,4,2,5,4,4,4,5,5,2,5,5,Satisfied
92580,Female,17,Returning,Personal,Economy Plus,2092,0,9.0,4,4,4,4,5,4,1,5,4,4,5,4,4,4,Neutral or Dissatisfied
83646,Male,53,Returning,Business,Business,1752,0,5.0,1,1,3,4,1,4,4,4,5,5,4,1,4,4,Satisfied
125171,Female,26,Returning,Personal,Economy,1089,0,11.0,2,3,3,3,4,2,4,4,3,3,4,3,3,3,Neutral or Dissatisfied
87170,Male,45,Returning,Business,Business,2920,9,1.0,1,4,4,5,1,4,4,4,4,4,4,1,4,4,Satisfied
83151,Male,9,Returning,Personal,Economy,813,0,9.0,2,4,3,4,3,1,4,2,4,4,4,4,4,3,Neutral or Dissatisfied
64918,Male,68,Returning,Business,Business,247,0,0.0,0,0,3,4,3,2,4,2,4,5,2,0,2,2,Satisfied
24235,Female,40,Returning,Business,Business,3932,96,79.0,2,2,3,1,2,4,2,4,3,2,4,1,4,1,Neutral or Dissatisfied
11946,Female,54,Returning,Business,Economy,781,11,31.0,1,1,1,3,1,2,3,2,3,1,2,2,2,2,Neutral or Dissatisfied
6532,Male,13,Returning,Personal,Economy,599,8,14.0,0,3,5,3,1,3,3,5,3,3,5,3,3,4,Neutral or Dissatisfied
91545,Male,10,First-time,Business,Economy,680,0,0.0,4,4,4,4,3,2,5,1,5,5,3,3,5,3,Neutral or Dissatisfied
26290,Male,26,Returning,Personal,Business,1199,9,17.0,5,3,3,3,1,1,1,1,1,1,3,3,1,5,Neutral or Dissatisfied
53447,Female,25,Returning,Business,Business,2358,8,0.0,1,1,5,5,1,3,4,4,4,4,4,1,4,3,Satisfied
13728,Female,34,First-time,Business,Economy,401,116,105.0,0,1,4,1,4,4,5,2,5,5,3,2,5,4,Neutral or Dissatisfied
89990,Female,24,First-time,Business,Economy,957,0,0.0,4,4,5,4,3,4,4,2,4,4,4,4,4,4,Satisfied
72822,Male,22,Returning,Business,Business,1013,0,0.0,3,3,1,2,3,1,2,5,2,2,3,2,2,3,Neutral or Dissatisfied
11741,Male,42,First-time,Business,Economy,395,0,0.0,1,2,3,2,1,1,2,4,2,2,2,2,2,2,Neutral or Dissatisfied
95774,Male,41,Returning,Personal,Economy,419,20,18.0,2,4,1,4,3,1,3,2,4,4,4,4,4,3,Neutral or Dissatisfied
52432,Female,56,Returning,Personal,Economy,455,0,0.0,4,2,5,5,3,2,4,2,4,5,2,2,2,2,Neutral or Dissatisfied
22241,Female,58,Returning,Business,Business,208,0,0.0,5,5,3,3,5,3,2,3,2,5,3,2,3,2,Neutral or Dissatisfied
65179,Female,32,Returning,Personal,Economy,224,0,0.0,4,3,2,3,3,1,5,5,5,5,3,3,5,4,Neutral or Dissatisfied
34614,Male,64,Returning,Personal,Economy,1598,0,0.0,4,4,5,4,1,3,2,4,2,2,4,3,2,4,Neutral or Dissatisfied
110829,Male,56,Returning,Business,Business,1811,3,5.0,5,5,5,5,5,4,5,4,4,3,4,5,4,4,Satisfied
25038,Female,8,Returning,Personal,Economy,907,22,20.0,1,2,2,2,2,4,5,4,3,3,3,2,3,2,Neutral or Dissatisfied
3903,Female,64,Returning,Personal,Economy,213,58,28.0,5,2,4,5,1,4,5,2,5,5,4,2,4,4,Neutral or Dissatisfied
112140,Male,40,Returning,Business,Business,1548,0,0.0,1,2,5,5,1,4,4,4,4,3,4,1,4,4,Satisfied
113083,Female,50,Returning,Business,Economy,479,0,0.0,3,3,3,3,3,1,2,1,3,1,1,1,1,1,Neutral or Dissatisfied
128449,Female,24,Returning,Personal,Economy,325,0,0.0,3,5,2,5,3,2,4,3,4,4,1,5,4,3,Satisfied
30810,Female,44,Returning,Business,Business,799,34,30.0,5,5,2,4,5,3,4,3,3,1,3,3,3,3,Neutral or Dissatisfied
59340,Female,44,Returning,Business,Business,2399,19,3.0,1,1,5,5,1,4,4,4,3,2,4,1,4,4,Satisfied
97201,Male,50,Returning,Personal,Economy,1390,0,0.0,4,3,1,3,3,5,5,3,4,4,4,3,4,5,Neutral or Dissatisfied
106390,Female,24,First-time,Business,Economy,551,0,0.0,1,4,4,4,3,3,5,4,5,5,3,4,5,4,Neutral or Dissatisfied
85177,Female,40,First-time,Business,Business,689,0,0.0,1,1,2,1,4,3,5,4,5,5,4,1,5,3,Neutral or Dissatisfied
101795,Male,72,Returning,Business,Business,1521,0,35.0,2,2,4,3,2,4,3,4,2,2,4,4,4,4,Neutral or Dissatisfied
95770,Female,54,Returning,Personal,Economy,453,6,0.0,4,2,4,5,3,5,4,2,5,2,5,2,5,2,Neutral or Dissatisfied
80856,Male,64,Returning,Personal,Economy,484,0,0.0,3,0,4,0,4,4,4,3,4,4,4,0,4,2,Satisfied
54363,Female,32,Returning,Personal,Economy,1235,3,0.0,3,1,5,1,1,5,1,5,5,5,3,1,5,3,Neutral or Dissatisfied
50204,Female,34,Returning,Business,Economy,207,0,0.0,3,3,1,5,3,3,5,5,5,5,2,5,5,1,Satisfied
34716,Male,56,Returning,Business,Economy,264,172,189.0,1,1,5,5,1,4,5,5,5,5,3,5,4,4,Satisfied
103352,Female,60,Returning,Business,Business,1940,0,0.0,4,4,4,4,4,5,5,5,5,2,5,4,5,5,Satisfied
103469,Male,45,Returning,Business,Business,382,21,15.0,2,2,5,4,2,5,5,5,3,5,5,2,5,5,Satisfied
11215,Male,8,Returning,Personal,Economy,309,0,0.0,5,3,4,3,3,5,4,5,4,4,5,3,4,5,Neutral or Dissatisfied
104549,Male,65,Returning,Business,Business,1256,0,1.0,4,4,3,4,4,4,5,4,5,2,4,4,4,4,Satisfied
58466,Male,48,Returning,Business,Business,1517,0,0.0,1,1,4,4,1,5,4,5,5,4,5,1,5,5,Satisfied
51543,Male,58,Returning,Business,Economy,455,0,0.0,3,3,4,5,3,5,3,5,3,3,2,5,3,5,Satisfied
67044,Female,53,Returning,Business,Business,2565,0,62.0,1,1,3,4,1,2,4,2,1,1,2,2,2,2,Neutral or Dissatisfied
6594,Male,26,Returning,Personal,Economy,607,60,78.0,4,3,4,3,4,3,2,5,2,2,5,3,2,5,Neutral or Dissatisfied
101339,Female,19,Returning,Personal,Economy,1771,0,0.0,2,4,1,4,3,3,2,2,1,1,3,4,1,2,Neutral or Dissatisfied
81749,Female,39,Returning,Business,Business,3228,0,0.0,5,5,5,4,5,5,5,5,5,5,5,5,5,5,Satisfied
124294,Male,42,Returning,Business,Business,601,0,0.0,1,1,4,5,1,4,5,4,4,5,4,1,4,4,Satisfied
86910,Male,34,Returning,Business,Business,3859,9,0.0,3,3,3,3,3,2,3,1,2,3,2,2,2,2,Neutral or Dissatisfied
37761,Female,18,First-time,Business,Economy Plus,1005,8,0.0,3,2,3,2,1,1,3,3,1,1,2,3,1,3,Neutral or Dissatisfied
78637,Male,15,Returning,Personal,Business,2172,0,1.0,4,3,4,3,4,4,4,3,1,1,4,3,1,4,Neutral or Dissatisfied
75320,Female,41,First-time,Business,Economy,1497,0,6.0,3,3,5,5,3,2,5,3,5,3,1,3,3,3,Neutral or Dissatisfied
95732,Male,55,Returning,Business,Business,237,3,1.0,2,2,4,5,2,4,4,4,3,4,4,2,4,4,Satisfied
98225,Male,56,Returning,Personal,Economy Plus,842,16,9.0,3,2,5,2,5,1,3,5,3,3,5,2,3,5,Neutral or Dissatisfied
24076,Male,51,Returning,Business,Economy,866,0,0.0,2,2,2,2,2,2,2,2,2,2,4,2,2,4,Neutral or Dissatisfied
49801,Female,42,Returning,Business,Business,3821,0,0.0,1,1,5,4,1,5,5,5,2,5,5,1,5,3,Satisfied
26092,Male,35,Returning,Business,Business,3045,0,2.0,2,2,4,4,2,2,3,2,3,2,2,2,2,2,Neutral or Dissatisfied
104893,Male,40,Returning,Business,Business,1565,11,23.0,3,5,5,4,3,5,5,5,5,5,5,3,5,5,Satisfied
108590,Male,70,Returning,Business,Business,696,33,33.0,3,3,2,4,3,4,3,4,4,2,4,4,4,4,Neutral or Dissatisfied
9843,Male,25,First-time,Business,Business,642,50,35.0,0,5,4,5,1,4,5,4,5,5,4,5,5,4,Satisfied
122364,Male,25,Returning,Business,Business,1711,0,0.0,4,4,4,2,4,2,2,3,2,2,2,2,2,3,Neutral or Dissatisfied
3935,Male,46,Returning,Personal,Business,765,0,21.0,4,2,2,2,5,5,5,2,4,4,5,2,5,5,Neutral or Dissatisfied
9601,Male,40,Returning,Personal,Economy,296,0,0.0,5,5,4,5,4,3,3,2,3,3,4,5,3,5,Satisfied
12358,Female,41,Returning,Business,Business,3500,2,0.0,2,2,2,2,2,5,2,5,2,3,5,2,5,3,Satisfied
28192,Female,26,Returning,Personal,Economy,550,0,0.0,5,2,4,2,4,4,1,2,1,1,4,2,1,5,Neutral or Dissatisfied
76243,Female,31,Returning,Personal,Economy,1399,0,0.0,5,2,3,2,3,3,4,3,4,4,5,2,4,5,Neutral or Dissatisfied
68348,Female,26,First-time,Business,Economy,906,0,0.0,2,2,3,2,4,3,1,1,1,1,3,2,1,4,Neutral or Dissatisfied
36283,Female,23,Returning,Personal,Economy Plus,612,0,0.0,4,3,5,3,3,1,2,5,3,3,1,3,3,2,Neutral or Dissatisfied
124508,Male,60,Returning,Personal,Economy,930,0,0.0,4,2,4,2,3,1,3,1,3,3,4,2,3,3,Neutral or Dissatisfied
113143,Male,39,Returning,Business,Business,2964,26,27.0,3,3,4,4,3,5,4,5,4,3,5,3,5,5,Satisfied
56503,Female,23,First-time,Business,Business,997,3,42.0,0,0,4,0,4,4,3,3,3,3,4,0,3,4,Satisfied
19019,Female,48,Returning,Business,Economy,388,0,0.0,5,5,5,3,5,5,5,5,5,1,5,5,5,5,Satisfied
55786,Male,37,Returning,Business,Business,2400,0,0.0,5,5,4,4,5,4,4,4,4,4,3,5,5,5,Satisfied
36762,Female,35,First-time,Business,Economy,2704,160,181.0,4,4,4,4,3,1,4,1,4,4,1,4,1,3,Neutral or Dissatisfied
7763,Female,21,First-time,Business,Economy,1080,0,0.0,2,2,3,2,1,4,1,4,1,1,4,2,1,4,Neutral or Dissatisfied
68418,Female,53,Returning,Personal,Economy,1045,0,0.0,5,3,3,5,3,3,5,3,3,4,3,3,3,3,Neutral or Dissatisfied
40047,Male,20,First-time,Business,Economy,866,1,0.0,2,2,4,2,3,3,2,2,2,2,2,2,2,3,Neutral or Dissatisfied
74049,Female,27,Returning,Personal,Economy,1194,14,24.0,4,2,4,2,4,4,1,3,3,3,5,2,3,4,Neutral or Dissatisfied
83425,Female,24,Returning,Personal,Economy,632,0,0.0,5,5,4,5,2,4,1,4,5,5,4,5,5,5,Satisfied
21128,Male,28,Returning,Personal,Economy,227,0,0.0,5,0,4,0,3,3,1,2,2,2,4,3,2,4,Neutral or Dissatisfied
34733,Male,67,Returning,Business,Business,3561,0,0.0,5,5,3,4,5,4,5,4,5,3,4,5,4,3,Satisfied
74552,Male,19,Returning,Business,Business,3936,23,5.0,1,4,4,3,1,3,3,2,3,3,5,1,3,5,Satisfied
70835,Female,16,First-time,Business,Business,761,0,44.0,4,5,3,5,2,3,3,3,3,3,4,5,3,5,Satisfied
96730,Female,32,Returning,Personal,Economy,813,0,6.0,0,2,5,2,1,5,4,2,3,3,4,3,3,3,Neutral or Dissatisfied
88831,Female,33,Returning,Personal,Economy Plus,515,1,56.0,5,3,4,3,1,3,5,2,3,3,5,3,3,5,Neutral or Dissatisfied
12032,Female,37,Returning,Business,Business,3374,1,0.0,1,1,1,3,1,2,3,2,3,4,2,2,2,2,Neutral or Dissatisfied
88229,Male,40,Returning,Business,Business,404,0,0.0,3,5,5,4,3,4,4,4,5,3,4,3,4,4,Satisfied
71243,Male,30,First-time,Business,Business,733,81,61.0,2,2,5,2,4,4,3,3,3,3,4,2,3,4,Neutral or Dissatisfied
118231,Female,37,Returning,Business,Business,1587,0,0.0,1,1,4,5,1,5,4,5,5,3,5,1,5,5,Satisfied
44831,Female,54,Returning,Personal,Economy,462,0,0.0,5,2,3,5,1,2,4,2,3,4,2,2,2,2,Neutral or Dissatisfied
26363,Female,28,First-time,Business,Economy,894,3,2.0,2,2,5,2,5,3,1,3,1,1,3,3,1,2,Neutral or Dissatisfied
47918,Female,35,Returning,Personal,Economy,329,59,39.0,3,2,1,2,1,3,3,5,3,3,4,3,3,4,Neutral or Dissatisfied
58521,Female,58,Returning,Personal,Economy,719,0,0.0,5,2,5,4,2,2,4,2,5,5,2,2,2,2,Neutral or Dissatisfied
9161,Female,42,Returning,Business,Business,975,0,0.0,4,4,4,5,4,5,4,5,3,5,5,4,5,5,Satisfied
41694,Female,23,Returning,Personal,Economy,347,0,22.0,5,4,4,4,1,4,4,5,3,3,5,4,3,5,Neutral or Dissatisfied
107533,Female,44,Returning,Business,Business,1521,19,42.0,1,2,5,4,2,4,4,4,4,5,4,2,4,4,Satisfied
4754,Male,37,First-time,Business,Business,403,0,0.0,2,2,1,2,3,1,2,1,2,2,3,2,2,4,Neutral or Dissatisfied
58487,Male,56,Returning,Business,Business,2932,0,0.0,2,2,3,4,2,5,5,5,4,5,5,2,5,5,Satisfied
79335,Female,40,Returning,Business,Business,3911,371,339.0,5,5,4,4,5,4,4,4,4,4,4,5,3,4,Satisfied
55028,Male,41,Returning,Business,Business,1635,0,0.0,4,2,4,5,4,5,4,5,5,5,5,4,5,5,Satisfied
114569,Male,69,Returning,Personal,Business,417,0,0.0,3,3,4,4,1,3,2,3,5,2,3,3,3,3,Neutral or Dissatisfied
87932,Male,26,Returning,Business,Business,581,22,28.0,3,3,3,3,3,2,3,5,3,3,3,3,3,3,Neutral or Dissatisfied
23670,Female,25,First-time,Business,Economy,251,0,0.0,0,3,5,3,3,1,1,1,1,1,3,3,1,3,Neutral or Dissatisfied
92767,Male,48,Returning,Business,Business,1671,0,20.0,3,3,3,3,3,5,4,5,4,2,5,3,5,5,Satisfied
53132,Female,47,Returning,Personal,Economy Plus,2065,5,23.0,5,4,5,4,4,4,4,4,5,2,4,4,4,4,Neutral or Dissatisfied
80103,Male,60,Returning,Business,Business,1620,0,0.0,4,4,3,4,4,4,4,4,5,4,4,4,4,4,Satisfied
51054,Female,57,Returning,Personal,Economy,266,0,0.0,0,4,4,4,1,1,4,4,3,2,1,4,1,1,Neutral or Dissatisfied
66841,Female,24,Returning,Business,Business,331,2,0.0,4,2,5,4,4,1,3,3,3,3,3,4,3,3,Satisfied
87581,Male,51,Returning,Personal,Economy,432,0,0.0,1,2,3,2,4,3,5,2,5,5,4,2,5,3,Neutral or Dissatisfied
84744,Male,32,Returning,Business,Business,516,0,0.0,4,5,5,5,4,4,4,3,4,4,4,4,4,5,Satisfied
122856,Female,25,First-time,Business,Economy,226,0,0.0,1,3,3,3,3,3,1,5,1,1,2,3,1,2,Neutral or Dissatisfied
88532,Male,34,Returning,Personal,Economy,250,0,0.0,4,2,3,2,2,3,4,5,4,4,5,2,4,4,Neutral or Dissatisfied
124723,Female,43,Returning,Personal,Economy,399,0,6.0,4,3,3,4,2,4,4,3,3,3,4,3,4,4,Neutral or Dissatisfied
66777,Female,29,Returning,Personal,Economy Plus,802,0,0.0,3,2,4,2,4,3,2,2,2,2,3,2,2,4,Neutral or Dissatisfied
118100,Female,54,Returning,Business,Business,1999,11,0.0,3,3,4,4,3,4,5,4,4,3,4,3,4,4,Satisfied
69018,Male,22,First-time,Business,Economy,1389,0,0.0,2,2,4,2,5,5,5,2,5,5,5,2,5,4,Neutral or Dissatisfied
95716,Female,37,Returning,Business,Economy,419,53,43.0,5,1,1,2,5,2,2,1,2,2,2,2,2,1,Neutral or Dissatisfied
69923,Female,62,Returning,Personal,Economy,1514,1,6.0,4,1,1,2,3,4,3,1,4,4,4,1,4,3,Neutral or Dissatisfied
117699,Male,48,Returning,Personal,Economy,2075,0,8.0,4,1,5,1,4,5,2,4,2,2,5,1,2,5,Neutral or Dissatisfied
118204,Male,16,Returning,Personal,Economy,1444,15,0.0,1,1,1,1,3,1,1,3,3,3,3,1,3,3,Neutral or Dissatisfied
72919,Female,28,First-time,Business,Business,1096,0,0.0,3,3,4,3,3,3,5,4,5,5,4,2,5,4,Neutral or Dissatisfied
27195,Male,48,Returning,Business,Business,2182,0,0.0,2,2,4,4,2,4,4,4,4,1,4,2,4,4,Satisfied
121924,Male,49,Returning,Business,Business,413,0,0.0,2,2,4,5,2,4,5,4,3,2,4,2,4,4,Satisfied
39408,Female,36,Returning,Personal,Economy,521,0,0.0,4,5,5,5,3,3,4,5,4,4,4,2,4,5,Neutral or Dissatisfied
32598,Female,39,Returning,Business,Economy,102,14,19.0,1,1,2,2,1,4,1,2,1,1,4,1,1,3,Neutral or Dissatisfied
22878,Male,58,Returning,Personal,Economy,147,13,16.0,4,2,3,2,1,5,5,3,5,5,2,2,5,4,Neutral or Dissatisfied
89273,Male,53,Returning,Business,Business,453,12,6.0,4,3,5,4,3,4,4,4,3,3,4,3,4,4,Satisfied
18716,Male,62,Returning,Personal,Economy Plus,253,0,0.0,1,2,4,2,3,2,3,1,3,3,4,2,3,4,Neutral or Dissatisfied
91769,Female,54,Returning,Business,Business,3040,0,0.0,0,0,4,3,4,4,4,4,4,4,4,0,4,4,Satisfied
25179,Female,21,First-time,Business,Business,577,94,106.0,1,2,4,2,4,4,5,5,5,5,3,2,5,4,Neutral or Dissatisfied
123853,Male,55,Returning,Business,Economy,544,0,11.0,3,3,3,3,3,3,3,5,3,3,3,3,3,2,Neutral or Dissatisfied
28655,Male,64,Returning,Personal,Economy,2409,0,0.0,3,5,5,5,4,1,5,3,5,5,4,4,5,1,Neutral or Dissatisfied
65702,Female,11,Returning,Business,Economy,1061,0,0.0,3,3,2,3,3,4,2,5,3,3,3,3,3,4,Neutral or Dissatisfied
123983,Female,36,Returning,Business,Business,3943,18,17.0,5,5,3,5,5,5,5,5,3,3,5,5,5,4,Satisfied
43324,Female,38,Returning,Business,Economy,347,0,0.0,4,4,2,2,4,5,2,2,2,2,2,2,2,2,Satisfied
99933,Male,24,Returning,Personal,Economy,764,0,0.0,5,4,3,4,1,4,5,4,5,5,5,4,5,4,Neutral or Dissatisfied
54288,Female,24,Returning,Business,Economy,1075,5,2.0,3,3,5,4,3,3,4,4,4,4,5,4,4,2,Satisfied
6608,Female,45,Returning,Personal,Economy,473,0,0.0,1,3,3,3,4,3,4,3,1,4,3,3,3,3,Neutral or Dissatisfied
116814,Female,26,Returning,Business,Business,3005,11,0.0,1,1,5,5,1,4,5,4,5,5,4,1,5,5,Satisfied
57791,Female,40,Returning,Business,Business,2704,7,0.0,3,2,5,5,3,2,5,5,5,5,5,3,3,4,Satisfied
114807,Male,16,Returning,Business,Business,3104,0,3.0,2,5,5,5,2,4,5,3,5,5,5,2,5,5,Satisfied
90292,Male,79,Returning,Business,Economy,479,0,0.0,1,5,2,4,1,1,4,5,4,4,4,4,4,3,Satisfied
78882,Female,20,First-time,Business,Economy,223,3,0.0,0,3,4,3,1,3,5,4,5,5,5,3,5,4,Neutral or Dissatisfied
9587,Female,20,First-time,Business,Economy,229,0,0.0,0,5,3,5,5,2,3,4,3,3,1,5,3,2,Satisfied
21527,Male,24,Returning,Personal,Economy,306,4,0.0,4,2,3,2,3,3,4,3,4,4,5,2,4,5,Neutral or Dissatisfied
59772,Female,20,First-time,Business,Economy,895,26,10.0,2,2,4,2,4,3,4,1,4,4,3,2,4,4,Neutral or Dissatisfied
129067,Male,27,First-time,Business,Business,346,0,4.0,0,0,2,0,4,1,1,3,1,1,4,0,1,5,Satisfied
85470,Female,64,Returning,Business,Business,2337,0,0.0,4,4,1,1,4,5,3,5,5,2,5,4,5,5,Satisfied
69471,Male,60,Returning,Personal,Economy,1096,0,48.0,4,4,3,4,5,4,1,5,1,1,5,3,1,4,Neutral or Dissatisfied
88236,Male,46,Returning,Business,Business,3714,0,1.0,5,5,3,4,5,4,5,4,5,3,4,5,4,4,Satisfied
26409,Female,42,Returning,Business,Economy,1249,0,0.0,3,3,2,4,3,2,4,2,3,4,2,2,2,2,Neutral or Dissatisfied
1930,Male,26,First-time,Business,Business,351,0,0.0,4,2,5,2,4,4,4,4,4,4,4,2,4,5,Neutral or Dissatisfied
116268,Male,41,Returning,Personal,Economy,390,0,0.0,4,3,4,3,3,4,3,2,3,3,4,5,3,5,Satisfied
108736,Male,41,Returning,Business,Business,545,0,1.0,4,4,3,5,4,5,5,5,5,2,5,4,5,5,Satisfied
78491,Female,28,Returning,Business,Business,666,0,9.0,5,5,1,2,5,2,2,4,2,2,2,2,2,3,Neutral or Dissatisfied
94553,Male,39,Returning,Business,Business,239,51,55.0,5,5,2,4,5,2,4,2,4,2,2,2,2,2,Neutral or Dissatisfied
42954,Male,59,Returning,Business,Economy,236,0,0.0,2,2,1,4,2,5,5,2,5,5,2,4,5,4,Satisfied
23610,Male,32,Returning,Personal,Economy,589,49,57.0,3,1,1,1,3,5,1,2,1,1,3,1,1,4,Neutral or Dissatisfied
111537,Female,56,Returning,Business,Business,3698,0,0.0,2,2,4,5,2,2,5,2,4,3,2,2,2,2,Satisfied
115298,Female,67,Returning,Business,Economy,325,74,72.0,1,1,3,3,1,2,4,2,4,3,2,2,2,2,Neutral or Dissatisfied
96471,Male,60,Returning,Business,Business,3239,37,34.0,2,2,3,5,2,4,5,4,3,2,4,2,4,4,Satisfied
18311,Female,22,Returning,Personal,Economy,549,15,3.0,0,4,4,4,3,3,1,2,3,3,5,4,3,5,Neutral or Dissatisfied
72803,Female,20,Returning,Personal,Economy,1045,0,0.0,5,3,5,3,5,4,3,1,3,3,1,3,3,3,Neutral or Dissatisfied
35326,Male,38,Returning,Business,Economy,1069,64,65.0,1,5,4,4,1,3,4,1,4,4,5,4,4,1,Satisfied
78473,Female,29,Returning,Business,Business,1800,19,11.0,2,2,4,4,2,5,4,5,4,4,4,2,4,4,Satisfied
8661,Female,48,Returning,Business,Business,2501,0,0.0,3,3,4,4,3,5,4,5,4,5,5,3,5,5,Satisfied
25033,Female,16,Returning,Personal,Economy,907,129,133.0,4,0,5,1,1,3,5,5,5,0,5,1,4,4,Neutral or Dissatisfied
115016,Male,26,First-time,Business,Business,337,29,23.0,0,2,5,2,4,3,3,2,3,3,4,2,3,4,Neutral or Dissatisfied
85788,Female,53,Returning,Business,Business,3955,0,0.0,2,5,5,4,2,4,5,4,3,3,4,2,4,4,Satisfied
41628,Female,40,Returning,Business,Economy,438,0,0.0,3,3,2,5,3,3,5,4,5,5,2,5,5,5,Satisfied
106762,Male,54,Returning,Personal,Economy,1005,0,0.0,4,4,5,4,3,4,1,5,1,1,5,4,1,5,Satisfied
8924,Female,52,Returning,Business,Economy Plus,261,0,0.0,4,4,4,3,4,4,4,5,5,4,4,5,4,4,Satisfied
53122,Female,60,Returning,Personal,Economy,2065,0,0.0,4,1,4,3,3,5,4,1,4,3,5,1,5,4,Neutral or Dissatisfied
113284,Male,56,Returning,Business,Business,414,1,0.0,2,2,4,4,2,5,4,5,3,5,5,2,5,5,Satisfied
23589,Male,38,First-time,Business,Economy,1024,16,5.0,2,2,1,2,5,4,4,5,4,4,4,2,4,4,Neutral or Dissatisfied
119116,Male,27,Returning,Personal,Economy,1107,0,0.0,5,2,3,2,4,5,1,2,1,1,4,1,1,5,Neutral or Dissatisfied
88691,Male,8,Returning,Personal,Economy,404,0,2.0,5,3,5,3,1,4,5,2,5,5,4,3,5,4,Neutral or Dissatisfied
10338,Female,27,First-time,Business,Business,517,0,0.0,2,2,3,2,3,3,3,3,3,3,4,2,3,5,Neutral or Dissatisfied
4485,Male,52,Returning,Business,Business,1147,0,0.0,5,5,4,5,5,4,5,4,4,4,4,5,4,4,Satisfied
109353,Male,56,Returning,Business,Business,2731,19,10.0,2,2,4,5,2,4,4,4,4,2,4,2,4,4,Satisfied
98609,Female,48,Returning,Business,Business,2877,0,0.0,2,2,3,5,2,4,5,4,4,2,4,2,4,4,Satisfied
61334,Female,33,First-time,Business,Business,602,0,0.0,2,2,5,2,1,5,5,3,2,2,4,2,2,4,Neutral or Dissatisfied
111221,Female,27,First-time,Business,Economy,1455,0,10.0,2,2,2,2,3,2,3,3,3,3,3,2,3,3,Neutral or Dissatisfied
48011,Female,43,Returning,Personal,Economy Plus,834,0,0.0,5,1,3,1,2,5,5,1,3,5,5,1,5,5,Neutral or Dissatisfied
74808,Male,52,Returning,Business,Economy Plus,1188,0,0.0,4,1,4,3,4,1,4,4,4,4,3,3,4,2,Neutral or Dissatisfied
47269,Male,48,Returning,Business,Business,574,0,3.0,2,2,3,4,2,4,4,4,2,5,4,2,4,4,Satisfied
85253,Female,22,Returning,Personal,Economy,731,0,0.0,5,2,2,2,4,5,1,1,1,1,2,2,1,5,Neutral or Dissatisfied
116133,Male,28,Returning,Personal,Economy,362,24,16.0,4,1,3,1,3,3,2,2,2,2,5,1,2,5,Neutral or Dissatisfied
377,Female,54,Returning,Business,Business,3628,14,6.0,4,4,3,5,4,4,5,4,3,3,4,4,4,4,Satisfied
25424,Female,51,Returning,Business,Business,2441,0,0.0,1,5,5,4,1,3,4,3,5,4,3,1,3,3,Satisfied
62496,Female,40,Returning,Business,Business,1744,0,0.0,2,2,5,5,2,4,4,5,4,5,4,2,4,4,Satisfied
129668,Female,28,Returning,Business,Economy,447,0,0.0,1,1,1,4,1,2,4,1,4,4,4,4,4,3,Neutral or Dissatisfied
78576,Male,51,Returning,Business,Business,630,0,0.0,5,5,5,5,5,5,4,5,5,4,5,5,5,5,Satisfied
42806,Female,54,Returning,Business,Business,2779,8,11.0,2,1,4,2,2,4,2,4,5,2,4,2,4,4,Satisfied
19068,Male,31,Returning,Business,Business,2033,38,31.0,1,1,4,4,1,4,4,1,4,4,2,1,4,1,Satisfied
104180,Male,7,Returning,Personal,Economy,349,21,100.0,5,3,4,3,4,4,3,2,3,3,4,4,3,4,Neutral or Dissatisfied
87283,Female,59,Returning,Business,Business,2932,0,0.0,4,4,3,4,4,4,5,5,3,4,4,4,4,4,Satisfied
15751,Female,37,Returning,Business,Economy,461,0,0.0,3,3,1,1,3,2,1,3,1,1,3,1,1,4,Neutral or Dissatisfied
111975,Female,53,Returning,Business,Business,370,11,20.0,1,1,5,1,1,5,1,5,4,4,5,1,5,5,Satisfied
58868,Male,21,First-time,Business,Business,888,70,91.0,3,5,5,3,1,3,3,4,3,3,4,5,3,5,Satisfied
34341,Male,17,Returning,Business,Economy,846,0,0.0,2,2,5,4,2,1,5,1,4,4,4,4,4,5,Satisfied
106607,Female,51,Returning,Business,Economy,189,0,9.0,4,4,4,4,4,3,4,3,2,5,3,3,3,3,Neutral or Dissatisfied
3909,Male,44,Returning,Personal,Economy,213,6,83.0,0,0,4,0,3,5,3,5,5,5,4,2,5,3,Neutral or Dissatisfied
74782,Female,26,First-time,Business,Business,1438,0,0.0,5,5,4,5,1,5,3,3,3,3,5,5,3,5,Satisfied
9242,Female,35,Returning,Business,Business,1629,28,22.0,5,5,2,4,5,2,4,2,1,4,2,3,2,3,Neutral or Dissatisfied
91986,Male,33,Returning,Business,Business,236,2,0.0,3,3,1,1,3,4,1,1,1,1,4,1,1,4,Neutral or Dissatisfied
4033,Female,42,Returning,Business,Business,419,18,59.0,3,4,1,4,3,2,4,2,1,1,2,3,2,2,Satisfied
104597,Female,22,Returning,Personal,Economy,369,4,11.0,1,5,1,5,4,4,4,2,4,4,4,5,4,3,Satisfied
8027,Male,38,Returning,Business,Business,125,0,0.0,5,5,4,3,5,2,4,2,1,3,2,2,2,2,Neutral or Dissatisfied
18578,Female,37,Returning,Business,Business,2631,10,9.0,2,2,4,3,2,4,4,4,2,4,4,4,4,4,Neutral or Dissatisfied
103507,Male,26,Returning,Business,Business,3441,0,0.0,5,5,5,4,5,4,4,4,4,4,5,5,4,4,Satisfied
65643,Male,47,Returning,Business,Business,926,3,0.0,3,3,3,5,3,5,5,5,4,3,5,3,5,5,Satisfied
74084,Male,52,Returning,Business,Business,641,22,17.0,3,3,4,4,3,5,4,5,5,4,5,3,5,5,Satisfied
47173,Male,25,First-time,Business,Economy,620,0,0.0,0,1,4,1,2,1,4,5,4,4,4,1,4,4,Neutral or Dissatisfied
84010,Female,42,Returning,Personal,Economy,321,104,90.0,3,4,1,1,1,4,5,4,4,1,4,4,4,4,Neutral or Dissatisfied
87976,Female,42,Returning,Business,Business,1898,49,47.0,5,5,4,4,5,5,4,5,3,5,5,5,5,5,Satisfied
34541,Female,32,Returning,Business,Business,1598,0,0.0,5,5,5,5,5,5,4,3,4,4,4,5,4,3,Satisfied
117081,Male,58,Returning,Business,Business,1747,29,21.0,3,3,4,2,3,1,2,1,2,5,1,1,1,1,Neutral or Dissatisfied
46727,Male,49,Returning,Personal,Economy,141,60,55.0,4,2,3,2,3,2,4,2,4,4,3,2,4,3,Neutral or Dissatisfied
93238,Male,54,First-time,Business,Business,1694,0,3.0,3,3,5,3,1,5,4,2,4,4,4,3,4,3,Neutral or Dissatisfied
118521,Female,23,First-time,Business,Business,647,31,36.0,0,4,4,4,1,3,4,2,4,4,5,4,4,5,Satisfied
72770,Male,43,Returning,Business,Business,3608,14,0.0,4,4,4,4,4,4,4,4,5,3,4,4,4,4,Satisfied
118339,Female,22,First-time,Business,Economy,202,0,0.0,0,2,4,2,3,4,1,5,1,1,5,2,1,4,Neutral or Dissatisfied
61901,Female,36,First-time,Business,Business,550,0,0.0,1,1,5,1,2,5,3,3,3,3,5,2,3,5,Neutral or Dissatisfied
48419,Male,32,Returning,Business,Business,1553,97,96.0,3,5,5,5,5,5,5,2,5,5,1,5,5,5,Satisfied
112147,Male,44,Returning,Business,Business,3642,7,12.0,5,5,3,5,5,4,5,4,5,4,4,5,4,4,Satisfied
122286,Female,35,Returning,Personal,Economy,541,0,0.0,5,3,3,3,3,4,1,3,1,1,4,3,1,4,Neutral or Dissatisfied
98269,Male,28,Returning,Business,Business,1960,1,0.0,4,4,4,4,4,1,4,4,4,4,4,4,4,3,Neutral or Dissatisfied
18183,Female,37,First-time,Business,Economy,228,0,0.0,0,2,4,2,2,2,4,5,2,2,2,2,2,2,Neutral or Dissatisfied
124264,Male,45,Returning,Business,Business,601,14,0.0,1,1,4,5,1,4,5,4,4,3,4,1,4,4,Satisfied
30172,Female,49,Returning,Personal,Economy,548,0,0.0,1,4,4,3,3,2,3,4,2,3,2,4,2,2,Neutral or Dissatisfied
83412,Female,49,First-time,Business,Business,632,0,0.0,4,4,3,4,3,5,2,2,2,2,4,4,2,5,Neutral or Dissatisfied
29,Male,40,Returning,Business,Business,3734,0,52.0,4,4,4,4,4,5,4,5,3,2,5,4,5,5,Satisfied
78029,Female,20,Returning,Business,Economy,332,138,135.0,2,2,1,4,2,3,1,3,1,2,3,1,4,3,Neutral or Dissatisfied
71065,Male,42,Returning,Personal,Economy,802,1,7.0,2,3,4,3,3,2,2,3,2,2,3,3,2,4,Neutral or Dissatisfied
1409,Female,53,Returning,Personal,Economy Plus,229,27,19.0,4,2,4,5,2,3,5,2,5,2,3,2,3,3,Neutral or Dissatisfied
80307,Female,23,First-time,Business,Economy,746,0,23.0,1,1,4,1,3,4,3,5,3,3,3,1,3,4,Neutral or Dissatisfied
97449,Male,49,Returning,Business,Business,756,9,0.0,3,3,3,4,3,4,4,4,5,3,4,3,4,4,Satisfied
23170,Male,14,Returning,Personal,Economy,223,0,0.0,4,0,5,0,2,4,3,3,3,3,5,3,3,4,Neutral or Dissatisfied
34200,Male,43,Returning,Personal,Economy,1179,0,0.0,4,1,5,1,3,4,4,5,4,4,5,2,4,4,Neutral or Dissatisfied
14176,Male,36,Returning,Business,Business,2612,16,42.0,4,4,1,5,4,5,2,5,1,1,5,4,5,5,Satisfied
127399,Female,24,First-time,Business,Business,1009,0,0.0,2,1,2,1,3,2,4,2,3,3,3,1,3,3,Neutral or Dissatisfied
97988,Male,25,Returning,Personal,Economy,793,7,23.0,4,2,3,2,4,4,5,2,5,5,4,3,5,5,Neutral or Dissatisfied
79320,Female,43,Returning,Business,Business,1698,0,0.0,2,2,4,4,2,4,5,4,5,3,4,2,4,4,Satisfied
7269,Male,55,Returning,Personal,Economy,139,28,21.0,4,2,5,2,1,5,4,3,4,4,4,2,4,5,Neutral or Dissatisfied
83295,Male,26,Returning,Personal,Economy,1979,43,30.0,4,3,3,3,4,2,3,2,3,3,2,3,3,2,Neutral or Dissatisfied
110709,Female,35,Returning,Business,Business,2728,0,0.0,1,1,5,5,1,4,4,4,4,2,4,1,4,4,Satisfied
21035,Female,36,Returning,Business,Economy,227,0,0.0,4,2,3,5,4,4,4,1,4,4,4,4,4,4,Satisfied
32486,Female,34,Returning,Business,Business,101,35,42.0,4,4,2,2,4,3,3,3,4,4,3,3,3,3,Neutral or Dissatisfied
32653,Female,26,First-time,Business,Economy,216,0,0.0,2,3,4,3,3,1,3,3,3,3,3,3,3,3,Neutral or Dissatisfied
115472,Female,27,First-time,Business,Economy,404,33,20.0,2,2,2,2,2,3,1,3,1,1,3,2,1,3,Neutral or Dissatisfied
25547,Male,34,Returning,Business,Economy Plus,516,11,21.0,5,5,4,4,5,2,5,5,5,5,3,5,5,5,Satisfied
11702,Male,47,Returning,Business,Business,395,0,0.0,5,2,5,4,2,3,4,4,5,4,3,2,3,3,Satisfied
119118,Male,66,Returning,Personal,Economy,1107,0,0.0,4,2,2,2,1,2,2,3,2,2,1,2,2,5,Neutral or Dissatisfied
57703,Male,47,Returning,Personal,Economy,867,0,0.0,4,4,5,4,4,2,2,2,2,2,1,4,2,3,Neutral or Dissatisfied
112793,Female,26,Returning,Business,Business,1476,176,159.0,4,4,4,4,4,4,4,5,4,4,4,4,4,5,Satisfied
95596,Female,21,First-time,Business,Economy,822,0,0.0,3,3,2,3,3,2,2,2,4,4,3,3,4,4,Neutral or Dissatisfied
118354,Male,19,Returning,Personal,Economy,602,0,18.0,4,4,3,4,3,5,5,5,5,5,5,4,5,5,Neutral or Dissatisfied
50535,Male,7,Returning,Personal,Economy,86,0,0.0,5,2,1,2,3,4,3,4,3,3,4,2,3,1,Neutral or Dissatisfied
86658,Female,70,Returning,Personal,Economy,746,0,0.0,4,2,2,3,4,3,4,2,4,4,3,2,3,3,Neutral or Dissatisfied
33562,Male,45,Returning,Business,Economy,399,0,0.0,4,4,5,3,4,5,3,4,3,3,2,3,3,1,Satisfied
79138,Male,65,Returning,Business,Economy Plus,226,0,0.0,2,2,4,4,2,4,4,1,4,4,4,4,4,3,Neutral or Dissatisfied
47457,Female,41,Returning,Personal,Economy,588,0,0.0,3,3,2,3,3,4,4,4,4,4,2,3,4,3,Neutral or Dissatisfied
63679,Female,36,Returning,Business,Business,2159,0,1.0,1,1,1,3,1,5,3,5,3,1,5,1,5,5,Satisfied
12790,Male,69,Returning,Business,Economy,528,10,,2,2,5,4,2,4,4,5,4,4,3,4,4,4,Satisfied
95174,Female,13,Returning,Personal,Economy,323,14,19.0,5,3,2,3,4,3,3,1,3,3,2,3,3,5,Neutral or Dissatisfied
91558,Male,54,Returning,Personal,Economy,680,101,127.0,4,2,5,2,3,4,4,5,4,4,5,2,4,4,Neutral or Dissatisfied
93306,Female,49,Returning,Business,Business,1733,0,0.0,1,1,5,4,1,2,5,2,5,5,2,1,2,2,Satisfied
111609,Male,47,First-time,Business,Business,1014,3,0.0,2,2,5,2,1,3,4,4,4,4,5,2,4,4,Neutral or Dissatisfied
105094,Female,51,Returning,Business,Business,281,36,28.0,2,2,3,5,2,4,4,4,4,4,4,2,4,4,Satisfied
15023,Male,63,Returning,Personal,Economy Plus,557,81,62.0,5,3,1,3,2,2,3,4,3,3,4,3,3,2,Neutral or Dissatisfied
87813,Male,58,Returning,Business,Business,214,9,1.0,2,2,5,4,2,5,5,5,4,3,5,2,5,4,Satisfied
93604,Female,55,Returning,Business,Business,1964,0,0.0,1,4,3,5,4,4,5,4,4,2,4,4,4,4,Satisfied
129558,Female,67,Returning,Personal,Economy,2342,0,0.0,4,3,2,4,4,5,4,3,3,2,5,3,5,5,Neutral or Dissatisfied
117591,Female,26,Returning,Business,Business,3382,24,5.0,1,1,1,4,1,2,4,2,4,4,3,4,4,4,Neutral or Dissatisfied
41254,Female,37,Returning,Business,Business,2908,0,13.0,5,5,3,2,5,3,2,3,5,4,3,5,3,3,Satisfied
20594,Female,27,Returning,Business,Economy Plus,606,0,10.0,2,2,5,5,2,3,5,2,5,5,2,5,5,4,Satisfied
65663,Male,29,Returning,Business,Business,926,0,18.0,2,2,4,4,2,3,4,2,4,4,4,2,4,4,Satisfied
62118,Male,26,Returning,Business,Business,2454,2,0.0,5,5,4,4,5,5,4,5,4,4,5,5,4,4,Satisfied
40229,Male,36,First-time,Business,Economy,402,0,0.0,0,4,4,4,2,4,1,5,1,1,5,4,1,2,Neutral or Dissatisfied
129718,Female,38,First-time,Business,Economy,337,0,0.0,2,3,1,3,4,2,4,2,4,4,4,3,4,4,Neutral or Dissatisfied
83070,Female,10,Returning,Business,Economy,983,0,8.0,5,5,1,4,5,2,2,5,4,4,4,4,4,4,Neutral or Dissatisfied
128453,Female,19,Returning,Personal,Economy,325,3,1.0,5,1,2,1,2,1,3,5,3,3,3,1,3,1,Neutral or Dissatisfied
13290,Female,30,First-time,Business,Economy Plus,468,30,16.0,2,2,1,2,1,3,3,2,5,5,1,2,5,1,Neutral or Dissatisfied
51903,Female,39,First-time,Business,Business,507,0,0.0,1,1,2,1,4,1,1,2,4,4,5,1,4,3,Neutral or Dissatisfied
105474,Female,46,Returning,Business,Economy,495,41,76.0,3,3,4,3,3,3,3,3,3,1,3,3,3,3,Neutral or Dissatisfied
98746,Male,53,Returning,Personal,Economy,1290,0,10.0,4,3,3,3,2,5,5,4,2,2,5,2,2,3,Neutral or Dissatisfied
38415,Female,23,Returning,Business,Business,965,0,0.0,1,1,4,4,1,4,4,5,4,4,3,1,4,2,Satisfied
126808,Male,27,Returning,Business,Business,2125,0,0.0,3,4,4,3,3,5,3,4,3,3,5,3,3,5,Satisfied
103638,Female,47,Returning,Business,Business,251,0,0.0,4,4,5,5,4,5,4,5,4,4,5,4,5,5,Satisfied
38983,Male,51,Returning,Business,Business,3846,34,71.0,3,3,2,3,3,4,3,4,5,2,4,3,4,4,Satisfied
12570,Female,8,Returning,Business,Economy Plus,788,0,8.0,1,1,1,3,1,3,2,2,3,3,4,3,3,4,Neutral or Dissatisfied
121202,Female,26,First-time,Business,Economy Plus,2402,0,19.0,2,2,2,2,4,2,2,4,2,2,2,2,3,3,Neutral or Dissatisfied
123849,Male,32,First-time,Business,Business,541,0,3.0,3,3,4,3,3,4,1,2,3,3,4,3,3,5,Neutral or Dissatisfied
16581,Male,59,Returning,Personal,Economy,872,0,0.0,3,3,5,3,3,5,4,3,4,4,5,3,4,5,Neutral or Dissatisfied
28861,Female,48,Returning,Business,Business,1050,0,0.0,1,1,1,4,1,3,2,2,2,5,3,1,3,3,Satisfied
31228,Female,9,Returning,Personal,Economy Plus,628,30,42.0,2,1,4,1,4,2,5,4,4,4,3,1,4,4,Neutral or Dissatisfied
52012,Male,36,Returning,Business,Economy,328,0,0.0,5,5,2,5,5,4,5,3,5,5,3,5,5,2,Satisfied
128232,Female,16,Returning,Personal,Economy,602,0,0.0,5,2,1,2,5,1,2,3,2,2,2,2,2,4,Neutral or Dissatisfied
40421,Female,34,Returning,Business,Business,188,0,0.0,3,3,3,5,3,5,1,5,3,2,5,3,5,4,Satisfied
124658,Male,39,First-time,Business,Business,399,7,4.0,1,1,3,1,1,5,4,2,4,4,4,1,4,5,Neutral or Dissatisfied
73598,Female,50,Returning,Business,Business,192,9,6.0,3,4,4,5,4,5,5,5,3,3,5,4,5,5,Satisfied
97731,Female,44,Returning,Business,Business,2257,6,3.0,2,2,5,5,2,5,5,5,5,5,5,2,5,5,Satisfied
389,Female,27,First-time,Business,Business,102,0,0.0,2,2,3,2,3,5,1,4,1,1,5,2,1,5,Neutral or Dissatisfied
9699,Male,35,Returning,Personal,Economy,199,38,42.0,4,3,4,3,4,5,3,3,3,3,5,3,3,4,Neutral or Dissatisfied
124250,Female,16,Returning,Personal,Economy,1916,0,0.0,3,3,1,3,2,5,2,5,2,2,2,3,2,5,Neutral or Dissatisfied
42671,Female,34,Returning,Business,Business,2418,0,0.0,4,4,3,5,4,4,3,4,4,5,4,4,4,4,Satisfied
113607,Female,40,Returning,Personal,Economy,236,0,0.0,4,0,3,0,3,2,4,3,4,4,4,0,4,3,Satisfied
65937,Male,23,Returning,Business,Business,3718,0,0.0,4,4,3,4,4,3,4,2,4,4,4,4,4,4,Satisfied
113717,Female,49,Returning,Personal,Economy,386,0,0.0,5,3,4,5,1,1,5,3,4,4,1,3,1,1,Neutral or Dissatisfied
64178,Female,49,Returning,Business,Economy Plus,589,0,0.0,2,2,5,4,2,4,1,5,2,4,4,5,4,4,Satisfied
81183,Female,7,Returning,Business,Business,3945,0,0.0,4,3,2,2,4,4,2,2,2,2,3,2,2,4,Neutral or Dissatisfied
3106,Female,50,Returning,Business,Business,2154,88,107.0,3,5,3,5,5,5,4,5,4,3,5,5,5,5,Satisfied
95647,Male,39,Returning,Business,Business,845,17,20.0,3,1,5,4,3,4,4,4,5,5,4,3,4,4,Satisfied
26459,Male,72,First-time,Business,Economy,387,0,0.0,0,3,5,3,5,3,2,4,2,2,1,3,2,1,Neutral or Dissatisfied
112958,Male,24,Returning,Personal,Economy,715,4,0.0,4,2,3,2,4,4,5,2,5,5,5,2,5,5,Neutral or Dissatisfied
112406,Female,28,Returning,Business,Business,3830,2,4.0,1,5,3,3,1,3,3,3,3,3,4,1,3,5,Satisfied
51960,Male,24,First-time,Business,Economy,347,0,0.0,0,3,5,3,1,3,5,5,5,5,3,3,5,4,Neutral or Dissatisfied
14558,Male,19,Returning,Business,Economy Plus,299,0,0.0,5,5,1,1,5,3,2,3,1,1,3,1,1,3,Neutral or Dissatisfied
41478,Female,24,First-time,Business,Economy,1334,16,0.0,2,2,2,2,3,4,1,4,1,1,2,2,1,1,Neutral or Dissatisfied
97140,Male,12,Returning,Business,Business,1390,15,0.0,2,2,4,4,2,4,4,3,4,4,4,2,4,4,Satisfied
119789,Male,51,Returning,Business,Business,2152,0,0.0,5,5,4,5,5,4,4,4,5,2,4,5,4,4,Satisfied
6346,Female,31,Returning,Business,Business,2118,0,51.0,3,3,1,2,3,4,1,2,1,1,3,1,1,4,Neutral or Dissatisfied
34267,Female,22,First-time,Business,Economy,496,0,0.0,3,2,1,2,4,2,3,5,3,3,2,2,3,2,Neutral or Dissatisfied
40916,Female,59,Returning,Personal,Economy,599,37,33.0,5,3,3,5,4,4,5,3,3,2,4,3,4,5,Neutral or Dissatisfied
91448,Male,32,Returning,Business,Business,2825,0,0.0,3,3,5,4,3,3,4,3,4,4,4,3,4,4,Satisfied
121251,Female,35,Returning,Business,Business,1814,0,7.0,1,1,4,3,1,2,3,2,4,5,2,2,2,2,Neutral or Dissatisfied
19537,Female,46,Returning,Business,Business,160,0,0.0,4,0,4,4,1,5,2,5,4,5,5,0,5,5,Satisfied
37309,Male,28,Returning,Business,Economy,944,0,13.0,0,0,1,0,2,2,5,5,5,5,3,0,5,2,Satisfied
79164,Female,20,First-time,Business,Economy,1325,0,0.0,4,4,4,5,3,5,4,5,4,4,5,4,4,5,Neutral or Dissatisfied
41737,Female,29,Returning,Business,Business,2157,0,0.0,4,4,2,5,4,3,5,1,5,5,4,4,5,4,Satisfied
19783,Male,26,Returning,Business,Business,667,193,208.0,2,3,4,4,2,5,4,4,4,4,3,4,3,4,Neutral or Dissatisfied
95037,Male,58,Returning,Personal,Economy,239,0,0.0,3,0,2,0,4,4,4,1,4,4,4,2,4,3,Neutral or Dissatisfied
122443,Female,20,First-time,Business,Economy,808,0,0.0,3,3,4,3,2,3,5,2,5,5,5,3,5,5,Neutral or Dissatisfied
66754,Female,44,Returning,Personal,Economy,802,0,0.0,1,3,2,4,3,5,4,3,4,3,5,3,5,2,Neutral or Dissatisfied
53682,Female,29,Returning,Business,Economy,1208,0,0.0,0,0,1,0,4,4,4,4,4,4,1,0,4,3,Satisfied
43349,Male,37,Returning,Business,Business,1737,45,59.0,5,5,3,4,5,4,4,4,4,5,4,4,4,4,Neutral or Dissatisfied
99926,Female,35,Returning,Business,Business,764,0,27.0,4,4,3,5,4,2,4,2,3,5,2,4,2,2,Satisfied
23485,Female,48,Returning,Personal,Economy,576,0,15.0,5,1,3,4,1,3,5,1,4,4,3,1,3,3,Neutral or Dissatisfied
82843,Female,48,Returning,Business,Business,594,0,3.0,1,2,5,4,1,5,5,5,4,5,5,1,5,5,Satisfied
70202,Male,19,Returning,Personal,Economy,258,0,0.0,1,2,2,2,4,4,1,5,1,1,3,2,1,4,Neutral or Dissatisfied
26649,Female,38,Returning,Business,Business,2801,0,7.0,2,2,4,4,2,2,4,2,3,5,2,2,2,2,Neutral or Dissatisfied
32668,Male,33,Returning,Business,Business,163,0,0.0,4,4,3,1,4,1,2,2,1,1,4,2,1,3,Neutral or Dissatisfied
21058,Male,43,Returning,Business,Business,227,1,5.0,1,3,4,5,1,4,3,4,5,5,4,1,4,4,Satisfied
26778,Male,41,Returning,Business,Economy,1199,4,0.0,2,2,1,3,2,4,3,1,3,3,4,3,3,3,Neutral or Dissatisfied
76314,Male,29,Returning,Business,Business,2182,1,0.0,5,5,5,2,5,4,2,2,2,2,4,5,2,5,Satisfied
24213,Female,25,First-time,Business,Economy,170,0,0.0,4,5,3,5,4,1,5,2,5,5,4,4,5,2,Satisfied
115332,Female,42,Returning,Business,Business,325,77,78.0,0,0,4,5,4,5,4,5,5,3,5,0,5,5,Satisfied
68430,Male,12,Returning,Personal,Economy,1045,18,11.0,2,1,2,1,2,1,1,4,1,1,3,1,1,2,Neutral or Dissatisfied
98778,Male,59,Returning,Business,Business,2442,42,52.0,4,4,3,5,4,3,4,3,5,3,3,4,3,3,Satisfied
55871,Female,22,Returning,Business,Business,2809,36,28.0,2,2,5,5,2,3,5,4,5,5,4,2,5,4,Satisfied
35855,Female,42,Returning,Business,Business,2623,22,30.0,5,5,3,3,5,2,3,2,1,5,2,2,2,2,Neutral or Dissatisfied
2524,Female,48,Returning,Business,Business,3093,93,102.0,0,0,5,5,1,5,4,5,4,5,5,0,5,3,Satisfied
86601,Female,17,Returning,Business,Business,746,89,77.0,4,4,3,4,4,4,4,5,4,4,5,4,4,5,Satisfied
19194,Female,28,First-time,Business,Economy,542,5,4.0,0,3,3,3,1,5,3,1,3,3,3,3,3,2,Neutral or Dissatisfied
61514,Male,66,Returning,Personal,Economy,2288,146,105.0,1,3,3,3,3,4,3,2,3,3,3,3,2,3,Neutral or Dissatisfied
44279,Female,10,Returning,Personal,Economy Plus,118,0,0.0,5,2,1,2,4,1,3,1,5,5,5,2,5,5,Neutral or Dissatisfied
97550,Female,14,Returning,Personal,Economy,462,0,0.0,2,1,2,1,2,4,5,2,2,2,3,1,2,2,Neutral or Dissatisfied
37446,Male,38,Returning,Business,Business,2261,0,3.0,4,4,5,3,4,5,1,5,2,1,5,4,5,5,Satisfied
95665,Male,27,Returning,Personal,Economy Plus,928,21,24.0,4,3,5,3,1,3,2,2,5,5,5,3,5,4,Neutral or Dissatisfied
73402,Female,44,First-time,Business,Economy,1144,75,57.0,2,2,2,2,3,3,4,4,4,4,3,2,4,4,Neutral or Dissatisfied
8551,Male,39,First-time,Business,Business,109,0,0.0,2,2,5,2,2,4,2,4,2,2,4,2,2,4,Neutral or Dissatisfied
98098,Female,54,Returning,Personal,Economy,265,0,0.0,2,0,3,3,2,2,2,0,1,2,2,3,2,2,Neutral or Dissatisfied
97674,Female,12,Returning,Personal,Economy,491,138,158.0,2,5,4,4,3,1,4,4,4,5,3,5,3,4,Satisfied
87904,Male,39,Returning,Business,Business,581,3,0.0,4,4,3,4,4,4,4,4,4,2,4,4,4,4,Satisfied
64777,Male,36,Returning,Business,Business,1935,4,0.0,3,3,4,5,3,5,4,5,4,5,5,3,5,5,Satisfied
24515,Male,8,Returning,Business,Economy Plus,547,0,5.0,4,4,4,2,4,3,3,3,2,2,3,2,2,3,Neutral or Dissatisfied
82038,Female,39,Returning,Personal,Economy,1454,0,0.0,4,1,5,1,2,5,4,3,4,4,4,1,4,5,Neutral or Dissatisfied
36165,Female,63,Returning,Business,Business,1674,0,8.0,3,3,1,1,3,4,2,4,3,1,4,4,4,4,Neutral or Dissatisfied
48190,Male,51,Returning,Business,Business,173,0,10.0,1,3,4,4,1,1,3,1,3,5,1,3,1,3,Neutral or Dissatisfied
122146,Male,31,Returning,Business,Business,546,20,22.0,1,1,3,3,1,3,3,4,3,3,4,1,3,4,Satisfied
27196,Female,29,Returning,Business,Economy,2182,0,0.0,5,5,2,4,5,3,4,3,4,4,2,4,4,3,Neutral or Dissatisfied
37603,Male,49,Returning,Personal,Economy,1076,0,0.0,4,2,4,2,2,5,3,4,3,3,3,2,3,3,Neutral or Dissatisfied
48279,Male,11,Returning,Personal,Economy Plus,236,0,0.0,5,5,4,5,2,5,1,5,1,1,4,5,1,4,Satisfied
28943,Male,23,Returning,Business,Economy,978,0,0.0,2,2,1,4,2,1,4,5,5,5,3,5,5,1,Satisfied
94259,Male,49,First-time,Business,Business,248,0,0.0,2,2,4,3,4,3,5,5,5,5,5,3,5,4,Neutral or Dissatisfied
45385,Female,20,Returning,Personal,Economy Plus,150,0,0.0,4,2,5,2,4,5,2,5,2,2,4,2,2,5,Neutral or Dissatisfied
94452,Male,45,Returning,Business,Business,239,3,0.0,2,4,4,5,2,4,5,4,4,2,4,2,4,4,Satisfied
113741,Female,26,Returning,Personal,Economy,391,0,0.0,5,5,3,5,2,4,3,4,3,3,5,5,3,5,Satisfied
7593,Male,54,Returning,Business,Business,1900,0,0.0,1,1,4,5,1,4,4,4,5,3,4,1,4,4,Satisfied
86135,Male,28,First-time,Business,Business,356,0,0.0,2,2,3,2,1,5,3,4,3,3,5,2,3,4,Neutral or Dissatisfied
77653,Female,50,Returning,Business,Business,3421,0,0.0,4,4,5,5,4,4,4,4,5,5,4,4,4,4,Satisfied
126214,Male,58,Returning,Business,Business,650,0,1.0,5,5,4,4,5,4,4,4,3,3,4,5,4,4,Satisfied
77782,Female,30,Returning,Personal,Economy,696,0,0.0,5,2,5,2,1,5,2,3,2,2,4,2,2,5,Neutral or Dissatisfied
83704,Female,52,Returning,Personal,Economy,577,13,1.0,1,2,3,1,2,5,1,2,2,5,5,3,5,4,Neutral or Dissatisfied
9001,Female,17,Returning,Personal,Economy Plus,252,109,95.0,3,0,4,0,1,1,3,5,3,3,1,3,3,3,Neutral or Dissatisfied
36480,Female,41,Returning,Business,Business,2084,0,0.0,1,1,4,5,1,4,4,5,5,5,4,1,4,4,Satisfied
50220,Female,70,Returning,Business,Economy,86,0,0.0,1,1,1,3,1,1,2,1,1,4,1,1,1,1,Neutral or Dissatisfied
41553,Female,44,Returning,Business,Business,1464,4,15.0,3,5,2,4,3,2,4,2,2,2,2,2,2,2,Neutral or Dissatisfied
76976,Female,39,Returning,Business,Business,1969,0,0.0,4,4,5,5,4,2,4,2,4,5,2,4,2,2,Satisfied
21171,Female,44,Returning,Business,Business,3537,60,44.0,4,4,1,4,4,4,4,4,1,5,4,4,4,4,Neutral or Dissatisfied
12905,Male,35,Returning,Business,Economy,359,0,0.0,1,1,2,2,1,2,1,5,1,1,4,1,1,4,Neutral or Dissatisfied
48826,Male,65,Returning,Personal,Business,86,114,120.0,5,1,2,4,3,2,3,1,4,1,2,1,2,2,Neutral or Dissatisfied
73800,Male,65,Returning,Business,Economy Plus,204,0,0.0,4,4,1,3,4,1,3,3,3,3,3,3,3,4,Neutral or Dissatisfied
92187,Male,63,Returning,Business,Economy,1979,55,28.0,4,4,1,3,4,4,4,2,4,4,3,3,4,2,Neutral or Dissatisfied
41389,Female,54,Returning,Business,Economy,913,4,0.0,5,4,4,1,5,5,2,5,4,4,5,5,5,5,Satisfied
122799,Female,63,Returning,Business,Business,599,0,0.0,4,4,3,4,4,2,4,2,5,2,2,4,2,2,Satisfied
39106,Female,43,Returning,Business,Business,2062,0,0.0,1,4,3,5,1,4,1,4,5,4,4,1,4,3,Satisfied
40308,Male,60,Returning,Personal,Economy,387,0,0.0,5,1,1,1,4,1,2,5,2,2,5,1,2,3,Neutral or Dissatisfied
104429,Male,20,First-time,Business,Business,1147,17,0.0,2,2,4,2,4,2,1,5,1,1,4,3,1,4,Neutral or Dissatisfied
15398,Male,41,Returning,Business,Business,164,0,0.0,5,5,2,2,5,5,4,5,2,3,5,5,5,3,Satisfied
85248,Male,47,Returning,Personal,Economy,813,0,0.0,3,3,3,3,3,4,4,4,4,4,4,3,4,3,Neutral or Dissatisfied
61767,Male,29,Returning,Personal,Economy,1379,6,0.0,3,2,4,2,4,1,2,3,2,2,3,2,2,4,Neutral or Dissatisfied
89156,Female,43,Returning,Personal,Economy,2139,0,11.0,4,4,4,5,3,3,5,4,3,3,3,4,3,3,Satisfied
40833,Female,26,First-time,Business,Economy,590,115,116.0,1,4,1,4,3,1,1,4,2,2,4,3,2,3,Neutral or Dissatisfied
72834,Female,25,Returning,Business,Economy,1013,0,0.0,2,2,4,2,2,4,2,2,3,3,3,3,3,3,Neutral or Dissatisfied
75810,Male,27,Returning,Business,Business,868,0,3.0,4,4,5,5,4,4,4,4,4,4,5,4,4,5,Satisfied
28800,Male,40,Returning,Business,Business,2585,0,0.0,4,4,4,1,4,3,5,3,1,1,3,4,3,3,Satisfied
47161,Female,39,First-time,Business,Business,965,0,0.0,2,2,3,2,1,1,3,5,3,3,4,2,3,4,Neutral or Dissatisfied
31793,Female,51,Returning,Business,Business,2640,0,0.0,5,5,3,3,5,1,3,2,3,3,4,3,3,4,Neutral or Dissatisfied
73094,Male,42,Returning,Business,Economy Plus,685,0,0.0,2,2,2,4,2,1,4,4,4,4,5,4,4,1,Satisfied
110185,Female,27,Returning,Personal,Economy,882,0,0.0,3,2,1,2,3,2,4,1,3,3,3,3,3,4,Neutral or Dissatisfied
43475,Female,36,Returning,Business,Business,1500,106,139.0,5,4,1,1,5,4,1,2,1,1,2,1,4,3,Neutral or Dissatisfied
15567,Female,32,First-time,Business,Economy,283,0,8.0,0,4,3,4,5,3,5,3,5,5,1,4,5,1,Neutral or Dissatisfied
82321,Female,39,Returning,Business,Business,2396,0,0.0,3,3,3,4,3,3,5,3,5,3,3,3,3,3,Satisfied
43602,Male,36,Returning,Business,Business,2315,0,0.0,4,4,5,2,4,5,5,4,1,5,5,4,5,5,Satisfied
50746,Male,22,Returning,Personal,Economy,421,0,0.0,3,3,4,3,3,2,2,4,2,2,3,3,2,4,Neutral or Dissatisfied
34808,Male,13,Returning,Personal,Economy,301,0,0.0,5,3,4,3,3,3,5,4,5,5,5,1,5,4,Neutral or Dissatisfied
114043,Female,20,First-time,Business,Economy,512,34,28.0,3,3,2,3,3,3,5,1,3,3,3,3,3,4,Neutral or Dissatisfied
30400,Male,54,Returning,Personal,Economy,641,0,0.0,4,1,3,1,2,3,5,3,5,5,4,1,5,5,Neutral or Dissatisfied
84749,Female,28,Returning,Business,Business,2673,10,0.0,4,4,4,4,4,4,4,4,4,4,4,4,4,5,Satisfied
65063,Female,64,Returning,Personal,Economy,190,0,0.0,5,0,5,4,4,1,4,0,4,3,1,3,1,1,Neutral or Dissatisfied
62662,Female,51,Returning,Business,Business,1781,0,0.0,4,5,5,5,5,5,5,4,5,5,5,5,5,5,Satisfied
87929,Male,45,Returning,Business,Business,2936,3,0.0,2,2,4,3,2,3,3,3,2,3,3,3,3,3,Neutral or Dissatisfied
79949,Female,48,Returning,Business,Economy,950,0,29.0,2,2,3,3,2,3,3,3,1,5,3,3,3,3,Neutral or Dissatisfied
9533,Male,52,Returning,Business,Business,2864,41,41.0,4,4,3,5,4,5,5,5,4,2,5,4,5,5,Satisfied
45776,Female,46,Returning,Business,Business,3860,0,0.0,3,3,1,1,3,5,1,5,3,3,5,3,5,4,Satisfied
38283,Female,25,Returning,Personal,Economy,1050,3,1.0,5,2,5,2,3,3,3,5,3,3,5,2,3,5,Neutral or Dissatisfied
112653,Male,55,Returning,Business,Business,2237,33,25.0,3,3,3,4,3,5,4,5,4,3,5,3,5,5,Satisfied
35810,Female,37,Returning,Business,Economy,937,0,0.0,2,2,5,5,2,4,5,4,5,5,5,5,5,3,Satisfied
126802,Female,42,First-time,Business,Business,947,0,1.0,0,0,3,5,2,4,1,4,1,1,5,5,1,5,Satisfied
10267,Female,65,Returning,Personal,Business,270,0,0.0,4,4,3,5,1,1,4,4,5,2,1,4,1,1,Satisfied
114941,Female,47,Returning,Business,Business,3814,2,12.0,3,3,5,4,3,5,5,5,4,3,5,3,5,5,Satisfied
97251,Male,26,First-time,Business,Business,296,2,2.0,5,1,5,1,1,5,1,4,1,1,4,2,1,5,Neutral or Dissatisfied
31726,Female,48,Returning,Personal,Economy,846,0,0.0,5,3,3,4,1,1,5,3,3,4,1,3,1,1,Neutral or Dissatisfied
40591,Female,55,First-time,Business,Economy,391,0,0.0,0,1,4,1,5,3,1,4,1,1,3,1,1,1,Neutral or Dissatisfied
18435,Male,20,First-time,Business,Economy,285,0,0.0,4,3,5,3,5,5,4,2,4,4,5,2,4,5,Neutral or Dissatisfied
85713,Male,40,Returning,Business,Business,1547,1,0.0,1,1,4,5,1,2,5,3,4,2,2,1,2,2,Satisfied
36089,Male,16,Returning,Personal,Economy,413,12,20.0,4,3,3,3,1,4,2,2,5,5,5,3,5,4,Neutral or Dissatisfied
15216,Female,55,Returning,Business,Business,2946,14,0.0,5,4,4,1,5,5,1,5,3,5,5,5,5,5,Satisfied
114933,Female,54,Returning,Business,Business,373,0,0.0,3,3,4,5,3,4,5,4,4,5,4,3,4,4,Satisfied
46019,Female,18,First-time,Business,Economy,898,14,8.0,5,5,3,5,4,2,1,3,1,1,5,5,1,2,Satisfied
3130,Male,58,Returning,Business,Business,237,0,24.0,4,4,5,4,4,5,4,5,4,4,5,4,5,5,Satisfied
61022,Male,62,Returning,Personal,Economy,3365,19,31.0,4,1,5,5,4,2,5,4,5,1,4,1,5,5,Neutral or Dissatisfied
123104,Male,57,Returning,Business,Business,3923,2,0.0,3,3,3,4,3,4,5,4,3,5,4,3,4,4,Satisfied
112785,Female,38,Returning,Business,Business,590,31,31.0,5,5,3,5,5,5,5,5,5,2,5,5,5,5,Satisfied
77404,Female,58,Returning,Personal,Economy,599,7,0.0,3,4,5,3,2,3,2,4,5,4,3,4,3,5,Neutral or Dissatisfied
109025,Female,22,First-time,Business,Business,849,1,1.0,5,5,4,5,1,4,5,5,5,5,4,5,5,4,Satisfied
105620,Male,23,First-time,Business,Economy,883,28,15.0,2,2,5,2,3,5,3,3,2,2,4,2,2,4,Neutral or Dissatisfied
85493,Male,42,Returning,Personal,Economy,332,0,0.0,2,3,1,3,4,1,5,3,5,5,4,3,5,4,Neutral or Dissatisfied
80748,Female,19,Returning,Personal,Economy,393,22,8.0,5,3,4,3,5,1,4,5,4,4,2,3,4,4,Neutral or Dissatisfied
8149,Female,24,Returning,Business,Business,294,0,0.0,3,3,5,4,3,4,4,2,4,4,5,3,4,5,Satisfied
17508,Male,49,Returning,Business,Economy,352,0,0.0,2,2,3,4,2,1,4,3,4,4,4,4,4,3,Satisfied
126337,Male,48,Returning,Personal,Economy,631,12,7.0,5,4,4,4,4,3,5,4,5,5,4,4,5,4,Neutral or Dissatisfied
64536,Female,45,Returning,Business,Business,469,0,0.0,4,4,5,4,4,4,5,4,4,4,4,4,4,4,Satisfied
83642,Male,22,First-time,Business,Business,577,9,0.0,0,5,3,5,3,5,5,3,5,5,4,5,5,5,Satisfied
108027,Male,44,Returning,Business,Business,306,2,0.0,3,3,5,5,3,4,4,4,5,2,4,3,4,4,Satisfied
11393,Female,51,Returning,Business,Business,3947,0,0.0,5,5,5,5,5,4,4,4,3,4,4,5,4,4,Satisfied
116067,Male,61,Returning,Personal,Economy,325,5,1.0,5,2,5,2,2,4,1,3,1,1,5,2,1,2,Neutral or Dissatisfied
58125,Male,50,Returning,Personal,Economy,589,6,13.0,4,3,5,3,3,3,5,2,5,5,5,3,5,4,Neutral or Dissatisfied
92721,Female,57,Returning,Business,Business,2239,0,2.0,5,5,4,5,5,4,5,4,4,4,4,5,4,4,Satisfied
107948,Male,23,Returning,Business,Business,3553,0,0.0,4,4,5,5,4,4,5,3,5,5,4,4,5,4,Satisfied
128917,Female,59,Returning,Business,Business,1995,0,0.0,4,4,3,4,4,4,4,4,5,2,4,4,4,4,Satisfied
53022,Male,29,First-time,Business,Economy,1208,0,0.0,5,5,2,5,2,5,2,1,2,2,2,4,2,2,Satisfied
11743,Male,33,Returning,Business,Business,395,29,48.0,2,2,1,1,2,4,2,3,2,2,3,2,2,3,Neutral or Dissatisfied
5715,Male,62,Returning,Personal,Economy,436,0,0.0,4,1,5,1,1,2,5,4,5,5,3,1,5,5,Neutral or Dissatisfied
129781,Female,60,Returning,Personal,Economy,447,0,0.0,4,4,5,4,5,5,5,4,4,4,5,4,5,5,Satisfied
125939,Male,60,Returning,Personal,Economy,920,0,0.0,4,1,1,1,4,5,2,2,2,2,4,1,2,5,Neutral or Dissatisfied
101528,Male,39,Returning,Personal,Economy,345,6,0.0,1,2,4,2,2,2,2,2,2,2,2,2,2,3,Neutral or Dissatisfied
63786,Male,27,Returning,Business,Business,1721,0,0.0,3,3,1,4,3,5,4,2,4,4,1,3,4,4,Satisfied
55869,Female,40,Returning,Business,Business,528,30,8.0,4,4,5,5,4,4,4,4,5,5,4,4,4,4,Satisfied
63180,Male,43,Returning,Business,Business,3166,10,4.0,0,0,5,4,3,3,4,3,3,2,3,0,3,3,Satisfied
36670,Female,30,Returning,Personal,Economy,1121,72,58.0,5,2,4,2,4,5,4,3,4,4,5,2,4,5,Neutral or Dissatisfied
26056,Male,45,Returning,Personal,Economy,432,0,0.0,4,2,4,2,3,5,1,2,1,1,3,2,1,4,Neutral or Dissatisfied
90543,Female,32,Returning,Business,Business,366,0,0.0,1,1,3,4,1,5,3,2,3,3,4,1,3,4,Satisfied
72320,Male,42,Returning,Business,Business,3347,11,19.0,3,2,4,5,3,4,5,4,4,2,4,3,4,4,Satisfied
60127,Male,40,Returning,Business,Economy,1050,0,0.0,5,5,4,3,5,4,2,4,2,2,4,2,2,4,Neutral or Dissatisfied
2943,Female,60,Returning,Business,Business,737,0,10.0,3,1,5,4,3,4,4,4,5,4,4,3,4,4,Satisfied
14393,Female,40,Returning,Business,Business,900,0,0.0,1,1,4,3,1,4,4,4,2,3,4,4,4,4,Neutral or Dissatisfied
63995,Male,60,Returning,Business,Business,612,21,49.0,4,4,5,4,4,5,5,5,5,2,5,4,5,5,Satisfied
85237,Male,25,First-time,Business,Economy,874,47,42.0,2,2,2,2,4,4,3,1,3,3,5,2,3,1,Neutral or Dissatisfied
33182,Female,24,First-time,Business,Economy,101,0,0.0,0,3,5,3,1,5,4,4,4,4,1,3,4,3,Neutral or Dissatisfied
31056,Female,30,Returning,Business,Business,641,7,12.0,1,4,1,2,1,3,2,1,2,2,3,2,2,3,Neutral or Dissatisfied
69539,Female,43,Returning,Business,Business,2446,46,108.0,4,4,4,4,4,4,4,4,4,4,3,4,3,4,Satisfied
120045,Male,65,Returning,Personal,Economy,168,0,0.0,5,0,1,0,4,1,5,3,5,5,5,2,5,5,Neutral or Dissatisfied
6963,Female,26,First-time,Business,Business,196,0,0.0,1,1,4,1,1,3,5,5,5,5,4,1,5,4,Neutral or Dissatisfied
2265,Male,50,Returning,Business,Business,690,0,0.0,1,1,4,5,1,4,4,4,4,2,4,1,4,4,Satisfied
25981,Male,17,Returning,Business,Business,1953,0,0.0,4,3,2,4,3,2,3,2,3,3,3,3,3,5,Satisfied
94557,Female,42,Returning,Business,Business,2726,3,0.0,1,5,3,4,1,5,4,5,5,2,5,1,5,5,Satisfied
101805,Female,54,Returning,Business,Business,1521,0,0.0,5,5,4,5,5,4,4,4,5,4,4,5,4,4,Satisfied
48852,Male,56,Returning,Personal,Business,262,0,0.0,4,4,3,4,1,1,2,4,3,4,1,4,1,1,Neutral or Dissatisfied
86199,Female,44,Returning,Business,Business,3542,149,138.0,4,4,4,4,4,4,4,4,4,4,4,4,5,4,Satisfied
28406,Female,64,Returning,Personal,Economy,1709,0,0.0,3,2,4,4,3,2,4,2,2,2,2,2,2,2,Neutral or Dissatisfied
85935,Male,36,First-time,Business,Business,447,0,0.0,1,1,4,1,2,3,5,3,4,4,5,2,4,5,Neutral or Dissatisfied
70455,Female,22,Returning,Business,Business,2301,4,0.0,1,1,3,5,1,3,4,5,5,5,4,1,5,5,Satisfied
23056,Female,35,Returning,Business,Business,820,167,162.0,1,1,5,5,1,4,5,5,5,4,2,1,3,1,Satisfied
119425,Female,51,Returning,Personal,Economy,399,0,0.0,5,3,4,5,3,4,5,3,3,4,4,3,4,4,Neutral or Dissatisfied
10473,Male,20,First-time,Business,Business,312,37,39.0,4,4,4,4,1,5,3,5,3,3,5,4,3,5,Satisfied
57444,Male,60,Returning,Personal,Business,334,3,4.0,4,2,3,4,1,4,4,2,4,5,4,2,4,4,Neutral or Dissatisfied
89015,Female,39,First-time,Business,Business,2116,32,25.0,4,4,3,4,3,4,3,4,3,3,3,4,3,2,Neutral or Dissatisfied
33070,Female,27,Returning,Personal,Economy,101,0,0.0,5,3,5,3,1,3,4,2,1,1,2,3,1,2,Neutral or Dissatisfied
9480,Male,54,Returning,Business,Business,224,16,15.0,3,3,4,4,3,5,4,5,5,5,5,3,5,5,Satisfied
108886,Male,35,First-time,Business,Business,1066,0,0.0,2,2,4,2,2,4,5,2,5,5,4,2,5,5,Neutral or Dissatisfied
105870,Male,31,Returning,Personal,Economy Plus,925,44,17.0,4,1,4,1,5,3,2,3,2,2,4,1,2,5,Neutral or Dissatisfied
31318,Male,34,Returning,Personal,Economy,680,33,34.0,5,4,4,4,1,4,4,4,4,4,5,4,4,4,Neutral or Dissatisfied
74375,Female,56,Returning,Business,Business,1431,0,0.0,5,5,5,4,5,4,4,5,3,3,4,5,4,4,Satisfied
9810,Male,61,Returning,Personal,Economy,493,33,25.0,4,2,3,2,4,4,4,3,4,4,5,2,4,4,Neutral or Dissatisfied
54313,Female,43,Returning,Business,Business,1597,0,0.0,2,3,4,5,2,4,3,4,1,2,4,2,4,4,Satisfied
74652,Female,40,Returning,Personal,Economy,1438,0,0.0,4,4,5,4,4,5,4,2,5,5,4,4,5,5,Neutral or Dissatisfied
79073,Female,66,Returning,Business,Business,3421,0,0.0,3,3,3,3,3,3,3,3,1,2,3,3,3,3,Neutral or Dissatisfied
89955,Male,51,Returning,Personal,Economy,1310,24,19.0,5,3,5,3,5,5,2,4,2,2,5,2,2,3,Neutral or Dissatisfied
92307,Female,38,Returning,Business,Business,2486,0,0.0,5,5,4,2,5,2,4,2,2,4,2,2,2,2,Neutral or Dissatisfied
63924,Male,59,Returning,Personal,Economy,1172,0,8.0,4,3,3,3,2,4,2,5,2,2,4,3,2,5,Neutral or Dissatisfied
13512,Female,43,Returning,Business,Economy,106,0,0.0,4,4,2,5,4,4,2,4,5,4,4,4,4,4,Satisfied
60885,Male,36,Returning,Business,Economy,662,5,0.0,3,3,2,4,3,2,4,1,4,4,4,4,4,3,Neutral or Dissatisfied
98460,Female,56,Returning,Business,Business,2153,0,0.0,2,2,4,4,2,4,5,4,5,3,4,2,4,5,Satisfied
104454,Male,50,Returning,Business,Business,1015,17,6.0,1,5,5,4,1,2,5,2,4,2,2,1,2,2,Satisfied
93220,Male,55,Returning,Business,Business,1460,18,4.0,4,4,4,4,4,4,5,4,4,4,4,4,4,4,Satisfied
4365,Male,45,Returning,Business,Business,1875,0,7.0,2,2,3,5,2,4,5,4,5,4,4,2,4,4,Satisfied
44402,Male,71,Returning,Business,Business,3055,95,108.0,2,2,2,3,2,1,4,2,4,1,1,1,1,1,Neutral or Dissatisfied
123340,Female,61,Returning,Personal,Economy Plus,468,5,0.0,5,3,5,4,3,4,5,3,5,4,4,3,4,4,Neutral or Dissatisfied
26600,Female,27,First-time,Business,Economy,406,0,0.0,3,2,3,2,3,3,4,4,4,4,4,2,4,4,Neutral or Dissatisfied
106532,Female,36,First-time,Business,Business,271,0,0.0,4,4,3,4,2,5,3,3,3,3,4,4,3,5,Neutral or Dissatisfied
31659,Male,59,Returning,Business,Business,846,3,8.0,1,4,1,3,1,3,2,3,3,5,3,3,3,3,Neutral or Dissatisfied
126552,Female,41,Returning,Personal,Economy,644,0,16.0,4,2,1,2,3,2,5,3,5,5,2,2,5,1,Neutral or Dissatisfied
104439,Female,68,Returning,Personal,Economy,1147,22,15.0,1,3,2,4,3,2,3,3,3,3,2,3,2,2,Neutral or Dissatisfied
58872,Female,45,Returning,Business,Business,2542,10,0.0,2,2,4,4,2,5,5,5,4,3,5,2,5,5,Satisfied
5143,Male,45,Returning,Business,Business,622,40,53.0,2,2,4,5,2,2,5,2,4,5,2,2,2,2,Satisfied
128655,Male,38,First-time,Business,Business,2288,14,12.0,4,4,5,4,3,3,4,2,4,4,5,4,4,4,Neutral or Dissatisfied
98462,Male,23,Returning,Business,Business,2761,200,204.0,4,4,3,3,4,3,3,3,3,3,1,3,2,3,Neutral or Dissatisfied
101975,Male,58,Returning,Personal,Economy,628,17,5.0,4,2,4,2,3,4,5,2,5,5,4,2,5,4,Neutral or Dissatisfied
52779,Female,50,Returning,Business,Economy,1874,4,0.0,4,4,1,2,4,2,3,2,4,1,2,2,2,2,Neutral or Dissatisfied
76308,Female,18,First-time,Business,Business,2182,0,0.0,0,5,5,5,2,4,5,4,5,5,5,5,5,3,Satisfied
26370,Male,28,Returning,Business,Economy,991,0,0.0,5,5,1,1,5,4,1,4,1,1,3,1,1,4,Neutral or Dissatisfied
89082,Male,44,Returning,Business,Business,1892,9,0.0,4,4,3,5,4,5,4,5,5,2,5,4,5,5,Satisfied
37494,Male,63,Returning,Business,Economy,1069,0,0.0,1,1,4,4,1,5,4,1,4,4,1,4,4,2,Satisfied
89858,Male,46,First-time,Business,Business,1501,0,0.0,2,2,5,2,5,4,3,4,3,3,4,2,3,4,Neutral or Dissatisfied
78984,Female,32,Returning,Business,Business,377,0,0.0,3,3,1,4,3,2,4,3,4,4,3,4,4,4,Neutral or Dissatisfied
97023,Male,45,Returning,Business,Business,359,11,2.0,4,4,4,4,4,5,5,5,4,5,5,4,5,5,Satisfied
57219,Male,50,Returning,Business,Economy,1114,5,28.0,2,2,3,5,2,4,5,1,5,5,1,5,5,2,Satisfied
74323,Male,29,Returning,Business,Business,3692,235,228.0,2,2,5,5,2,4,5,5,5,5,5,2,4,4,Satisfied
111334,Male,12,Returning,Personal,Economy,283,23,42.0,4,4,4,4,2,3,1,5,1,1,4,3,1,4,Neutral or Dissatisfied
111195,Male,45,Returning,Business,Business,1506,0,0.0,4,4,3,4,4,2,4,2,4,3,2,4,2,2,Satisfied
4862,Female,43,Returning,Personal,Economy,408,0,0.0,2,1,3,4,3,3,3,1,4,3,3,1,3,3,Neutral or Dissatisfied
49869,Male,36,Returning,Business,Economy,421,11,23.0,3,3,3,3,3,3,3,1,3,3,3,3,3,3,Neutral or Dissatisfied
47060,Female,24,Returning,Business,Business,639,44,30.0,4,4,3,3,4,4,3,5,3,3,4,3,3,4,Neutral or Dissatisfied
93503,Male,31,Returning,Personal,Economy,1020,14,0.0,4,4,4,4,4,2,4,3,4,4,3,4,4,4,Neutral or Dissatisfied
35277,Female,34,Returning,Business,Business,944,0,5.0,1,1,4,1,1,5,2,5,3,5,5,1,5,5,Satisfied
50513,Female,21,Returning,Personal,Economy,326,0,0.0,5,5,3,5,3,4,4,5,4,4,2,5,4,2,Satisfied
4780,Female,44,Returning,Business,Business,438,0,0.0,1,1,3,4,1,4,4,4,3,4,4,1,4,4,Satisfied
116694,Female,37,First-time,Business,Business,446,1,0.0,1,1,3,1,4,5,3,4,3,3,4,1,3,4,Neutral or Dissatisfied
84511,Male,58,Returning,Business,Business,2556,0,0.0,4,4,3,3,4,5,4,4,4,2,5,4,5,5,Satisfied
18830,Female,50,First-time,Business,Economy,500,61,64.0,0,4,1,4,3,3,5,1,5,5,5,4,5,3,Neutral or Dissatisfied
65890,Female,63,Returning,Business,Business,3168,2,0.0,2,2,2,3,2,1,3,2,4,4,1,1,1,1,Neutral or Dissatisfied
43766,Male,47,Returning,Business,Business,481,0,0.0,4,4,3,4,4,4,3,4,2,5,4,4,4,4,Neutral or Dissatisfied
12340,Male,61,Returning,Business,Economy,201,0,0.0,1,1,4,5,1,3,5,1,5,5,1,5,5,2,Satisfied
43387,Male,53,Returning,Personal,Economy,402,0,0.0,4,2,5,2,2,4,4,5,4,4,5,2,4,4,Neutral or Dissatisfied
44948,Male,41,Returning,Business,Business,397,38,42.0,2,1,1,2,2,3,2,3,2,1,3,3,3,3,Neutral or Dissatisfied
80522,Female,49,Returning,Business,Business,1749,49,57.0,5,5,3,5,5,4,4,4,3,3,4,5,4,4,Satisfied
98602,Male,33,Returning,Business,Business,3581,11,11.0,2,2,1,2,2,2,2,5,2,2,2,2,2,2,Neutral or Dissatisfied
40246,Female,43,Returning,Business,Business,387,0,0.0,4,4,5,1,4,4,2,4,2,2,4,4,4,4,Satisfied
46201,Female,37,Returning,Business,Business,624,0,1.0,2,2,4,4,2,4,4,4,5,2,4,2,4,4,Satisfied
38391,Female,38,Returning,Business,Business,1626,15,4.0,5,5,2,4,5,3,1,3,5,5,3,5,3,3,Satisfied
9595,Female,66,Returning,Personal,Economy,228,0,2.0,5,2,3,4,5,4,4,2,4,4,4,2,4,4,Neutral or Dissatisfied
17732,Female,37,Returning,Business,Economy,383,0,0.0,3,3,3,5,3,2,5,5,5,5,1,5,5,4,Satisfied
466,Female,48,Returning,Business,Business,102,0,0.0,3,3,5,4,3,4,4,5,3,5,4,3,4,4,Satisfied
78675,Female,23,First-time,Business,Economy,674,4,27.0,3,3,3,3,4,5,1,3,1,1,5,3,1,4,Neutral or Dissatisfied
80078,Male,39,Returning,Business,Economy Plus,1010,0,0.0,1,1,3,2,1,3,2,2,2,2,3,2,2,3,Neutral or Dissatisfied
127717,Male,56,Returning,Business,Business,2962,0,5.0,2,4,5,4,2,5,4,5,3,4,5,2,5,5,Satisfied
69296,Male,45,Returning,Personal,Economy Plus,733,43,43.0,4,3,1,3,1,4,2,3,2,2,2,3,2,3,Neutral or Dissatisfied
5408,Male,33,Returning,Personal,Economy,812,0,0.0,4,1,4,1,5,4,1,1,1,1,3,1,1,2,Neutral or Dissatisfied
80135,Male,54,Returning,Business,Business,2446,18,0.0,3,4,4,4,3,4,5,4,5,3,4,3,4,4,Satisfied
7029,Male,64,Returning,Personal,Economy,147,0,0.0,5,4,4,4,2,4,5,2,5,5,5,4,5,4,Satisfied
3653,Male,42,Returning,Business,Business,431,0,0.0,4,4,5,4,4,4,5,4,5,3,4,4,4,4,Satisfied
103484,Male,26,First-time,Business,Economy,440,36,18.0,2,2,1,2,3,3,3,3,3,3,4,2,3,3,Neutral or Dissatisfied
60364,Female,54,Returning,Business,Business,1452,19,14.0,3,5,4,4,3,3,4,3,5,4,3,3,3,3,Satisfied
75300,Male,7,Returning,Personal,Economy Plus,1846,0,0.0,1,4,4,4,3,4,4,1,2,2,3,4,2,3,Neutral or Dissatisfied
84738,Female,48,Returning,Business,Business,481,1,0.0,1,1,3,4,1,4,5,4,4,2,4,1,4,4,Satisfied
79523,Female,47,Returning,Business,Business,1865,0,0.0,3,3,3,5,3,5,5,5,4,2,5,3,5,5,Satisfied
48046,Male,22,Returning,Business,Business,677,120,122.0,4,4,4,4,4,4,4,3,4,4,4,4,4,4,Neutral or Dissatisfied
28967,Female,22,First-time,Business,Economy,679,0,0.0,2,2,4,2,3,5,4,1,4,4,2,2,4,5,Neutral or Dissatisfied
1841,Female,22,Returning,Personal,Economy,408,0,0.0,1,1,2,1,4,3,1,5,3,3,3,1,3,3,Neutral or Dissatisfied
81447,Male,32,Returning,Business,Business,3716,0,2.0,5,5,5,5,5,5,5,2,5,5,5,5,5,5,Satisfied
56126,Female,26,First-time,Business,Business,1400,38,31.0,4,4,3,4,1,4,3,3,3,3,4,4,3,4,Satisfied
118623,Male,60,Returning,Business,Economy,338,0,0.0,3,3,2,1,3,1,1,2,1,1,3,1,1,2,Neutral or Dissatisfied
124371,Female,22,First-time,Business,Economy,808,0,0.0,4,4,2,4,4,1,5,5,5,5,4,4,5,3,Neutral or Dissatisfied
14664,Male,17,Returning,Business,Economy Plus,162,0,0.0,5,5,5,5,5,4,3,5,5,5,2,5,5,5,Satisfied
47875,Female,35,Returning,Business,Business,2264,0,0.0,3,3,2,3,3,1,4,1,1,3,1,1,1,1,Neutral or Dissatisfied
37867,Female,42,Returning,Business,Economy,937,0,0.0,2,2,1,4,2,3,4,3,3,3,3,3,3,3,Neutral or Dissatisfied
58027,Male,54,Returning,Personal,Economy,1721,6,9.0,1,3,1,3,3,2,2,4,2,2,3,3,2,1,Neutral or Dissatisfied
40871,Male,22,Returning,Personal,Economy,590,0,0.0,1,2,2,2,3,4,3,5,3,3,4,2,3,3,Neutral or Dissatisfied
103745,Male,51,Returning,Business,Business,3248,20,0.0,2,2,5,5,2,4,4,4,4,4,4,2,4,4,Satisfied
63218,Female,36,Returning,Business,Business,3856,1,0.0,3,3,5,5,3,2,4,2,4,5,2,3,2,2,Satisfied
54562,Male,30,Returning,Business,Economy Plus,925,5,6.0,3,5,5,5,3,5,5,3,5,5,1,5,5,5,Satisfied
75263,Female,52,Returning,Personal,Economy,1744,0,0.0,1,5,3,3,3,3,4,5,1,2,3,5,3,4,Satisfied
57481,Female,30,Returning,Business,Business,1589,16,11.0,2,2,5,5,2,3,5,3,5,5,5,2,5,5,Satisfied
38262,Male,34,Returning,Business,Business,2657,0,0.0,2,2,5,5,2,5,4,5,3,4,5,2,5,5,Satisfied
110732,Female,40,Returning,Business,Business,3309,18,0.0,4,4,4,4,4,4,4,5,3,3,4,4,4,4,Satisfied
129315,Male,36,Returning,Business,Business,2475,3,16.0,2,3,3,5,2,3,4,4,3,3,3,2,3,3,Satisfied
58431,Female,41,Returning,Business,Economy,323,0,0.0,2,2,4,5,2,5,5,4,5,5,5,5,5,4,Satisfied
71766,Female,25,First-time,Business,Business,1744,1,0.0,0,1,3,1,1,3,5,5,2,2,4,1,2,5,Neutral or Dissatisfied
55399,Female,32,Returning,Personal,Economy Plus,594,0,0.0,3,2,1,2,2,2,1,5,1,1,2,2,1,2,Neutral or Dissatisfied
78651,Female,22,First-time,Business,Economy,2172,1,0.0,4,4,4,4,1,2,4,3,4,4,5,4,4,4,Satisfied
100799,Female,24,First-time,Business,Economy,348,11,27.0,1,3,1,3,3,3,3,5,3,3,3,3,3,3,Neutral or Dissatisfied
43967,Female,61,Returning,Business,Business,2553,0,29.0,3,3,4,1,3,2,2,2,1,1,2,2,2,2,Neutral or Dissatisfied
6663,Male,20,First-time,Business,Economy,438,15,20.0,0,2,3,2,2,5,1,5,1,1,5,2,1,4,Neutral or Dissatisfied
124381,Female,55,Returning,Personal,Economy,808,0,0.0,4,2,3,3,3,4,3,2,3,1,4,2,4,4,Neutral or Dissatisfied
7767,Female,41,Returning,Business,Business,1611,0,4.0,4,4,3,5,4,4,5,4,5,2,4,4,4,4,Satisfied
22146,Female,14,First-time,Business,Business,633,0,0.0,4,4,4,4,2,5,2,3,2,2,4,4,2,5,Satisfied
104950,Male,38,First-time,Business,Business,337,0,0.0,5,5,4,5,4,3,1,3,1,1,5,5,1,5,Satisfied
77842,Female,28,Returning,Business,Business,1698,2,0.0,3,3,4,2,3,4,1,3,1,1,4,3,1,4,Satisfied
88681,Female,29,Returning,Personal,Economy,404,18,0.0,4,5,3,5,4,4,3,4,3,3,4,5,3,4,Satisfied
97841,Female,22,Returning,Personal,Economy,395,27,33.0,5,3,5,3,4,4,4,5,4,4,5,3,4,5,Neutral or Dissatisfied
59667,Male,64,Returning,Personal,Economy,964,0,0.0,4,4,5,4,3,3,5,3,5,5,4,4,5,5,Satisfied
52189,Male,40,First-time,Business,Economy,261,0,0.0,0,2,4,2,4,4,5,3,5,5,5,2,5,5,Neutral or Dissatisfied
54861,Male,47,First-time,Business,Economy,862,0,0.0,3,3,4,3,3,4,3,4,3,3,2,3,3,2,Neutral or Dissatisfied
95409,Female,62,Returning,Personal,Economy,187,0,0.0,5,3,5,5,2,3,4,3,3,4,3,3,3,2,Neutral or Dissatisfied
99465,Male,23,First-time,Business,Business,307,0,3.0,0,4,5,4,4,5,3,3,3,3,4,4,3,4,Satisfied
46362,Male,47,Returning,Business,Business,2138,33,9.0,3,3,3,1,3,5,5,5,2,3,5,3,5,5,Satisfied
107156,Male,49,Returning,Business,Business,1877,0,0.0,5,5,3,4,5,3,4,3,3,4,3,5,3,3,Satisfied
103473,Female,13,Returning,Personal,Business,382,1,14.0,4,1,5,1,2,3,2,4,2,2,5,1,2,5,Neutral or Dissatisfied
95626,Female,69,Returning,Personal,Economy,670,72,64.0,4,4,3,5,5,3,5,4,3,5,3,4,3,3,Neutral or Dissatisfied
36092,Male,65,Returning,Personal,Economy,474,0,0.0,4,2,5,2,3,4,4,2,4,4,1,2,4,5,Neutral or Dissatisfied
12305,Female,31,Returning,Business,Business,3033,19,16.0,3,0,3,3,5,4,3,3,3,3,2,0,3,3,Satisfied
75905,Female,63,Returning,Business,Business,203,0,0.0,4,4,3,4,4,5,1,5,3,1,5,4,5,4,Satisfied
67121,Male,63,Returning,Business,Economy,985,0,18.0,5,5,1,3,5,2,2,3,2,2,2,3,2,2,Neutral or Dissatisfied
115921,Male,36,Returning,Business,Business,342,0,0.0,0,0,1,4,5,3,1,3,4,4,3,0,3,3,Satisfied
38839,Female,23,First-time,Business,Economy,354,3,0.0,0,2,5,2,4,3,4,2,4,4,2,2,4,2,Neutral or Dissatisfied
60717,Female,22,Returning,Business,Economy,1605,138,144.0,1,1,2,1,1,4,2,4,2,2,2,2,3,4,Neutral or Dissatisfied
113891,Female,30,Returning,Business,Business,2329,6,29.0,4,4,3,3,4,5,3,3,3,3,5,4,3,4,Satisfied
101109,Male,57,Returning,Business,Business,1090,19,0.0,5,5,5,5,5,4,5,4,4,2,4,5,4,4,Satisfied
11030,Male,30,Returning,Business,Business,2360,0,0.0,3,3,4,5,3,3,3,3,3,3,5,3,3,2,Satisfied
128143,Female,55,Returning,Business,Business,1849,16,23.0,2,2,3,4,2,4,5,4,4,2,4,2,4,4,Satisfied
59,Female,41,Returning,Business,Business,3997,1,0.0,1,1,5,4,1,4,5,4,4,4,4,1,4,5,Satisfied
91131,Female,33,Returning,Personal,Economy,444,2,15.0,2,4,1,4,3,1,4,3,4,4,3,4,4,3,Neutral or Dissatisfied
120271,Female,18,Returning,Business,Business,1576,17,46.0,3,3,4,5,3,5,5,3,5,5,5,3,5,5,Satisfied
98970,Male,63,Returning,Business,Economy,143,0,0.0,2,2,5,4,2,1,4,3,4,4,5,4,4,5,Satisfied
39180,Female,13,Returning,Personal,Economy,287,0,6.0,3,3,5,3,2,1,2,2,2,2,1,3,2,2,Neutral or Dissatisfied
30597,Female,27,First-time,Business,Economy,472,0,0.0,0,4,1,4,4,5,3,1,3,3,2,4,3,4,Satisfied
98173,Female,42,Returning,Business,Business,327,0,0.0,2,2,4,4,2,5,5,5,4,5,5,2,5,5,Satisfied
78790,Female,24,First-time,Business,Economy,432,7,0.0,0,5,1,5,1,1,2,3,2,2,1,5,2,5,Satisfied
78915,Male,42,Returning,Business,Business,1667,51,28.0,1,1,5,5,1,4,4,4,3,3,4,1,4,4,Satisfied
109459,Male,40,Returning,Business,Business,3159,6,0.0,2,2,4,4,2,5,4,5,5,5,5,2,5,5,Satisfied
14034,Male,62,Returning,Personal,Economy,1117,0,0.0,5,0,5,0,5,4,5,5,5,5,5,0,5,5,Satisfied
109579,Male,52,Returning,Personal,Economy,834,0,0.0,5,5,3,5,4,4,3,5,3,3,4,5,3,5,Satisfied
1915,Female,43,Returning,Business,Business,351,2,0.0,2,2,5,5,2,4,4,4,3,3,4,2,4,4,Satisfied
107716,Male,19,Returning,Business,Business,405,24,18.0,4,1,4,3,4,4,3,1,3,3,4,3,3,3,Neutral or Dissatisfied
95575,Female,48,Returning,Business,Economy Plus,192,84,72.0,3,3,3,4,3,3,3,2,2,5,3,2,3,3,Neutral or Dissatisfied
33790,Female,33,Returning,Personal,Economy,588,0,1.0,5,2,5,2,1,3,4,5,4,4,2,2,4,5,Neutral or Dissatisfied
24038,Female,56,Returning,Personal,Economy,427,14,22.0,1,1,3,2,3,1,3,1,4,1,1,1,1,1,Neutral or Dissatisfied
37142,Male,27,Returning,Business,Business,2230,47,48.0,3,3,3,4,3,1,4,3,4,4,3,4,4,3,Neutral or Dissatisfied
50940,Male,35,Returning,Personal,Economy,250,0,0.0,4,3,5,3,4,3,1,4,1,1,5,3,1,4,Neutral or Dissatisfied
41704,Female,68,Returning,Personal,Economy Plus,936,0,0.0,4,3,4,4,1,5,5,3,4,4,5,3,5,5,Neutral or Dissatisfied
12741,Female,46,Returning,Personal,Economy,721,0,7.0,5,2,4,4,2,4,4,2,3,2,4,2,4,4,Neutral or Dissatisfied
5185,Male,21,First-time,Business,Economy,383,0,0.0,5,0,4,0,5,3,3,2,3,3,4,0,3,5,Satisfied
63357,Female,21,Returning,Personal,Economy,372,40,23.0,4,3,2,3,4,3,1,2,1,1,5,3,1,5,Neutral or Dissatisfied
99872,Male,53,Returning,Business,Business,1436,0,0.0,1,1,3,5,1,4,4,4,5,4,4,1,4,4,Satisfied
108574,Female,26,First-time,Business,Business,696,1,0.0,4,4,5,4,1,5,5,4,5,5,5,4,5,5,Neutral or Dissatisfied
38852,Female,41,Returning,Business,Business,2153,0,0.0,3,3,2,3,3,2,4,2,2,1,2,2,2,2,Neutral or Dissatisfied
94460,Male,36,Returning,Business,Business,1689,0,4.0,1,1,2,2,1,4,3,4,3,2,4,3,4,3,Neutral or Dissatisfied
97147,Female,21,First-time,Business,Economy,1476,6,4.0,4,4,2,4,2,5,3,2,4,4,2,4,4,4,Neutral or Dissatisfied
123617,Male,52,Returning,Business,Business,3432,0,5.0,4,0,4,4,4,4,5,4,3,3,4,0,4,4,Satisfied
62043,Male,30,Returning,Business,Business,2586,26,3.0,4,4,4,4,4,3,4,3,4,4,4,4,4,5,Satisfied
54136,Female,29,Returning,Business,Business,1400,13,0.0,3,3,2,4,3,5,3,5,3,3,4,3,3,4,Satisfied
121751,Male,23,First-time,Business,Economy,449,0,0.0,0,3,5,3,1,3,1,3,1,1,5,3,1,5,Neutral or Dissatisfied
61397,Male,25,First-time,Business,Business,279,42,12.0,3,3,1,3,3,1,3,2,3,3,3,3,3,4,Neutral or Dissatisfied
42600,Female,45,Returning,Business,Economy,866,32,36.0,5,5,1,5,5,4,3,4,1,1,4,4,4,4,Satisfied
3861,Female,47,Returning,Business,Business,213,74,63.0,1,1,1,2,1,3,2,3,2,5,3,2,3,2,Neutral or Dissatisfied
41619,Female,35,Returning,Business,Economy Plus,1269,23,41.0,5,5,3,5,5,5,5,4,5,5,1,5,5,1,Satisfied
8447,Female,43,Returning,Business,Business,979,0,0.0,1,1,3,3,1,2,4,3,2,1,2,2,2,2,Neutral or Dissatisfied
42809,Female,50,First-time,Business,Economy,677,4,1.0,4,4,3,4,3,3,3,3,3,3,5,4,3,1,Satisfied
73353,Male,41,Returning,Business,Economy,1012,1,1.0,5,5,2,3,5,3,3,5,3,3,4,3,3,3,Neutral or Dissatisfied
80880,Male,47,Returning,Business,Business,692,13,1.0,3,3,5,4,3,5,4,5,3,4,5,3,5,5,Satisfied
57003,Male,27,Returning,Personal,Economy,2454,7,0.0,5,4,3,3,3,5,3,5,3,4,5,4,3,5,Satisfied
123709,Female,59,Returning,Personal,Economy,214,0,0.0,1,0,2,4,4,1,4,0,1,3,1,4,1,1,Neutral or Dissatisfied
72896,Female,60,Returning,Business,Business,2193,7,0.0,3,3,3,4,3,4,5,4,4,5,4,3,4,4,Satisfied
24582,Male,30,Returning,Business,Business,526,0,0.0,1,1,5,4,1,5,4,4,4,4,4,1,4,5,Satisfied
37424,Male,49,First-time,Business,Economy,1035,52,44.0,2,2,2,2,2,4,1,3,1,1,2,2,1,3,Neutral or Dissatisfied
113941,Male,47,Returning,Business,Business,1855,0,0.0,1,5,5,3,1,4,5,5,3,3,4,1,4,4,Satisfied
10160,Male,31,Returning,Personal,Economy,1195,0,7.0,4,2,4,2,1,4,1,2,5,5,4,2,5,3,Neutral or Dissatisfied
61317,Male,42,Returning,Business,Business,862,0,0.0,4,4,5,5,4,4,4,4,3,4,4,4,4,4,Satisfied
43390,Female,36,Returning,Personal,Economy,387,0,0.0,4,2,3,2,2,5,3,2,3,3,5,2,3,4,Neutral or Dissatisfied
75565,Female,54,Returning,Business,Business,337,119,133.0,4,4,4,4,4,5,4,4,4,4,4,4,5,4,Satisfied
15520,Female,52,Returning,Business,Economy Plus,433,0,10.0,5,5,3,4,5,4,5,4,2,5,4,4,4,4,Satisfied
38813,Female,23,Returning,Personal,Economy,353,8,8.0,4,1,3,1,2,3,2,3,1,1,5,1,1,5,Neutral or Dissatisfied
26617,Female,23,First-time,Business,Economy,270,11,42.0,4,1,4,1,3,4,4,2,4,4,2,1,4,5,Neutral or Dissatisfied
7214,Female,23,First-time,Business,Economy,139,0,0.0,1,3,2,3,4,3,5,4,5,5,4,3,5,4,Neutral or Dissatisfied
65075,Female,50,Returning,Personal,Economy,190,3,0.0,5,2,4,5,2,2,5,2,4,3,2,2,2,2,Neutral or Dissatisfied
122826,Female,59,Returning,Business,Business,3316,0,0.0,5,5,5,5,5,5,4,5,5,4,5,5,5,5,Satisfied
96829,Male,21,Returning,Business,Economy,571,23,15.0,5,5,2,1,5,4,2,4,1,1,4,1,1,4,Neutral or Dissatisfied
105420,Female,23,First-time,Business,Economy,452,54,44.0,0,5,3,5,1,4,1,5,1,1,5,5,1,5,Satisfied
24872,Female,42,Returning,Business,Business,356,2,10.0,3,3,3,4,3,3,3,4,3,3,3,3,3,3,Neutral or Dissatisfied
94277,Female,21,First-time,Business,Business,189,0,0.0,0,4,4,4,2,5,5,2,5,5,4,5,5,4,Satisfied
6698,Male,39,Returning,Business,Business,2308,0,0.0,4,3,3,4,4,1,4,2,5,3,1,4,1,1,Satisfied
128193,Female,52,Returning,Personal,Economy Plus,1849,0,0.0,4,5,2,5,1,3,1,5,4,4,3,5,3,3,Satisfied
104192,Female,54,Returning,Business,Economy Plus,349,0,19.0,5,5,2,1,5,1,1,1,1,2,1,1,1,1,Neutral or Dissatisfied
84568,Female,66,Returning,Personal,Economy,2556,0,4.0,1,1,2,4,4,1,3,1,2,1,1,1,1,1,Neutral or Dissatisfied
4418,Male,44,Returning,Business,Business,762,0,0.0,4,4,4,5,4,5,4,5,3,5,5,4,5,5,Satisfied
31319,Male,43,Returning,Personal,Economy,680,55,69.0,5,2,4,2,3,5,4,4,4,4,5,2,4,4,Neutral or Dissatisfied
73231,Female,50,Returning,Personal,Economy,946,50,52.0,1,3,4,2,2,1,2,3,2,3,1,3,1,1,Neutral or Dissatisfied
24126,Male,26,Returning,Personal,Economy,584,0,0.0,5,3,3,3,2,3,1,5,1,1,5,3,1,5,Neutral or Dissatisfied
64754,Female,29,First-time,Business,Business,190,5,0.0,4,4,3,4,3,4,1,5,1,1,4,5,1,4,Satisfied
114975,Male,29,Returning,Business,Business,3604,0,0.0,1,2,5,2,1,5,2,5,2,2,4,1,2,5,Satisfied
87265,Male,25,Returning,Business,Business,3904,0,0.0,4,1,4,5,4,3,5,3,5,5,5,4,5,4,Satisfied
28646,Female,66,Returning,Personal,Economy,2466,0,0.0,4,0,4,5,5,5,5,0,5,2,5,0,5,5,Satisfied
116786,Female,37,Returning,Personal,Economy Plus,337,10,3.0,5,3,5,3,4,3,1,2,2,2,5,3,2,4,Neutral or Dissatisfied
65794,Female,27,First-time,Business,Business,1389,0,0.0,3,3,3,3,3,5,4,3,4,4,4,3,4,5,Neutral or Dissatisfied
85236,Male,46,Returning,Business,Business,474,0,0.0,2,2,4,4,2,3,4,3,2,4,3,3,3,3,Neutral or Dissatisfied
6276,Male,23,Returning,Business,Business,585,37,47.0,2,1,3,1,2,1,1,3,1,1,4,1,1,3,Neutral or Dissatisfied
75462,Male,60,Returning,Personal,Economy,2342,6,4.0,2,3,1,3,3,1,5,3,5,5,4,3,5,3,Neutral or Dissatisfied
74351,Male,29,Returning,Business,Business,3883,0,0.0,5,5,5,5,5,3,4,3,4,4,4,5,4,4,Satisfied
63604,Female,23,First-time,Business,Business,1440,0,0.0,0,5,3,0,4,4,3,5,4,4,5,5,4,4,Satisfied
118930,Male,22,Returning,Business,Business,1618,21,22.0,5,5,3,4,5,4,4,5,4,4,5,5,4,3,Satisfied
9354,Male,49,Returning,Business,Business,3171,73,91.0,2,2,4,4,2,4,5,4,5,5,4,2,4,4,Satisfied
1497,Male,55,Returning,Business,Business,1834,0,0.0,3,3,1,2,3,5,4,5,5,2,5,3,5,5,Satisfied
52658,Male,64,Returning,Personal,Economy,119,0,0.0,1,5,4,5,3,4,3,1,1,1,4,5,1,4,Satisfied
3277,Male,23,First-time,Business,Economy,479,0,0.0,4,3,4,3,3,5,2,1,2,2,4,3,2,1,Neutral or Dissatisfied
9045,Female,66,Returning,Business,Economy,212,70,62.0,1,1,1,3,1,4,3,4,4,4,4,4,4,4,Neutral or Dissatisfied
58107,Male,64,Returning,Personal,Economy,589,9,10.0,4,4,3,4,4,4,4,4,4,4,4,3,4,4,Neutral or Dissatisfied
110040,Male,49,Returning,Business,Business,1984,29,6.0,2,2,4,4,2,2,4,2,4,4,2,2,2,2,Satisfied
57225,Female,29,Returning,Personal,Economy,1514,0,0.0,4,2,1,2,5,3,3,5,3,3,4,2,3,5,Neutral or Dissatisfied
108270,Female,57,Returning,Personal,Economy,895,20,13.0,4,1,3,3,4,2,4,1,4,2,2,1,2,3,Neutral or Dissatisfied
61973,Male,39,Returning,Business,Business,2475,17,36.0,3,3,4,5,3,4,5,4,3,3,4,3,4,4,Satisfied
59891,Female,21,Returning,Business,Business,3510,0,0.0,1,1,1,2,1,3,3,3,3,3,3,3,3,3,Neutral or Dissatisfied
103511,Female,24,Returning,Business,Business,1047,22,20.0,5,2,3,1,5,3,1,1,1,1,4,1,1,3,Neutral or Dissatisfied
1326,Male,36,First-time,Business,Business,102,35,28.0,2,2,3,2,5,3,5,4,5,5,5,2,5,5,Neutral or Dissatisfied
13289,Female,30,Returning,Business,Economy Plus,657,85,74.0,1,1,1,5,1,4,5,2,5,5,5,3,5,5,Satisfied
58905,Male,29,First-time,Business,Economy,888,1,0.0,3,3,2,3,3,3,4,2,4,4,4,3,4,4,Neutral or Dissatisfied
116982,Female,57,Returning,Business,Business,2347,11,3.0,2,2,3,5,2,5,4,5,5,5,5,2,5,5,Satisfied
22275,Male,47,Returning,Business,Economy,143,17,11.0,1,1,3,5,1,5,5,4,5,5,2,5,5,3,Satisfied
19571,Male,37,Returning,Business,Economy,212,2,0.0,5,1,4,2,5,2,2,2,2,2,3,2,2,4,Neutral or Dissatisfied
49719,Male,39,Returning,Business,Business,3031,18,62.0,0,0,4,2,3,4,3,0,4,3,4,1,4,1,Neutral or Dissatisfied
60804,Female,25,Returning,Personal,Economy Plus,472,0,0.0,1,2,4,2,3,4,2,1,2,2,2,2,2,3,Neutral or Dissatisfied
106126,Male,43,Returning,Business,Economy,302,52,48.0,5,5,4,3,5,1,3,4,3,3,4,3,3,4,Neutral or Dissatisfied
22219,Female,72,First-time,Business,Economy Plus,533,0,0.0,4,4,1,4,4,3,3,1,3,3,5,4,3,5,Neutral or Dissatisfied
84436,Female,12,First-time,Business,Economy,591,0,0.0,2,3,2,3,3,2,1,4,1,1,4,3,1,3,Neutral or Dissatisfied
50443,Male,23,First-time,Business,Economy,89,13,4.0,0,4,1,4,1,1,4,3,4,4,5,4,4,4,Satisfied
102782,Male,46,Returning,Business,Business,2909,7,1.0,1,1,3,4,1,4,4,4,4,3,4,1,4,4,Satisfied
13130,Female,37,Returning,Business,Business,1827,0,2.0,2,2,3,3,2,2,3,2,2,3,2,2,2,2,Neutral or Dissatisfied
7960,Male,34,Returning,Business,Business,2982,0,4.0,3,3,3,5,3,4,5,4,5,2,4,3,4,4,Satisfied
20179,Male,50,Returning,Personal,Economy,403,11,26.0,2,3,2,3,4,3,4,2,4,4,3,3,4,4,Neutral or Dissatisfied
23763,Male,39,Returning,Personal,Economy Plus,1048,29,27.0,4,3,3,3,2,5,3,3,3,3,5,3,3,5,Neutral or Dissatisfied
44012,Female,64,Returning,Personal,Economy,397,0,0.0,5,2,4,5,3,5,4,2,4,4,5,2,5,4,Neutral or Dissatisfied
104725,Male,46,Returning,Business,Business,1407,17,13.0,4,4,3,5,4,5,4,5,5,5,5,4,5,5,Satisfied
14699,Male,36,Returning,Business,Economy,479,0,0.0,1,1,2,4,1,2,4,4,4,4,3,4,4,3,Satisfied
5253,Male,26,First-time,Business,Economy,383,0,0.0,2,2,1,2,3,3,2,4,2,2,4,2,2,3,Neutral or Dissatisfied
93507,Male,31,Returning,Personal,Economy,1020,41,27.0,4,2,2,2,4,2,2,4,2,2,4,2,2,3,Neutral or Dissatisfied
8131,Male,33,Returning,Business,Business,1840,0,0.0,5,5,5,4,5,3,5,5,4,4,4,5,4,4,Satisfied
37540,Male,19,First-time,Business,Economy,1076,30,34.0,1,1,4,1,4,1,3,4,3,3,4,2,3,3,Neutral or Dissatisfied
33876,Male,37,Returning,Business,Economy,1105,4,1.0,5,3,1,5,5,5,5,2,5,5,2,5,5,5,Satisfied
44244,Female,23,First-time,Business,Economy,222,0,0.0,1,1,2,1,4,3,2,2,4,4,3,1,4,3,Neutral or Dissatisfied
25500,Female,18,Returning,Business,Business,2121,0,15.0,1,1,2,3,1,4,3,2,3,3,3,3,3,3,Neutral or Dissatisfied
27248,Male,38,Returning,Business,Economy Plus,1024,0,0.0,4,4,1,4,4,5,4,4,4,4,3,4,4,2,Satisfied
55893,Female,39,Returning,Business,Business,733,0,0.0,2,5,4,5,2,4,5,4,4,3,4,2,4,4,Satisfied
44222,Male,33,Returning,Business,Business,3871,26,25.0,5,0,5,2,1,3,2,1,2,2,2,0,2,3,Satisfied
120298,Male,39,Returning,Business,Business,268,7,23.0,3,4,3,4,4,4,4,4,3,5,4,4,4,4,Satisfied
55716,Male,70,Returning,Personal,Economy,895,0,0.0,4,2,5,2,2,5,5,3,5,5,4,2,5,4,Neutral or Dissatisfied
85150,Female,43,First-time,Business,Economy,696,0,0.0,2,2,1,2,3,4,5,4,5,5,3,2,5,3,Neutral or Dissatisfied
46381,Female,23,Returning,Business,Business,1013,14,42.0,3,3,3,1,3,2,1,2,1,1,3,1,1,4,Neutral or Dissatisfied
57441,Female,48,Returning,Business,Business,235,0,0.0,5,5,3,4,5,2,3,2,4,2,2,2,2,2,Neutral or Dissatisfied
123262,Female,63,Returning,Personal,Economy,590,47,29.0,4,1,3,5,4,4,4,1,5,5,4,1,4,4,Neutral or Dissatisfied
35845,Female,42,First-time,Business,Economy,1065,0,4.0,1,1,3,1,2,1,2,4,2,2,4,1,2,4,Neutral or Dissatisfied
79587,Female,12,Returning,Business,Business,3556,25,14.0,5,5,3,2,5,4,2,5,2,2,4,2,2,4,Neutral or Dissatisfied
26021,Male,16,Returning,Personal,Economy,425,7,0.0,3,5,5,5,4,5,3,3,3,3,4,4,3,4,Satisfied
120955,Male,31,Returning,Business,Economy,992,0,0.0,5,5,2,1,5,4,1,2,1,1,2,1,1,2,Neutral or Dissatisfied
25656,Female,30,First-time,Business,Economy,761,0,0.0,1,1,4,1,3,1,1,3,1,1,4,1,1,2,Neutral or Dissatisfied
118919,Male,27,Returning,Personal,Economy,587,43,38.0,5,3,4,3,4,3,1,2,1,1,4,3,1,5,Neutral or Dissatisfied
4591,Female,65,Returning,Business,Economy,416,66,63.0,1,3,1,2,1,5,4,5,3,4,5,5,5,5,Satisfied
101373,Female,39,Returning,Personal,Economy,2237,6,8.0,4,1,3,1,1,4,2,4,2,2,4,1,2,4,Neutral or Dissatisfied
91557,Female,28,Returning,Personal,Economy,680,3,1.0,5,4,5,4,1,3,2,2,4,4,4,4,4,4,Neutral or Dissatisfied
38897,Female,22,First-time,Business,Economy,320,0,14.0,5,4,4,4,1,4,5,2,5,5,3,4,5,4,Satisfied
34048,Male,27,Returning,Business,Business,1674,30,1.0,5,5,4,5,5,2,5,1,5,5,1,5,5,4,Satisfied
62021,Female,22,First-time,Business,Business,2586,0,0.0,2,4,5,4,5,4,3,4,3,3,5,4,3,3,Satisfied
115237,Female,32,First-time,Business,Business,417,0,0.0,4,4,5,4,4,4,1,4,1,1,4,4,1,4,Neutral or Dissatisfied
55307,Male,70,Returning,Personal,Economy,2072,0,0.0,5,2,4,2,3,3,4,3,3,3,4,2,3,5,Neutral or Dissatisfied
56133,Female,52,Returning,Business,Business,1400,28,27.0,1,3,5,5,1,5,4,5,4,3,5,1,5,5,Satisfied
31223,Female,60,Returning,Personal,Economy,628,7,6.0,5,2,5,5,4,3,4,2,4,3,3,2,3,3,Neutral or Dissatisfied
80933,Male,35,Returning,Personal,Economy,341,58,65.0,4,3,3,3,4,4,3,3,3,3,5,3,3,4,Neutral or Dissatisfied
52827,Male,43,Returning,Business,Business,1721,24,35.0,3,3,4,4,3,3,4,3,4,4,3,3,3,3,Satisfied
76459,Female,52,Returning,Business,Business,481,11,2.0,5,5,3,4,5,1,3,2,2,5,1,1,1,1,Neutral or Dissatisfied
83796,Male,60,Returning,Business,Business,425,49,39.0,3,3,3,5,3,5,5,5,4,2,5,3,5,5,Satisfied
43428,Male,40,Returning,Business,Economy,748,0,0.0,2,2,4,4,2,3,4,2,4,4,2,4,4,4,Satisfied
50439,Male,51,Returning,Business,Economy,373,0,18.0,1,1,3,4,1,4,4,3,4,4,1,4,4,4,Satisfied
26699,Female,24,Returning,Personal,Economy,406,8,9.0,5,2,4,2,3,3,1,2,4,4,5,2,4,4,Neutral or Dissatisfied
90445,Female,60,Returning,Business,Business,3455,0,6.0,2,2,3,4,2,5,5,5,5,3,5,2,5,5,Satisfied
97185,Male,35,Returning,Personal,Economy,1497,8,4.0,5,3,4,3,4,4,5,4,5,5,5,3,5,3,Neutral or Dissatisfied
18017,Female,61,Returning,Personal,Economy,332,0,0.0,5,1,4,4,4,2,5,1,5,5,2,1,2,2,Neutral or Dissatisfied
72100,Male,37,Returning,Personal,Economy,2486,11,0.0,1,3,3,3,2,2,4,3,4,4,2,3,4,2,Neutral or Dissatisfied
106067,Male,60,Returning,Business,Business,444,89,105.0,2,2,3,3,2,4,2,4,1,1,4,4,4,4,Neutral or Dissatisfied
66553,Female,60,Returning,Business,Economy,328,0,0.0,3,4,3,1,4,5,3,5,5,1,5,5,5,5,Satisfied
78503,Male,27,First-time,Business,Economy,666,13,100.0,5,3,3,3,2,1,2,3,2,2,5,3,2,3,Neutral or Dissatisfied
108162,Female,19,Returning,Personal,Economy,1166,13,7.0,5,3,3,3,5,5,3,4,3,3,4,3,3,5,Neutral or Dissatisfied
26482,Female,35,Returning,Business,Economy Plus,925,0,0.0,5,5,2,4,5,3,4,1,4,4,3,4,4,1,Satisfied
21313,Male,19,Returning,Personal,Economy,692,0,0.0,4,4,4,4,1,3,3,2,3,3,5,4,3,4,Neutral or Dissatisfied
44107,Male,39,Returning,Personal,Economy,473,0,4.0,3,3,3,3,3,1,5,1,2,2,3,3,2,3,Neutral or Dissatisfied
112919,Male,23,First-time,Business,Economy,764,1,0.0,0,0,1,0,1,1,5,5,5,5,4,0,5,2,Satisfied
33893,Female,54,Returning,Business,Economy,1226,3,0.0,5,2,4,3,5,4,2,4,2,4,4,4,4,4,Neutral or Dissatisfied
91952,Female,41,Returning,Personal,Economy,2475,0,0.0,3,4,1,4,3,2,1,1,1,1,3,4,1,4,Satisfied
24443,Male,51,Returning,Business,Business,2647,0,0.0,1,1,2,4,1,1,4,2,4,1,1,1,1,1,Neutral or Dissatisfied
28167,Female,51,Returning,Business,Business,3591,0,0.0,4,4,1,1,4,4,4,4,4,3,4,4,4,4,Satisfied
102820,Male,48,Returning,Personal,Economy,342,0,2.0,4,4,5,4,3,4,3,3,3,3,5,4,3,4,Neutral or Dissatisfied
113644,Female,8,Returning,Personal,Economy,197,0,1.0,4,2,4,2,3,4,4,3,4,4,4,2,4,5,Neutral or Dissatisfied
106106,Female,46,Returning,Business,Business,2343,0,5.0,1,1,4,4,1,3,4,4,5,3,3,1,3,3,Satisfied
117421,Male,39,Returning,Business,Business,1460,19,13.0,2,2,4,4,2,2,4,2,2,2,2,2,2,2,Neutral or Dissatisfied
58022,Male,44,Returning,Personal,Economy,1721,13,0.0,5,2,3,2,2,5,5,3,5,5,4,3,5,4,Neutral or Dissatisfied
66479,Female,40,Returning,Business,Business,447,50,50.0,1,1,4,4,1,5,5,5,5,3,5,1,5,5,Satisfied
115982,Male,67,Returning,Personal,Economy,333,74,66.0,5,2,3,2,2,5,5,3,5,5,4,4,5,5,Neutral or Dissatisfied
59865,Male,36,Returning,Business,Economy,1065,0,0.0,3,3,1,3,3,4,3,2,3,3,4,3,3,3,Neutral or Dissatisfied
100725,Female,45,Returning,Business,Business,1816,1,0.0,0,0,4,4,1,4,4,4,3,5,4,0,4,4,Satisfied
77175,Female,51,Returning,Personal,Economy,1355,0,0.0,4,0,2,4,4,5,3,0,4,5,5,1,5,5,Neutral or Dissatisfied
13366,Female,30,Returning,Personal,Economy,946,8,0.0,4,2,1,2,4,2,2,2,2,2,3,2,2,4,Neutral or Dissatisfied
16982,Male,55,Returning,Business,Economy,610,0,0.0,2,2,4,2,2,1,2,4,2,2,4,2,2,3,Neutral or Dissatisfied
91287,Male,35,Returning,Business,Business,2976,0,0.0,3,3,5,4,3,3,4,4,5,4,3,3,3,3,Satisfied
87527,Female,26,Returning,Personal,Economy,373,61,69.0,4,2,2,2,3,5,4,3,4,4,5,2,4,5,Neutral or Dissatisfied
33531,Male,39,Returning,Personal,Economy,228,0,0.0,5,0,5,0,5,3,2,2,2,2,4,3,2,5,Neutral or Dissatisfied
61822,Female,35,Returning,Personal,Economy,1379,0,0.0,5,3,2,3,2,2,3,1,3,3,1,3,3,4,Neutral or Dissatisfied
81586,Female,43,Returning,Business,Business,334,0,0.0,2,2,4,4,2,5,4,5,5,4,5,2,5,5,Satisfied
33434,Female,23,First-time,Business,Economy,2399,0,3.0,4,4,1,4,2,2,2,1,2,2,4,4,2,4,Neutral or Dissatisfied
118616,Female,24,Returning,Business,Economy,646,21,18.0,2,3,3,1,3,1,3,5,1,1,3,1,1,3,Neutral or Dissatisfied
98487,Female,45,Returning,Business,Business,668,14,10.0,2,2,4,4,2,5,5,5,5,3,5,2,5,5,Satisfied
40900,Male,26,Returning,Personal,Economy,588,0,0.0,4,3,5,3,4,3,4,5,4,4,5,3,4,4,Neutral or Dissatisfied
99010,Female,54,Returning,Business,Economy Plus,479,1,0.0,5,5,4,3,5,2,3,2,3,3,2,2,2,2,Satisfied
69975,Female,47,Returning,Business,Business,236,0,0.0,1,1,4,5,1,5,4,5,3,5,5,1,5,5,Satisfied
67659,Female,34,Returning,Business,Business,1242,57,46.0,5,5,5,5,5,4,4,4,3,5,4,5,4,4,Satisfied
29657,Female,33,Returning,Personal,Economy,909,0,0.0,3,1,2,1,3,2,1,1,1,1,2,1,1,5,Neutral or Dissatisfied
29855,Male,56,Returning,Business,Economy,261,0,0.0,1,1,1,2,1,1,2,5,2,2,2,2,2,5,Satisfied
80222,Female,28,Returning,Business,Business,2153,0,0.0,2,5,4,4,5,1,4,3,4,4,2,4,4,1,Neutral or Dissatisfied
53165,Male,26,First-time,Business,Economy,612,0,0.0,4,1,3,1,1,3,2,5,4,4,1,1,4,4,Neutral or Dissatisfied
51179,Female,38,Returning,Business,Economy Plus,86,2,0.0,2,3,2,5,2,3,5,5,5,5,2,5,5,3,Satisfied
18562,Female,25,First-time,Business,Economy,192,0,0.0,3,1,1,1,3,4,5,3,5,5,2,1,5,2,Neutral or Dissatisfied
3737,Female,51,Returning,Personal,Economy,427,0,0.0,4,4,4,4,2,1,5,4,3,5,1,4,1,1,Neutral or Dissatisfied
43055,Male,36,Returning,Business,Business,192,0,0.0,5,5,2,1,5,5,3,5,5,4,5,5,5,3,Satisfied
125020,Male,22,Returning,Personal,Economy,184,0,0.0,4,2,5,2,1,3,4,4,4,4,4,2,4,5,Neutral or Dissatisfied
38074,Female,45,First-time,Business,Economy,1197,0,0.0,3,3,4,3,3,2,2,2,2,2,3,3,2,1,Neutral or Dissatisfied
7157,Female,21,First-time,Business,Business,139,5,22.0,0,5,5,5,1,5,5,2,5,5,4,5,5,5,Satisfied
49640,Female,63,Returning,Business,Business,337,11,3.0,0,0,2,3,3,2,4,2,2,3,2,0,2,2,Satisfied
20876,Female,25,Returning,Business,Economy Plus,534,0,0.0,3,0,2,0,3,4,3,2,3,3,3,0,3,1,Satisfied
26088,Male,25,First-time,Business,Economy,591,0,0.0,0,4,3,4,3,3,1,4,1,1,1,3,1,4,Neutral or Dissatisfied
51746,Male,56,Returning,Personal,Economy,370,0,0.0,4,4,4,4,2,1,1,1,1,1,5,1,1,3,Neutral or Dissatisfied
22137,Male,42,Returning,Business,Business,3887,0,0.0,1,1,3,4,1,5,4,4,4,5,5,5,5,5,Neutral or Dissatisfied
6742,Male,42,Returning,Business,Business,122,0,0.0,1,1,3,4,1,4,5,4,4,3,4,1,4,5,Satisfied
101989,Female,12,Returning,Personal,Economy,628,0,14.0,4,2,5,2,1,5,1,5,1,1,4,2,1,4,Neutral or Dissatisfied
90377,Male,59,Returning,Business,Business,515,0,0.0,4,4,4,4,4,1,3,1,3,2,1,1,1,1,Neutral or Dissatisfied
93772,Male,38,Returning,Personal,Economy Plus,368,0,0.0,3,3,4,3,3,1,2,3,2,2,3,4,2,4,Neutral or Dissatisfied
56491,Male,69,Returning,Business,Business,937,16,0.0,3,3,4,4,3,4,5,4,3,4,4,3,4,4,Satisfied
122359,Male,27,Returning,Business,Business,529,0,0.0,2,2,1,1,2,4,2,4,2,2,3,2,2,3,Neutral or Dissatisfied
31433,Female,44,Returning,Personal,Economy,1703,0,0.0,4,1,5,1,5,4,4,1,3,1,4,1,4,4,Neutral or Dissatisfied
37683,Male,16,Returning,Personal,Economy,1010,0,0.0,3,2,1,2,3,1,4,3,3,3,3,2,3,4,Neutral or Dissatisfied
6202,Female,54,Returning,Personal,Economy Plus,409,75,73.0,5,1,3,5,1,1,5,1,3,4,1,1,1,3,Neutral or Dissatisfied
43758,Male,40,Returning,Business,Business,2738,0,0.0,4,4,3,2,4,3,2,3,4,2,3,3,3,3,Neutral or Dissatisfied
36479,Male,49,Returning,Business,Business,1010,0,34.0,3,3,4,4,3,5,4,5,5,5,5,3,5,5,Satisfied
4851,Male,61,First-time,Business,Business,408,0,0.0,5,5,3,5,3,3,4,4,2,2,4,5,2,4,Satisfied
32108,Male,20,First-time,Business,Economy,101,1,11.0,0,2,3,2,5,5,1,5,1,1,2,2,1,1,Neutral or Dissatisfied
7181,Male,40,Returning,Business,Economy,130,0,0.0,2,2,4,2,2,2,2,3,2,2,3,2,2,2,Neutral or Dissatisfied
50862,Female,62,Returning,Personal,Economy,89,61,52.0,5,2,5,5,5,1,5,2,4,4,1,2,1,1,Neutral or Dissatisfied
127128,Female,33,Returning,Personal,Economy,370,0,0.0,5,5,1,5,4,2,1,5,1,1,2,5,1,5,Satisfied
81065,Female,54,Returning,Business,Business,2712,0,0.0,4,4,4,5,4,4,5,4,5,4,4,4,4,4,Satisfied
128355,Male,25,First-time,Business,Business,338,0,0.0,0,3,3,3,5,3,2,3,2,2,4,3,2,4,Neutral or Dissatisfied
110242,Male,31,Returning,Business,Business,1011,20,14.0,2,2,2,2,2,3,2,3,2,2,3,2,2,3,Neutral or Dissatisfied
7125,Male,48,Returning,Business,Business,3800,0,0.0,3,1,4,5,1,5,4,5,4,5,5,1,5,4,Satisfied
79317,Male,25,Returning,Personal,Economy,2248,10,0.0,4,2,4,2,2,5,4,2,4,4,4,2,4,4,Neutral or Dissatisfied
27241,Male,20,Returning,Personal,Economy,1024,11,2.0,5,3,3,3,1,1,1,5,3,3,4,3,3,3,Neutral or Dissatisfied
50611,Female,67,Returning,Personal,Economy,134,7,8.0,2,2,3,4,3,4,4,2,3,3,4,2,4,4,Neutral or Dissatisfied
39959,Male,56,Returning,Personal,Economy,1087,0,,1,3,2,3,3,1,2,2,2,2,3,3,2,3,Neutral or Dissatisfied
98033,Female,52,Returning,Personal,Economy Plus,1014,6,4.0,3,4,4,3,5,1,3,4,4,5,1,4,1,1,Satisfied
5576,Female,15,Returning,Personal,Economy,588,0,42.0,4,1,4,1,1,3,4,3,4,4,4,1,4,5,Neutral or Dissatisfied
82127,Male,33,Returning,Business,Business,2519,0,4.0,4,4,4,4,4,5,4,1,4,4,4,4,3,2,Satisfied
33817,Male,58,Returning,Personal,Economy,1428,54,37.0,2,2,1,2,4,4,1,4,1,1,4,2,1,4,Neutral or Dissatisfied
30074,Male,22,Returning,Personal,Economy,213,0,0.0,3,1,4,1,3,1,1,5,1,1,3,1,1,3,Neutral or Dissatisfied
108518,Female,58,Returning,Personal,Economy,519,3,0.0,3,5,1,1,3,4,3,5,1,3,4,5,4,4,Satisfied
75249,Female,47,Returning,Personal,Economy,1726,0,0.0,5,2,3,5,4,5,5,2,4,4,5,2,5,5,Neutral or Dissatisfied
85365,Male,57,Returning,Personal,Economy Plus,874,11,15.0,2,1,2,1,4,1,1,1,1,1,4,1,1,3,Neutral or Dissatisfied
8762,Male,44,Returning,Personal,Economy,1147,108,126.0,5,2,4,2,1,3,5,2,3,3,4,2,3,3,Neutral or Dissatisfied
100542,Female,45,Returning,Personal,Economy,580,28,24.0,4,2,3,5,1,5,4,2,3,5,5,2,5,1,Neutral or Dissatisfied
10022,Male,16,Returning,Personal,Economy Plus,457,0,0.0,5,2,4,2,3,3,4,3,4,4,5,2,4,5,Neutral or Dissatisfied
40399,Female,39,First-time,Business,Business,150,0,22.0,1,1,1,1,3,1,1,3,1,1,2,1,1,3,Neutral or Dissatisfied
65913,Male,27,First-time,Business,Economy,569,2,7.0,2,4,4,4,4,4,5,3,5,5,3,4,5,4,Neutral or Dissatisfied
96074,Female,21,Returning,Personal,Economy,1069,0,0.0,5,2,2,2,1,5,1,1,1,1,5,2,1,2,Neutral or Dissatisfied
78061,Female,16,Returning,Personal,Economy,332,0,0.0,1,4,3,4,2,1,4,1,4,4,2,4,4,2,Neutral or Dissatisfied
52093,Male,22,Returning,Business,Business,3039,0,0.0,1,1,1,5,1,2,5,4,5,5,1,1,5,4,Satisfied
76059,Male,24,First-time,Business,Economy,669,10,4.0,0,0,3,0,2,5,4,5,4,4,5,0,4,5,Satisfied
61880,Female,8,First-time,Business,Economy,1483,0,4.0,1,1,5,1,4,3,2,4,2,2,4,1,2,5,Neutral or Dissatisfied
24633,Female,17,Returning,Personal,Economy,526,0,0.0,4,3,4,3,2,4,2,4,2,2,5,3,2,4,Neutral or Dissatisfied
55335,Female,48,Returning,Personal,Economy,1117,29,0.0,5,3,3,5,4,4,4,3,3,5,4,2,4,3,Neutral or Dissatisfied
109976,Male,25,Returning,Personal,Economy,971,0,0.0,5,5,4,5,3,3,3,2,3,3,4,5,3,5,Satisfied
284,Female,17,First-time,Business,Economy,802,0,0.0,4,4,4,4,5,4,4,5,4,4,5,4,4,5,Satisfied
118415,Male,44,Returning,Business,Business,2738,0,0.0,4,3,3,5,4,4,4,4,5,5,4,4,4,4,Satisfied
114587,Male,43,Returning,Business,Business,2998,12,10.0,2,2,5,4,2,2,4,2,3,3,2,2,2,2,Satisfied
54603,Male,25,Returning,Business,Economy,965,15,44.0,3,3,1,5,3,2,5,1,5,5,5,5,5,1,Satisfied
92375,Male,51,Returning,Personal,Business,1892,0,0.0,5,1,4,2,3,2,2,1,3,2,2,1,2,2,Neutral or Dissatisfied
42126,Male,41,Returning,Personal,Economy,898,0,0.0,5,3,1,3,5,2,3,1,3,3,4,4,3,4,Satisfied
89923,Male,25,First-time,Business,Business,1101,0,0.0,0,5,1,5,4,4,4,1,4,4,1,5,4,3,Satisfied
82820,Female,58,Returning,Business,Business,2052,20,51.0,1,5,2,3,1,4,3,4,3,2,4,4,4,4,Neutral or Dissatisfied
115348,Female,17,Returning,Business,Business,1626,0,0.0,2,2,2,1,2,4,1,4,1,1,3,1,1,3,Neutral or Dissatisfied
31645,Female,42,Returning,Business,Economy,846,0,0.0,3,3,2,2,3,4,4,4,1,3,4,4,4,4,Satisfied
59136,Male,62,Returning,Personal,Economy,1846,0,0.0,3,4,4,4,4,3,2,1,2,2,4,3,2,4,Neutral or Dissatisfied
34226,Female,45,Returning,Business,Economy Plus,1046,36,34.0,4,5,4,5,4,5,5,5,3,1,5,5,5,5,Satisfied
6514,Female,59,Returning,Business,Business,599,15,23.0,2,2,5,5,2,5,5,5,3,4,5,2,5,5,Satisfied
112717,Male,10,Returning,Personal,Economy,671,0,0.0,5,2,3,2,3,4,3,2,3,3,5,2,3,5,Neutral or Dissatisfied
15342,Male,42,Returning,Business,Business,2944,0,0.0,2,2,5,5,2,5,4,5,5,5,5,2,5,4,Satisfied
53653,Male,59,Returning,Business,Business,2133,0,0.0,5,5,3,5,5,4,5,4,3,3,4,5,4,4,Satisfied
57288,Male,31,Returning,Business,Business,628,0,0.0,1,1,5,2,1,3,2,3,2,2,4,1,2,5,Satisfied
107503,Female,9,Returning,Personal,Economy,711,26,19.0,4,0,4,0,2,5,2,5,2,2,4,1,2,5,Neutral or Dissatisfied
14043,Male,43,First-time,Business,Economy,106,0,0.0,4,2,2,2,2,2,5,1,5,5,5,2,5,2,Neutral or Dissatisfied
81415,Female,65,Returning,Business,Business,2068,0,,5,3,5,5,5,4,5,4,3,4,4,5,4,4,Satisfied
13582,Male,7,Returning,Personal,Economy,106,0,0.0,1,2,4,2,2,2,2,1,5,5,3,2,5,2,Neutral or Dissatisfied
103351,Male,23,Returning,Personal,Business,342,0,0.0,4,4,5,4,4,5,1,3,1,1,4,3,1,5,Neutral or Dissatisfied
112961,Female,61,Returning,Personal,Economy,1497,11,0.0,3,2,5,5,5,3,5,2,5,5,3,2,3,3,Neutral or Dissatisfied
15836,Male,16,Returning,Personal,Economy,1148,0,0.0,5,1,4,1,1,3,5,4,5,5,5,1,5,5,Neutral or Dissatisfied
73809,Female,18,Returning,Personal,Economy Plus,192,0,0.0,5,3,3,3,3,3,2,3,2,2,4,3,2,4,Neutral or Dissatisfied
72230,Female,26,Returning,Business,Business,3484,0,0.0,5,5,3,4,5,4,4,5,4,4,4,5,4,4,Satisfied
54793,Male,39,Returning,Personal,Business,862,6,0.0,4,0,1,3,3,5,4,0,2,4,5,0,5,5,Satisfied
46743,Female,53,Returning,Personal,Economy,125,58,48.0,5,2,2,2,2,1,5,2,3,2,1,2,1,1,Neutral or Dissatisfied
55178,Male,53,Returning,Business,Business,1346,36,13.0,4,4,5,5,4,5,5,5,4,5,5,4,5,5,Satisfied
127467,Female,43,Returning,Business,Business,2075,13,29.0,3,3,3,3,3,5,4,5,5,5,5,3,5,5,Satisfied
40145,Female,38,Returning,Business,Business,1937,0,0.0,2,2,3,5,2,5,3,5,1,5,5,2,5,5,Satisfied
99431,Female,24,Returning,Personal,Economy,314,17,29.0,2,2,3,2,3,4,2,1,2,2,4,2,2,3,Neutral or Dissatisfied
50988,Female,60,Returning,Personal,Economy,109,0,0.0,4,3,2,4,4,1,3,3,3,3,1,3,1,1,Neutral or Dissatisfied
61987,Female,49,Returning,Business,Business,2475,0,0.0,3,3,4,4,3,5,4,5,3,2,5,3,5,5,Satisfied
41084,Male,43,Returning,Business,Business,667,34,32.0,2,2,4,4,2,4,5,4,4,3,4,2,4,4,Satisfied
55168,Male,51,Returning,Personal,Economy,1379,8,1.0,4,3,3,3,2,3,2,5,2,2,5,3,2,5,Neutral or Dissatisfied
75107,Male,30,Returning,Personal,Business,1723,0,28.0,4,1,3,1,4,4,2,2,2,2,5,1,2,4,Neutral or Dissatisfied
70002,Female,17,Returning,Personal,Economy,236,25,22.0,5,1,3,1,4,4,3,5,3,3,3,1,3,2,Neutral or Dissatisfied
87817,Male,37,Returning,Business,Business,214,12,3.0,3,3,3,4,3,4,4,4,2,4,4,4,4,4,Neutral or Dissatisfied
127141,Male,67,Returning,Personal,Economy,621,0,0.0,4,2,5,2,3,5,2,5,2,2,5,2,2,4,Neutral or Dissatisfied
87845,Male,51,Returning,Personal,Economy,214,0,0.0,2,3,3,3,4,4,4,4,4,4,3,3,4,4,Neutral or Dissatisfied
73098,Male,42,Returning,Business,Business,2174,0,11.0,1,1,5,5,1,4,4,4,3,3,4,1,4,4,Satisfied
20932,Female,42,First-time,Business,Economy,721,0,0.0,4,4,3,4,3,3,2,2,4,4,5,4,4,5,Neutral or Dissatisfied
127163,Female,39,Returning,Personal,Economy,646,0,0.0,1,3,3,3,1,1,1,4,1,1,1,3,1,2,Neutral or Dissatisfied
45835,Male,25,Returning,Personal,Economy,391,0,0.0,2,2,3,2,4,4,1,4,1,1,4,2,1,4,Neutral or Dissatisfied
118744,Male,49,Returning,Personal,Economy,304,23,18.0,5,3,5,3,3,5,5,2,5,5,4,3,5,4,Neutral or Dissatisfied
79497,Female,50,Returning,Business,Business,760,0,2.0,4,4,4,5,4,5,5,5,3,4,5,4,5,5,Satisfied
2892,Male,45,Returning,Personal,Economy,491,0,0.0,2,1,2,1,3,3,5,3,5,5,3,1,5,3,Neutral or Dissatisfied
84988,Male,52,Returning,Business,Business,1590,30,19.0,2,2,4,4,2,4,5,4,3,3,4,2,4,4,Satisfied
79214,Female,15,Returning,Personal,Economy,1990,0,0.0,1,1,4,1,3,4,3,4,3,3,4,1,3,4,Neutral or Dissatisfied
112731,Female,38,Returning,Personal,Economy,671,43,36.0,5,3,5,3,1,3,1,5,1,1,4,3,1,4,Neutral or Dissatisfied
33535,Female,45,Returning,Business,Business,2351,0,0.0,3,3,5,5,3,3,5,4,4,5,3,3,3,3,Satisfied
128731,Female,20,First-time,Personal,Economy,1504,0,0.0,5,2,3,2,1,5,5,3,5,5,4,2,5,4,Neutral or Dissatisfied
92338,Male,47,Returning,Business,Business,2486,0,0.0,4,4,4,5,4,4,5,4,3,3,4,4,4,4,Satisfied
58992,Female,28,Returning,Business,Business,1846,22,24.0,3,3,4,4,3,5,3,2,3,3,5,3,3,5,Satisfied
77186,Male,69,Returning,Business,Economy,290,0,0.0,5,5,2,2,5,2,2,5,2,2,3,2,2,3,Neutral or Dissatisfied
45017,Male,43,Returning,Personal,Economy,137,0,0.0,0,0,5,0,3,5,4,2,4,4,4,4,4,5,Neutral or Dissatisfied
32852,Female,45,Returning,Personal,Economy,201,0,0.0,4,2,4,4,3,2,3,2,3,1,2,2,2,5,Neutral or Dissatisfied
21096,Female,43,First-time,Business,Economy,106,0,0.0,0,2,2,2,3,3,4,2,4,4,3,2,4,5,Neutral or Dissatisfied
57959,Female,54,Returning,Business,Business,1670,0,0.0,2,2,4,5,2,4,4,4,5,5,4,2,4,4,Satisfied
77541,Female,33,Returning,Business,Business,2000,48,25.0,4,4,3,4,4,3,4,4,4,3,3,4,3,3,Satisfied
72511,Female,54,Returning,Business,Economy,1121,0,0.0,3,3,4,4,3,3,4,3,3,2,3,3,3,3,Neutral or Dissatisfied
11289,Female,16,Returning,Personal,Economy,224,0,3.0,5,3,5,3,2,4,2,5,1,1,5,3,1,4,Neutral or Dissatisfied
75486,Female,47,Returning,Business,Business,2342,0,0.0,5,5,4,3,5,5,5,5,5,4,5,5,5,5,Satisfied
115085,Male,16,First-time,Business,Economy,362,16,11.0,4,2,3,2,4,4,2,5,3,3,3,2,3,4,Neutral or Dissatisfied
35737,Male,29,Returning,Business,Business,2153,25,22.0,1,4,5,5,1,4,5,3,5,5,4,1,5,5,Satisfied
7507,Female,50,Returning,Business,Business,1995,88,56.0,5,5,4,5,5,4,4,4,4,5,4,5,4,4,Satisfied
18218,Male,47,Returning,Business,Business,2756,93,88.0,1,4,1,4,4,3,4,2,1,4,3,3,3,3,Neutral or Dissatisfied
31905,Female,49,Returning,Business,Business,2045,0,0.0,5,5,3,5,5,4,4,4,5,5,4,5,4,4,Satisfied
86017,Female,39,Returning,Business,Economy,447,0,0.0,5,5,3,4,5,2,4,3,4,4,4,4,4,4,Neutral or Dissatisfied
89835,Male,33,Returning,Personal,Economy Plus,950,0,62.0,5,4,4,4,4,3,3,2,3,3,4,4,3,3,Neutral or Dissatisfied
63500,Female,53,Returning,Business,Business,1956,0,0.0,3,3,3,3,3,4,5,4,3,3,4,3,4,4,Satisfied
37610,Female,38,Returning,Personal,Economy,1005,0,0.0,4,3,5,3,3,4,2,3,2,2,5,3,2,5,Neutral or Dissatisfied
54246,Male,21,First-time,Business,Economy,1222,19,24.0,4,4,2,4,3,5,3,2,3,3,2,4,3,1,Satisfied
121652,Female,34,First-time,Business,Business,328,0,0.0,3,3,5,3,3,3,5,4,5,5,4,3,5,5,Neutral or Dissatisfied
21093,Female,44,Returning,Business,Business,214,200,233.0,5,5,0,4,5,4,0,3,0,1,1,4,4,3,Neutral or Dissatisfied
120381,Female,61,Returning,Business,Business,3565,0,0.0,1,1,5,4,1,2,5,2,5,2,2,1,2,2,Satisfied
4592,Female,26,First-time,Business,Economy,416,0,0.0,4,1,1,1,3,1,4,3,4,4,1,1,4,2,Neutral or Dissatisfied
698,Male,18,Returning,Business,Business,2301,33,35.0,4,2,3,1,2,3,3,2,0,0,3,3,0,4,Neutral or Dissatisfied
64557,Female,25,Returning,Business,Business,247,44,38.0,1,1,3,4,1,4,4,5,4,4,4,1,4,5,Satisfied
96958,Female,57,Returning,Business,Business,3132,0,0.0,2,2,4,5,2,4,5,4,5,2,4,2,4,4,Satisfied
81236,Male,10,Returning,Personal,Economy,223,52,47.0,5,2,4,2,4,3,3,5,3,3,4,2,3,4,Neutral or Dissatisfied
30265,Male,40,Returning,Business,Economy,1024,0,11.0,2,2,1,2,2,1,2,3,2,2,4,2,2,3,Neutral or Dissatisfied
104240,Female,55,Returning,Business,Business,3740,0,0.0,2,2,4,4,2,4,5,4,4,4,4,2,4,4,Satisfied
18028,Male,19,First-time,Business,Economy,488,0,0.0,0,2,5,2,5,3,3,4,3,3,2,3,3,3,Neutral or Dissatisfied
42445,Male,30,First-time,Business,Business,926,0,0.0,2,2,2,2,3,2,2,3,4,4,4,2,4,3,Neutral or Dissatisfied
39479,Male,26,First-time,Business,Economy,867,0,0.0,4,4,1,4,3,1,3,4,3,3,3,4,3,4,Neutral or Dissatisfied
45798,Female,47,First-time,Business,Economy,391,0,1.0,1,3,3,3,4,4,1,4,5,5,4,4,5,4,Neutral or Dissatisfied
89736,Male,49,Returning,Personal,Economy,1076,0,0.0,4,4,5,4,2,5,1,2,1,1,5,3,1,4,Neutral or Dissatisfied
99656,Male,45,Returning,Business,Business,650,56,73.0,4,4,1,3,4,2,3,2,2,2,2,2,2,2,Neutral or Dissatisfied
88644,Female,64,Returning,Personal,Economy,366,0,0.0,5,1,2,4,4,4,3,1,5,3,4,4,4,4,Satisfied
65746,Female,13,Returning,Personal,Economy,1061,10,0.0,5,1,3,1,5,4,5,4,5,5,5,1,5,4,Neutral or Dissatisfied
106896,Male,38,Returning,Personal,Economy,577,10,0.0,5,2,3,2,3,5,4,3,4,4,5,2,4,5,Neutral or Dissatisfied
113701,Male,14,Returning,Personal,Economy,223,0,0.0,2,0,2,0,4,2,2,2,4,4,4,4,4,4,Neutral or Dissatisfied
42508,Female,43,Returning,Business,Economy Plus,541,0,0.0,2,2,4,4,2,1,3,1,2,5,1,1,1,1,Neutral or Dissatisfied
32450,Female,30,Returning,Business,Business,101,0,0.0,5,0,1,1,5,1,1,2,1,1,3,0,1,5,Satisfied
45153,Female,26,First-time,Business,Economy,130,85,91.0,3,2,4,2,5,3,2,4,3,3,3,2,3,5,Neutral or Dissatisfied
122398,Female,8,Returning,Personal,Economy,529,0,0.0,5,2,3,2,2,3,2,5,2,2,5,2,2,4,Neutral or Dissatisfied
65933,Male,13,Returning,Personal,Economy,569,0,1.0,3,2,5,2,4,1,1,5,4,4,3,2,4,1,Neutral or Dissatisfied
120721,Female,56,Returning,Business,Economy,90,0,0.0,2,2,4,4,2,5,3,4,3,5,5,4,5,5,Neutral or Dissatisfied
12000,Male,21,First-time,Business,Economy Plus,643,0,0.0,4,5,5,5,4,2,5,5,5,5,5,5,5,2,Satisfied
95497,Female,36,Returning,Business,Economy Plus,239,14,12.0,1,1,2,3,1,2,3,2,3,3,4,3,3,4,Neutral or Dissatisfied
78453,Male,40,Returning,Business,Business,666,0,0.0,2,2,5,5,2,5,5,5,5,2,5,2,5,5,Satisfied
85555,Female,20,First-time,Business,Business,192,0,0.0,5,5,4,5,1,3,5,2,5,5,5,5,5,4,Satisfied
83135,Male,24,Returning,Personal,Economy,983,0,5.0,1,4,4,4,3,4,3,1,3,3,2,4,3,3,Satisfied
5296,Female,18,Returning,Personal,Economy,190,0,2.0,4,3,3,3,3,2,1,4,1,1,4,3,1,3,Neutral or Dissatisfied
44267,Male,55,Returning,Personal,Economy,118,0,0.0,3,2,2,2,3,1,5,4,3,3,3,2,3,5,Neutral or Dissatisfied
60387,Male,56,Returning,Business,Business,1452,0,0.0,3,3,3,5,3,4,5,4,5,2,4,3,4,4,Satisfied
128447,Female,55,First-time,Business,Economy,370,4,3.0,4,3,1,3,2,3,5,4,5,5,3,3,5,2,Neutral or Dissatisfied
104483,Female,50,Returning,Business,Business,860,0,0.0,5,5,2,4,5,2,3,2,4,5,2,2,2,2,Neutral or Dissatisfied
111692,Female,35,First-time,Business,Business,495,16,12.0,3,3,4,3,2,5,5,3,5,5,5,3,5,5,Neutral or Dissatisfied
38799,Female,60,Returning,Personal,Economy,387,0,0.0,4,1,5,4,5,4,5,1,4,5,4,1,4,4,Neutral or Dissatisfied
113025,Female,52,Returning,Business,Business,3696,71,70.0,2,1,3,4,1,4,4,4,5,3,4,1,4,4,Satisfied
7609,Male,70,Returning,Business,Business,402,18,0.0,3,3,5,3,3,4,4,4,3,3,4,3,4,4,Satisfied
30788,Male,33,Returning,Business,Business,2825,220,238.0,4,4,4,4,4,2,4,3,4,5,4,4,1,2,Satisfied
25383,Female,25,Returning,Personal,Economy,591,19,14.0,4,3,5,3,2,5,2,5,2,2,5,3,2,4,Neutral or Dissatisfied
106658,Female,60,Returning,Business,Business,1590,0,0.0,2,2,4,4,2,4,5,4,5,2,4,2,4,4,Satisfied
11187,Male,59,Returning,Personal,Economy,224,0,2.0,4,2,3,2,3,1,2,1,2,2,3,2,2,4,Neutral or Dissatisfied
79591,Female,24,Returning,Business,Business,2879,0,0.0,4,4,5,5,4,4,5,3,5,5,4,4,5,4,Satisfied
129450,Female,20,Returning,Personal,Economy,414,112,103.0,4,2,1,2,4,4,1,4,1,1,4,2,1,3,Neutral or Dissatisfied
117746,Female,8,Returning,Personal,Economy,935,6,0.0,4,4,4,4,5,5,3,5,3,3,5,4,3,5,Neutral or Dissatisfied
68820,Male,24,Returning,Business,Business,861,0,0.0,1,1,4,2,1,4,2,2,2,2,5,1,2,5,Satisfied
99508,Male,53,Returning,Personal,Economy,283,6,11.0,4,4,4,4,3,4,2,2,5,5,5,4,5,5,Neutral or Dissatisfied
106386,Female,55,Returning,Business,Economy,488,77,70.0,5,5,3,4,5,1,4,1,3,1,1,1,1,1,Neutral or Dissatisfied
20166,Female,32,First-time,Business,Economy,403,0,0.0,3,4,4,4,3,2,5,1,4,4,3,4,4,4,Neutral or Dissatisfied
68608,Male,26,Returning,Business,Business,1739,0,0.0,1,1,4,5,1,3,5,2,5,5,5,1,5,4,Satisfied
46240,Female,27,First-time,Business,Economy,455,7,1.0,3,1,2,1,3,4,5,3,5,5,4,1,5,3,Neutral or Dissatisfied
84431,Female,49,Returning,Personal,Economy,591,0,0.0,4,1,3,4,2,4,4,1,5,4,4,1,4,4,Neutral or Dissatisfied
129853,Female,30,Returning,Personal,Economy,447,145,138.0,2,1,4,4,4,3,4,4,4,1,3,1,3,4,Neutral or Dissatisfied
95786,Female,49,Returning,Personal,Economy,237,9,3.0,4,2,5,4,4,1,5,2,5,2,1,2,1,1,Neutral or Dissatisfied
129767,Female,9,Returning,Personal,Economy,337,6,7.0,4,4,1,4,4,2,5,4,5,5,3,5,5,3,Satisfied
95479,Male,37,First-time,Business,Business,148,0,0.0,3,3,4,3,1,4,2,4,4,4,4,3,4,4,Satisfied
127575,Male,11,Returning,Personal,Economy,1670,0,0.0,0,1,3,1,5,3,3,5,4,4,4,1,4,5,Neutral or Dissatisfied
114359,Female,21,First-time,Business,Economy,957,20,4.0,2,2,5,2,3,3,3,4,5,5,5,2,5,4,Neutral or Dissatisfied
102181,Male,44,Returning,Business,Business,236,30,12.0,0,0,3,5,5,2,4,2,5,4,2,0,2,2,Satisfied
12291,Male,39,Returning,Business,Economy,192,0,0.0,4,4,2,5,4,2,5,2,5,5,5,5,5,1,Satisfied
77420,Male,66,Returning,Personal,Economy,588,0,0.0,4,3,5,3,1,5,4,4,4,4,5,3,4,5,Neutral or Dissatisfied
51708,Female,64,Returning,Business,Business,2719,0,0.0,1,1,4,2,1,3,4,4,2,3,3,1,3,5,Satisfied
37722,Female,10,Returning,Personal,Economy,1035,0,0.0,3,2,1,2,2,2,1,1,1,1,2,2,1,3,Neutral or Dissatisfied
49267,Male,36,Returning,Business,Economy,266,1,2.0,1,1,4,4,1,2,4,5,4,4,3,4,4,4,Satisfied
106171,Male,15,Returning,Personal,Economy,436,57,62.0,4,1,4,1,3,4,1,5,1,1,4,1,1,5,Neutral or Dissatisfied
30583,Female,21,Returning,Personal,Economy,628,0,0.0,3,3,1,3,3,4,2,2,5,5,3,3,5,4,Neutral or Dissatisfied
7319,Female,59,Returning,Personal,Economy Plus,135,118,113.0,5,3,5,5,4,1,4,3,3,5,1,3,1,1,Neutral or Dissatisfied
119438,Male,15,Returning,Personal,Economy,399,8,0.0,4,2,1,2,3,1,1,1,1,1,4,2,1,4,Neutral or Dissatisfied
106149,Female,54,Returning,Business,Business,302,88,87.0,1,1,4,4,1,2,3,2,3,5,2,2,2,2,Neutral or Dissatisfied
8745,Male,51,Returning,Personal,Economy Plus,181,0,11.0,5,2,4,2,2,1,2,1,5,5,5,2,5,4,Neutral or Dissatisfied
89487,Male,15,Returning,Business,Business,1931,0,6.0,2,2,3,2,2,3,2,1,2,2,3,2,2,2,Neutral or Dissatisfied
90301,Male,48,Returning,Personal,Economy,932,0,0.0,5,3,4,3,1,4,5,2,5,5,5,3,5,5,Neutral or Dissatisfied
97288,Male,27,First-time,Business,Business,843,17,14.0,3,3,3,3,3,5,1,5,1,1,5,3,1,5,Neutral or Dissatisfied
56002,Female,40,Returning,Business,Business,2475,0,0.0,1,3,3,5,1,5,4,5,5,2,5,1,5,5,Satisfied
4361,Female,25,First-time,Business,Business,528,0,0.0,0,5,4,5,5,5,1,2,1,1,4,5,1,4,Satisfied
20072,Male,70,Returning,Personal,Economy,723,3,0.0,3,3,3,3,3,2,3,5,4,4,4,3,4,3,Neutral or Dissatisfied
91481,Female,46,Returning,Personal,Economy,859,0,4.0,5,5,5,5,4,1,4,5,3,2,1,5,1,1,Satisfied
116915,Male,43,Returning,Business,Business,3497,0,0.0,2,3,4,5,3,3,4,4,3,5,3,3,3,3,Satisfied
6985,Female,54,Returning,Business,Business,1903,0,0.0,3,3,5,4,3,5,4,5,4,2,5,3,5,5,Satisfied
80454,Male,36,Returning,Business,Business,1299,45,29.0,2,2,3,4,2,5,5,5,5,5,5,2,5,5,Satisfied
29076,Female,56,Returning,Personal,Economy,679,10,11.0,4,1,5,5,4,3,4,1,3,5,3,1,3,3,Neutral or Dissatisfied
15125,Male,24,Returning,Business,Economy,1042,0,0.0,2,2,1,5,2,2,4,1,5,5,1,5,5,2,Satisfied
76433,Female,48,Returning,Personal,Economy,405,19,12.0,5,2,4,5,2,4,5,2,4,5,4,2,4,4,Neutral or Dissatisfied
36463,Female,67,Returning,Personal,Economy,867,0,0.0,5,2,3,4,3,2,5,2,4,4,2,2,2,4,Neutral or Dissatisfied
114341,Female,29,Returning,Personal,Economy,862,17,4.0,4,4,3,4,2,5,3,4,3,3,4,4,3,4,Neutral or Dissatisfied
92041,Male,40,Returning,Business,Business,1535,0,0.0,2,2,4,4,2,5,5,5,5,4,5,2,5,5,Satisfied
108720,Female,24,First-time,Business,Economy,591,0,0.0,4,5,4,4,5,3,5,2,5,5,4,5,5,5,Satisfied
94008,Female,21,First-time,Business,Business,248,53,58.0,0,5,3,5,3,3,4,5,4,4,4,5,4,5,Satisfied
28311,Male,49,Returning,Business,Economy,867,0,0.0,1,1,4,4,1,5,4,3,4,4,1,4,4,4,Satisfied
108781,Female,66,Returning,Business,Business,1629,23,29.0,1,1,1,2,1,2,2,2,4,1,2,2,2,2,Neutral or Dissatisfied
14159,Female,43,Returning,Business,Business,620,0,0.0,5,5,5,4,5,3,4,3,4,4,3,5,3,3,Satisfied
129245,Male,41,Returning,Business,Business,2163,60,70.0,3,3,3,3,3,3,4,3,4,5,3,3,3,3,Neutral or Dissatisfied
5975,Female,22,Returning,Personal,Business,925,87,94.0,4,2,3,2,3,3,5,3,5,5,4,2,5,5,Neutral or Dissatisfied
53441,Male,23,First-time,Business,Economy,2288,3,0.0,1,1,5,5,1,2,5,3,5,1,2,1,4,4,Neutral or Dissatisfied
102425,Female,54,Returning,Personal,Economy,391,13,3.0,2,1,3,4,3,5,4,1,4,3,5,1,5,5,Neutral or Dissatisfied
61290,Male,21,Returning,Personal,Economy,846,0,0.0,1,2,3,2,2,4,5,1,4,4,3,2,4,3,Neutral or Dissatisfied
113542,Female,49,Returning,Business,Economy,407,61,57.0,3,3,4,2,3,1,2,1,2,2,1,1,1,1,Neutral or Dissatisfied
121254,Male,54,First-time,Business,Economy,575,0,8.0,0,1,4,1,1,3,2,3,2,2,4,1,2,2,Neutral or Dissatisfied
43569,Male,42,Returning,Business,Business,1499,0,0.0,1,4,3,1,1,2,3,2,4,4,2,1,2,2,Satisfied
24828,Male,58,Returning,Business,Economy,991,0,1.0,1,1,1,5,1,2,4,2,4,4,4,5,4,2,Satisfied
121644,Male,69,Returning,Personal,Economy Plus,912,0,0.0,4,1,5,1,2,5,4,3,4,4,5,1,4,4,Neutral or Dissatisfied
53694,Male,51,Returning,Business,Business,2468,32,29.0,1,1,3,1,1,5,3,5,2,1,5,1,5,5,Satisfied
112607,Male,55,Returning,Business,Business,1796,0,0.0,5,5,1,1,5,4,2,4,5,3,4,5,4,4,Satisfied
93962,Female,41,Returning,Business,Business,1218,5,0.0,3,3,4,4,3,4,4,4,3,4,4,3,4,4,Satisfied
12957,Female,20,Returning,Business,Economy Plus,456,0,0.0,4,4,2,2,4,3,1,4,2,2,3,2,2,4,Neutral or Dissatisfied
115884,Female,16,Returning,Business,Business,373,14,6.0,2,2,4,3,2,3,3,1,3,3,4,3,3,4,Neutral or Dissatisfied
55502,Male,68,Returning,Personal,Economy,1739,1,20.0,5,1,5,1,3,5,2,3,2,2,4,1,2,3,Neutral or Dissatisfied
51338,Male,33,Returning,Business,Economy Plus,262,0,0.0,4,4,4,3,4,3,3,2,3,3,3,3,3,3,Neutral or Dissatisfied
53224,Male,47,Returning,Personal,Economy,589,0,0.0,4,4,4,4,1,5,1,2,1,1,5,4,1,5,Satisfied
70257,Female,22,Returning,Personal,Economy,1592,2,0.0,5,1,5,1,5,3,4,5,4,4,5,1,4,3,Neutral or Dissatisfied
55292,Male,32,Returning,Personal,Economy,1608,8,4.0,5,4,3,4,3,5,3,4,3,3,4,3,3,5,Neutral or Dissatisfied
44298,Male,13,Returning,Personal,Economy Plus,563,10,28.0,5,2,3,2,1,3,2,4,2,2,5,2,2,5,Neutral or Dissatisfied
59556,Male,40,Returning,Business,Business,1879,0,0.0,5,5,3,5,5,2,5,2,5,4,2,5,2,2,Satisfied
50527,Male,34,Returning,Personal,Economy,363,0,0.0,4,2,5,2,1,4,4,5,4,4,5,4,4,4,Satisfied
35746,Female,39,Returning,Business,Business,1826,0,0.0,5,5,4,3,5,1,2,1,3,4,1,1,1,1,Neutral or Dissatisfied
34852,Female,18,First-time,Business,Economy,1826,14,0.0,4,4,2,4,3,4,1,5,3,3,4,4,3,4,Neutral or Dissatisfied
108764,Female,59,Returning,Business,Business,545,0,0.0,5,5,3,4,5,4,5,4,3,2,4,5,4,4,Satisfied
101044,Female,48,Returning,Business,Business,2485,0,0.0,5,5,3,5,5,5,4,5,4,3,5,5,5,5,Satisfied
84453,Female,52,Returning,Business,Business,290,0,0.0,4,4,3,4,4,5,4,5,4,4,5,4,5,5,Satisfied
78096,Female,36,First-time,Business,Business,655,0,0.0,4,4,4,4,1,3,1,2,1,1,4,4,1,5,Neutral or Dissatisfied
113651,Female,56,Returning,Personal,Economy,397,51,44.0,5,2,4,4,3,2,5,2,3,5,2,2,2,2,Neutral or Dissatisfied
21952,Male,53,Returning,Business,Business,2471,0,0.0,1,5,2,1,1,4,3,4,5,5,4,1,4,4,Satisfied
93492,Male,46,Returning,Business,Economy,1107,12,3.0,2,2,1,2,2,4,2,4,2,2,3,2,2,3,Neutral or Dissatisfied
124000,Female,43,Returning,Business,Economy,184,0,0.0,1,1,3,2,1,3,2,3,1,3,3,3,3,3,Neutral or Dissatisfied
87936,Female,45,Returning,Business,Business,115,16,28.0,5,5,4,4,5,5,4,4,5,5,5,5,5,4,Satisfied
52074,Male,27,Returning,Business,Business,3030,0,0.0,4,4,5,5,4,4,4,3,4,4,2,4,4,1,Satisfied
60592,Male,35,Returning,Personal,Economy,1558,1,5.0,1,2,3,2,3,4,1,5,1,1,3,1,1,2,Neutral or Dissatisfied
124676,Male,43,Returning,Business,Business,1936,0,8.0,5,4,4,5,4,5,5,5,3,3,5,4,5,5,Satisfied
43564,Female,54,Returning,Personal,Economy,770,5,2.0,5,2,4,4,2,4,4,2,3,2,4,2,4,1,Neutral or Dissatisfied
52242,Female,20,First-time,Business,Economy,237,0,0.0,4,3,3,3,3,5,2,4,2,2,2,3,2,2,Neutral or Dissatisfied
119609,Female,40,Returning,Personal,Economy,1979,0,3.0,5,4,2,4,3,2,4,4,4,4,5,4,4,1,Neutral or Dissatisfied
19432,Male,38,Returning,Personal,Economy,645,37,63.0,4,2,3,2,1,1,3,5,4,4,2,2,4,1,Neutral or Dissatisfied
34248,Female,35,Returning,Business,Business,1666,14,0.0,1,1,2,5,1,4,4,4,1,1,4,1,4,4,Satisfied
103340,Female,27,Returning,Personal,Economy,1139,0,5.0,5,4,4,4,1,3,4,2,5,5,5,3,5,3,Neutral or Dissatisfied
121076,Female,15,Returning,Business,Economy Plus,920,169,173.0,5,5,4,1,5,1,4,3,4,4,3,4,3,3,Neutral or Dissatisfied
11499,Male,62,Returning,Personal,Economy Plus,247,9,10.0,4,2,5,2,3,3,5,2,5,5,5,2,5,5,Neutral or Dissatisfied
24005,Female,63,Returning,Business,Economy,427,13,14.0,3,2,4,4,3,1,3,2,2,3,1,2,1,1,Neutral or Dissatisfied
88314,Male,56,Returning,Business,Economy,646,0,0.0,2,2,4,4,2,3,4,5,4,4,4,4,4,4,Neutral or Dissatisfied
73299,Female,57,Returning,Business,Business,1005,14,23.0,1,1,3,4,1,5,5,5,4,4,5,1,5,5,Satisfied
76548,Female,50,Returning,Business,Business,547,0,0.0,3,3,5,4,3,3,5,3,4,5,3,3,3,3,Satisfied
27309,Female,59,Returning,Business,Economy,697,0,0.0,1,1,1,4,1,5,2,5,2,2,5,5,5,5,Satisfied
8072,Female,38,First-time,Business,Business,294,0,0.0,3,3,4,3,2,3,1,5,1,1,4,3,1,5,Satisfied
127836,Female,36,Returning,Personal,Economy,1044,12,9.0,4,3,3,3,4,5,2,5,2,2,5,2,2,4,Neutral or Dissatisfied
26294,Female,23,Returning,Business,Economy,1199,1,0.0,4,4,3,5,4,1,4,1,5,5,1,5,5,1,Satisfied
45815,Male,33,Returning,Personal,Economy,391,0,0.0,5,3,3,3,1,4,5,3,5,5,5,3,5,4,Neutral or Dissatisfied
15241,Male,27,Returning,Personal,Economy,416,0,0.0,3,4,4,4,2,2,5,3,5,5,3,4,5,3,Satisfied
29615,Male,46,Returning,Business,Economy,1448,0,13.0,2,4,3,2,2,2,2,4,2,2,3,2,2,3,Neutral or Dissatisfied
81641,Female,19,Returning,Personal,Business,907,0,0.0,4,1,5,1,1,3,5,5,2,2,5,1,2,5,Neutral or Dissatisfied
33684,Male,34,Returning,Business,Economy,759,16,24.0,2,2,2,5,2,4,5,5,5,5,5,5,5,4,Satisfied
28082,Male,29,First-time,Business,Economy,1134,0,0.0,3,3,2,3,3,5,2,5,3,3,3,3,3,3,Neutral or Dissatisfied
129096,Male,19,First-time,Business,Economy,1304,0,18.0,3,3,1,2,4,4,1,4,1,3,1,3,2,4,Neutral or Dissatisfied
46173,Female,66,Returning,Personal,Economy,604,0,0.0,4,2,4,5,4,1,4,2,4,4,1,2,1,1,Neutral or Dissatisfied
81234,Male,67,Returning,Personal,Economy,449,0,0.0,5,4,4,4,3,5,2,5,2,2,4,2,2,4,Neutral or Dissatisfied
35440,Female,17,Returning,Personal,Economy,1056,0,0.0,5,3,5,3,2,4,4,2,4,4,5,3,4,4,Neutral or Dissatisfied
40269,Male,50,Returning,Personal,Economy,387,0,12.0,1,3,2,3,2,2,3,2,3,3,1,3,3,2,Neutral or Dissatisfied
104415,Male,31,First-time,Business,Economy,1011,0,3.0,3,3,4,3,3,2,4,2,4,4,3,3,4,4,Neutral or Dissatisfied
119533,Female,70,Returning,Personal,Economy,814,0,0.0,0,4,3,4,3,2,4,4,4,5,2,3,2,1,Neutral or Dissatisfied
85861,Male,50,Returning,Business,Business,2136,1,0.0,4,4,5,4,4,5,4,5,3,2,5,4,5,5,Satisfied
99088,Male,40,Returning,Business,Business,2039,0,0.0,1,1,5,5,1,4,5,4,5,5,4,1,4,4,Satisfied
122122,Male,51,Returning,Business,Economy Plus,130,0,0.0,5,5,4,1,5,3,1,4,1,1,3,1,1,3,Neutral or Dissatisfied
16541,Male,22,First-time,Business,Economy,1134,185,190.0,4,4,1,1,5,4,1,4,1,4,4,4,2,2,Satisfied
64092,Male,30,Returning,Personal,Economy,921,0,0.0,2,3,4,3,3,2,1,4,1,1,3,3,1,2,Neutral or Dissatisfied
55080,Male,27,Returning,Business,Economy,1635,13,43.0,2,2,1,3,2,3,3,3,3,3,3,3,3,3,Neutral or Dissatisfied
9072,Female,28,First-time,Business,Economy,160,52,44.0,2,4,1,4,4,2,1,4,1,1,4,4,1,3,Neutral or Dissatisfied
90614,Male,20,First-time,Business,Economy,404,0,0.0,5,3,4,3,5,5,5,2,5,5,4,3,5,5,Neutral or Dissatisfied
113178,Female,23,Returning,Personal,Economy,889,17,4.0,2,2,2,2,4,2,4,5,5,5,4,2,5,4,Neutral or Dissatisfied
99473,Female,23,Returning,Business,Business,3118,5,3.0,3,3,4,4,3,1,4,3,4,4,4,4,4,4,Neutral or Dissatisfied
125226,Female,24,First-time,Business,Economy,651,0,0.0,0,4,5,4,1,4,2,2,2,2,5,4,2,4,Satisfied
109886,Female,23,Returning,Business,Economy,1053,16,14.0,1,1,3,4,1,3,1,1,4,4,3,4,4,3,Neutral or Dissatisfied
38710,Female,28,Returning,Business,Economy,2583,8,0.0,2,2,4,5,2,1,5,5,5,5,5,5,5,4,Satisfied
127160,Female,27,Returning,Personal,Economy,651,124,114.0,2,2,2,2,3,1,1,5,1,1,3,2,1,4,Neutral or Dissatisfied
107713,Female,55,Returning,Business,Business,2690,8,2.0,1,1,3,5,1,5,5,5,3,4,5,1,5,5,Satisfied
93539,Male,50,Returning,Business,Economy Plus,1315,2,0.0,4,4,4,3,4,2,3,4,3,3,4,3,3,3,Neutral or Dissatisfied
65202,Male,54,Returning,Business,Business,224,16,14.0,5,3,4,5,5,4,5,4,3,3,4,5,4,4,Satisfied
79330,Female,26,First-time,Business,Business,1020,0,0.0,3,3,3,3,3,3,5,2,5,5,4,3,5,4,Neutral or Dissatisfied
53142,Male,21,Returning,Personal,Economy,413,0,0.0,5,5,3,5,4,5,3,2,3,3,5,5,3,5,Satisfied
57826,Female,35,Returning,Personal,Economy,622,5,49.0,3,3,4,3,3,3,2,2,2,2,3,3,2,4,Neutral or Dissatisfied
97309,Female,45,First-time,Business,Business,1020,10,14.0,5,5,5,5,1,4,1,5,1,1,5,5,1,5,Satisfied
30232,Female,46,Returning,Business,Business,826,6,40.0,3,4,1,4,3,5,1,5,2,1,5,3,5,5,Satisfied
33906,Female,24,Returning,Personal,Economy,1504,0,0.0,4,3,2,3,4,2,5,4,5,5,4,3,5,4,Neutral or Dissatisfied
113544,Male,30,First-time,Business,Economy,258,5,0.0,0,2,3,2,4,2,4,5,4,4,4,2,4,3,Neutral or Dissatisfied
102107,Female,27,First-time,Business,Business,386,2,0.0,4,4,4,4,5,3,1,5,5,5,4,4,5,5,Neutral or Dissatisfied
2001,Female,51,Returning,Business,Business,295,0,0.0,2,2,3,4,2,4,4,4,3,2,4,2,4,4,Satisfied
95461,Male,58,Returning,Business,Business,3879,7,15.0,4,0,4,4,2,3,5,3,5,3,3,0,3,3,Satisfied
2380,Female,40,Returning,Business,Business,1924,8,0.0,5,5,5,5,5,5,5,5,4,5,5,5,5,5,Satisfied
41157,Male,46,Returning,Personal,Economy,667,5,1.0,1,2,1,2,3,4,4,5,1,1,3,2,1,4,Neutral or Dissatisfied
65494,Male,24,Returning,Personal,Economy,1303,10,0.0,3,3,1,3,4,1,4,4,4,4,3,3,4,3,Neutral or Dissatisfied
7997,Female,35,Returning,Business,Business,530,0,1.0,5,2,3,4,2,3,3,4,1,1,3,3,3,3,Neutral or Dissatisfied
59892,Female,60,Returning,Business,Business,2148,0,0.0,1,1,3,5,1,4,4,4,5,5,4,1,4,4,Satisfied
26158,Male,33,Returning,Business,Business,581,1,0.0,2,2,1,4,2,3,4,2,4,4,5,2,4,4,Satisfied
94192,Male,43,Returning,Business,Business,3830,0,0.0,5,5,3,5,5,4,5,4,5,3,4,5,4,4,Satisfied
127977,Male,28,First-time,Business,Business,1149,68,55.0,3,3,5,3,3,3,5,5,5,5,4,4,5,5,Satisfied
108613,Female,45,Returning,Personal,Economy,696,108,116.0,3,3,1,4,4,1,3,3,4,2,1,3,1,1,Neutral or Dissatisfied
56977,Male,39,Returning,Personal,Economy,2454,0,0.0,5,3,4,4,3,2,4,2,4,3,4,3,5,4,Neutral or Dissatisfied
74010,Female,45,Returning,Business,Business,1471,0,0.0,3,3,2,3,3,1,3,1,3,4,1,1,1,1,Neutral or Dissatisfied
23705,Male,27,Returning,Personal,Economy,196,0,0.0,5,0,3,0,4,5,5,4,5,5,4,4,5,4,Neutral or Dissatisfied
92397,Male,34,Returning,Business,Business,1947,0,6.0,3,3,4,4,3,5,4,5,5,4,5,3,5,5,Satisfied
57872,Female,21,First-time,Business,Economy,305,239,219.0,0,4,5,5,1,4,5,5,5,4,4,4,3,5,Neutral or Dissatisfied
40545,Male,45,Returning,Business,Economy,391,1,14.0,2,2,5,4,2,3,4,2,4,4,1,4,4,2,Satisfied
98590,Female,28,First-time,Business,Business,861,87,65.0,3,3,4,3,3,3,1,5,1,1,4,3,1,4,Neutral or Dissatisfied
82122,Male,47,Returning,Business,Economy Plus,1276,1,0.0,5,5,4,2,5,1,1,4,1,1,3,2,1,3,Neutral or Dissatisfied
26895,Female,23,Returning,Business,Economy Plus,689,0,0.0,5,5,4,3,5,3,3,4,3,3,4,3,3,3,Neutral or Dissatisfied
18945,Male,62,Returning,Personal,Economy,503,0,0.0,5,2,3,2,2,4,1,2,3,3,4,2,3,5,Neutral or Dissatisfied
88105,Female,31,Returning,Business,Business,3593,0,0.0,5,5,4,5,5,3,5,4,5,5,5,5,5,4,Satisfied
16809,Female,41,Returning,Business,Business,2713,0,0.0,4,4,4,5,4,5,3,5,1,3,5,4,5,5,Satisfied
12052,Male,39,Returning,Business,Economy,351,12,1.0,3,3,3,4,3,1,4,3,4,4,1,4,4,4,Satisfied
80996,Male,36,Returning,Business,Business,2614,9,3.0,4,4,1,4,4,1,4,1,2,5,1,1,1,1,Neutral or Dissatisfied
27581,Female,26,Returning,Personal,Economy,954,0,0.0,5,3,5,3,2,3,1,2,1,1,4,3,1,4,Neutral or Dissatisfied
44054,Female,36,Returning,Business,Economy Plus,287,0,0.0,5,5,3,5,5,4,5,3,5,5,3,5,5,4,Satisfied
65487,Female,59,Returning,Personal,Economy,1303,0,0.0,5,3,4,4,3,5,4,3,3,3,5,3,5,5,Neutral or Dissatisfied
70817,Male,29,Returning,Personal,Economy,624,0,0.0,5,1,4,1,4,4,3,4,2,2,5,1,2,5,Neutral or Dissatisfied
90518,Female,55,Returning,Business,Business,2159,0,1.0,5,3,4,5,5,5,5,5,5,3,5,5,5,5,Satisfied
10382,Female,54,Returning,Business,Business,667,142,151.0,2,1,3,3,2,4,3,4,3,4,4,2,5,4,Satisfied
2778,Male,44,First-time,Business,Business,764,16,26.0,1,1,5,1,3,5,1,3,1,1,4,1,1,5,Neutral or Dissatisfied
76431,Male,45,Returning,Business,Economy,405,0,0.0,2,2,2,1,2,1,1,4,1,1,3,1,1,3,Neutral or Dissatisfied
106133,Female,55,Returning,Business,Business,3942,0,0.0,3,3,4,5,3,5,5,5,3,2,5,3,5,5,Satisfied
116789,Male,30,Returning,Personal,Economy Plus,325,1,0.0,5,4,2,4,5,3,3,2,3,3,4,4,3,5,Neutral or Dissatisfied
17669,Female,44,Returning,Business,Economy,282,0,0.0,3,2,4,4,3,5,1,5,2,1,5,5,5,5,Satisfied
43342,Male,24,Returning,Business,Business,387,18,23.0,3,3,1,3,3,3,3,5,3,3,4,3,3,3,Neutral or Dissatisfied
67630,Male,42,Returning,Business,Business,1431,2,0.0,3,3,3,4,3,2,4,2,4,3,2,3,2,2,Satisfied
37555,Male,40,Returning,Business,Business,3059,65,42.0,2,2,3,5,2,4,1,4,3,1,4,2,4,4,Satisfied
90973,Male,66,Returning,Business,Business,3416,0,0.0,4,4,3,3,4,2,3,2,2,3,2,2,2,2,Neutral or Dissatisfied
42271,Female,72,Returning,Business,Business,550,41,49.0,1,4,4,2,4,2,1,2,5,3,2,4,2,2,Satisfied
47221,Female,23,Returning,Personal,Economy,748,10,0.0,4,3,2,3,4,3,4,2,4,4,3,3,4,4,Neutral or Dissatisfied
95238,Female,7,Returning,Personal,Economy,458,30,37.0,3,2,4,2,2,1,2,2,2,2,5,2,2,2,Neutral or Dissatisfied
48839,Male,15,Returning,Personal,Business,89,0,0.0,5,3,4,3,3,4,4,4,4,4,5,3,4,5,Neutral or Dissatisfied
16289,Female,50,Returning,Personal,Economy,748,0,0.0,5,3,4,4,1,3,5,3,4,5,3,4,3,4,Neutral or Dissatisfied
41455,Male,47,Returning,Business,Business,3282,0,0.0,4,4,2,3,4,4,3,4,1,3,4,4,4,4,Neutral or Dissatisfied
94018,Female,53,Returning,Business,Business,2031,0,0.0,1,1,4,4,1,4,4,4,5,5,4,1,4,4,Satisfied
62937,Female,41,Returning,Business,Business,2796,1,0.0,2,2,3,5,2,5,4,5,5,3,5,2,5,5,Satisfied
14868,Female,32,Returning,Business,Business,315,0,0.0,4,4,1,4,4,1,4,5,4,4,2,4,4,3,Satisfied
122427,Male,53,Returning,Business,Business,1916,7,24.0,1,2,2,1,1,4,3,4,3,5,4,4,4,4,Neutral or Dissatisfied
104363,Male,15,Returning,Personal,Business,228,13,0.0,5,2,5,2,3,3,4,2,4,4,5,2,4,5,Neutral or Dissatisfied
10613,Male,52,Returning,Business,Business,2580,98,103.0,2,2,2,3,2,3,2,3,1,3,3,3,3,3,Neutral or Dissatisfied
29363,Male,50,Returning,Business,Business,2409,67,82.0,2,2,4,4,2,4,4,5,4,4,1,2,1,5,Satisfied
8740,Male,41,Returning,Business,Business,280,0,0.0,0,0,4,4,2,4,5,5,3,3,4,0,4,5,Satisfied
69502,Male,11,Returning,Personal,Economy Plus,1096,0,0.0,1,4,1,4,4,2,5,3,5,5,3,3,5,4,Neutral or Dissatisfied
85575,Female,30,Returning,Business,Business,2927,2,8.0,3,3,4,2,3,4,2,5,2,2,2,2,2,1,Neutral or Dissatisfied
48620,Female,70,Returning,Personal,Economy Plus,737,0,0.0,4,5,5,4,5,1,5,5,5,5,1,5,1,1,Satisfied
35802,Male,45,Returning,Business,Business,937,2,5.0,4,4,3,4,4,5,4,5,4,5,5,4,5,5,Satisfied
70096,Female,43,Returning,Business,Business,1677,0,4.0,4,4,4,4,4,5,4,4,5,5,5,4,5,5,Satisfied
42055,Female,38,Returning,Personal,Economy,116,0,0.0,1,0,3,0,4,2,1,3,1,1,3,3,1,3,Neutral or Dissatisfied
61193,Female,53,Returning,Business,Business,967,1,1.0,1,4,4,4,1,5,5,5,5,3,5,1,5,5,Satisfied
72958,Female,42,First-time,Business,Business,1096,0,0.0,5,5,4,5,2,4,4,3,4,4,4,5,4,4,Satisfied
122992,Female,35,Returning,Business,Economy,507,54,46.0,3,5,4,2,3,2,2,4,2,2,3,2,2,4,Neutral or Dissatisfied
88913,Female,59,Returning,Personal,Economy,859,17,16.0,4,1,3,4,2,4,4,1,4,2,4,1,4,4,Neutral or Dissatisfied
55376,Female,8,First-time,Business,Economy,678,27,20.0,3,3,2,3,3,2,4,1,5,5,3,3,5,3,Neutral or Dissatisfied
112331,Female,13,Returning,Personal,Business,967,17,0.0,4,1,4,1,4,3,5,4,5,5,4,1,5,5,Neutral or Dissatisfied
33451,Male,53,Returning,Personal,Economy,2556,0,0.0,1,3,4,3,4,4,2,1,2,2,4,3,2,4,Neutral or Dissatisfied
113794,Female,60,Returning,Business,Business,386,0,0.0,1,1,5,4,1,4,4,4,3,5,4,1,4,4,Satisfied
14048,Female,61,Returning,Personal,Economy Plus,106,0,0.0,4,0,4,5,4,1,5,0,5,4,1,2,1,1,Neutral or Dissatisfied
44981,Male,42,First-time,Business,Business,359,0,0.0,3,3,1,3,5,3,2,5,2,2,3,3,2,5,Neutral or Dissatisfied
84162,Male,16,Returning,Personal,Economy,503,0,0.0,5,3,4,3,5,3,2,5,2,2,5,3,2,5,Neutral or Dissatisfied
31291,Female,24,First-time,Business,Economy,533,3,1.0,4,3,4,3,3,3,2,1,2,2,3,3,2,4,Neutral or Dissatisfied
71040,Female,49,Returning,Business,Business,2322,19,13.0,0,0,1,3,3,3,3,0,4,2,3,1,3,3,Neutral or Dissatisfied
10329,Female,49,Returning,Business,Business,1727,23,13.0,1,4,4,5,1,4,4,4,3,5,4,1,4,4,Satisfied
63237,Male,40,Returning,Business,Business,372,0,0.0,1,1,1,4,1,4,4,4,3,3,4,4,4,4,Neutral or Dissatisfied
77208,Female,54,Returning,Personal,Economy,2994,0,4.0,4,3,3,3,3,3,3,4,3,3,4,3,1,3,Neutral or Dissatisfied
62682,Male,38,Returning,Personal,Economy Plus,1846,25,27.0,0,3,4,3,2,5,2,3,2,2,5,3,2,3,Neutral or Dissatisfied
101945,Male,43,Returning,Business,Business,1751,0,0.0,5,2,4,4,2,2,4,2,4,2,2,2,2,2,Satisfied
89917,Female,30,Returning,Business,Business,1501,0,0.0,5,5,1,1,5,1,1,1,1,1,2,1,1,1,Neutral or Dissatisfied
41592,Male,26,Returning,Personal,Economy,1242,0,2.0,5,1,3,1,4,4,2,2,2,2,5,1,2,4,Neutral or Dissatisfied
62826,Female,39,Returning,Personal,Economy,2486,22,31.0,4,2,1,1,3,3,1,3,1,2,2,2,3,3,Neutral or Dissatisfied
7547,Female,50,Returning,Business,Business,1725,0,48.0,1,3,3,4,1,4,4,4,5,3,4,1,4,4,Satisfied
91684,Female,52,Returning,Business,Business,2759,5,6.0,2,2,1,2,2,1,3,1,3,5,1,1,1,1,Neutral or Dissatisfied
30540,Female,58,Returning,Personal,Economy Plus,701,0,0.0,5,2,5,5,3,4,5,2,4,2,4,2,4,4,Neutral or Dissatisfied
95826,Male,46,Returning,Personal,Economy,1428,0,0.0,4,3,4,3,3,3,5,3,5,5,4,3,5,3,Neutral or Dissatisfied
34562,Male,33,Returning,Business,Business,1598,9,5.0,3,3,2,2,3,1,2,3,2,2,5,3,2,3,Satisfied
107848,Female,56,Returning,Personal,Economy Plus,349,5,0.0,4,2,3,3,3,4,1,2,4,3,4,2,4,4,Neutral or Dissatisfied
128612,Male,32,Returning,Business,Business,679,0,0.0,3,3,5,5,3,3,5,4,5,5,4,3,5,5,Satisfied
128320,Female,45,Returning,Business,Business,3743,0,0.0,1,1,3,5,1,5,5,5,4,3,5,1,5,5,Satisfied
98678,Male,46,Returning,Personal,Economy,992,2,0.0,4,1,5,1,4,5,5,2,5,5,5,1,5,4,Neutral or Dissatisfied
86747,Female,30,Returning,Business,Business,821,0,0.0,4,4,4,5,4,4,5,2,5,5,5,4,5,4,Satisfied
94931,Female,41,Returning,Business,Business,1934,41,25.0,5,1,1,3,5,4,3,4,4,5,4,5,4,5,Satisfied
17562,Male,44,Returning,Business,Economy,1034,0,0.0,5,5,1,5,5,4,5,5,5,5,2,5,5,1,Satisfied
41210,Male,52,Returning,Business,Economy,1091,0,0.0,5,5,3,5,5,5,5,3,5,5,1,5,5,2,Satisfied
86000,Male,48,Returning,Business,Business,2182,0,3.0,4,2,4,3,4,2,4,2,2,3,2,2,2,2,Neutral or Dissatisfied
10345,Male,47,Returning,Business,Business,1631,0,0.0,2,2,3,4,2,5,5,5,3,3,5,2,5,5,Satisfied
126399,Male,31,Returning,Business,Economy Plus,507,0,15.0,5,5,1,3,5,4,3,2,3,3,4,3,3,4,Neutral or Dissatisfied
94374,Female,59,First-time,Business,Business,239,0,0.0,4,4,4,3,3,3,2,4,2,2,4,3,2,4,Neutral or Dissatisfied
54340,Female,34,Returning,Personal,Economy,1597,0,0.0,4,4,3,4,1,5,5,4,5,5,4,3,5,5,Neutral or Dissatisfied
93283,Male,25,Returning,Personal,Economy,867,0,0.0,3,5,1,5,1,1,3,5,5,5,5,5,5,3,Satisfied
19070,Male,24,First-time,Business,Economy,569,0,0.0,2,2,2,2,4,4,3,1,3,3,4,2,3,3,Neutral or Dissatisfied
40094,Male,44,Returning,Business,Business,368,0,2.0,1,1,2,4,1,4,3,4,1,3,4,1,4,4,Satisfied
6999,Female,22,First-time,Business,Economy,196,0,0.0,0,3,5,3,5,5,2,5,2,2,4,2,2,4,Neutral or Dissatisfied
84861,Male,35,Returning,Business,Business,2863,0,0.0,2,5,5,4,5,5,1,4,3,4,5,5,5,5,Satisfied
30118,Male,69,Returning,Personal,Economy,95,0,0.0,5,5,4,5,5,3,2,3,2,2,4,5,2,1,Satisfied
32137,Male,55,Returning,Business,Economy,163,0,0.0,5,5,3,5,5,2,5,5,5,5,4,5,5,5,Satisfied
100289,Male,33,Returning,Business,Business,1011,9,0.0,1,1,4,5,1,4,5,2,5,5,4,1,5,5,Satisfied
77449,Female,44,Returning,Business,Business,1634,0,0.0,1,1,4,4,1,3,4,3,3,2,3,1,3,3,Satisfied
90814,Female,9,First-time,Business,Economy,545,0,3.0,2,2,4,2,3,4,1,3,1,1,4,2,1,4,Neutral or Dissatisfied
108256,Female,23,Returning,Business,Economy,895,1,11.0,1,1,1,4,1,4,3,3,4,4,3,4,4,3,Neutral or Dissatisfied
48304,Male,12,Returning,Business,Economy,1499,0,0.0,1,1,4,2,1,4,2,5,2,2,3,2,2,4,Neutral or Dissatisfied
122561,Male,35,Returning,Personal,Economy,500,0,0.0,5,4,5,4,3,3,4,4,4,4,5,4,4,4,Satisfied
31435,Female,29,Returning,Personal,Economy,1607,0,0.0,1,3,4,3,3,3,5,5,5,5,3,3,5,3,Neutral or Dissatisfied
35334,Male,28,Returning,Business,Business,1074,15,6.0,5,5,2,4,5,1,5,3,5,5,3,5,5,3,Neutral or Dissatisfied
2065,Male,24,Returning,Business,Economy,812,30,33.0,4,4,3,1,4,1,4,5,1,1,4,1,1,4,Neutral or Dissatisfied
46880,Male,59,Returning,Business,Business,948,47,55.0,5,5,1,3,5,5,1,5,5,5,5,5,5,5,Satisfied
86599,Male,30,Returning,Business,Business,3493,0,0.0,5,5,3,4,5,4,4,3,4,4,5,5,4,4,Satisfied
22814,Female,47,Returning,Business,Business,2466,0,0.0,3,3,5,3,3,4,1,4,5,2,4,3,4,3,Satisfied
38118,Female,38,Returning,Business,Business,1249,0,0.0,4,5,2,3,5,3,4,3,2,4,3,3,3,3,Neutral or Dissatisfied
23607,Female,25,Returning,Personal,Economy,589,88,88.0,4,3,5,3,3,4,1,3,2,2,5,3,2,5,Neutral or Dissatisfied
12822,Female,28,Returning,Business,Business,3179,0,0.0,3,3,5,5,3,3,5,4,5,5,5,3,5,5,Satisfied
120124,Male,51,Returning,Business,Business,1576,5,37.0,4,4,3,5,4,4,5,4,4,3,4,4,4,4,Satisfied
56343,Female,59,First-time,Business,Economy,200,11,0.0,1,2,1,2,4,1,4,2,4,4,4,2,4,3,Neutral or Dissatisfied
41251,Male,31,Returning,Business,Business,2691,0,0.0,2,2,5,4,2,5,4,3,4,4,5,2,4,5,Satisfied
92321,Male,47,Returning,Business,Business,2399,0,0.0,2,2,5,5,2,3,5,4,4,5,3,2,3,3,Satisfied
120480,Male,40,Returning,Personal,Economy,449,1,0.0,3,2,2,2,3,5,5,5,5,5,2,2,5,2,Neutral or Dissatisfied
16548,Male,46,First-time,Business,Business,1092,24,17.0,3,3,5,3,3,4,5,5,5,5,5,3,5,5,Neutral or Dissatisfied
104719,Female,35,First-time,Business,Business,1407,22,0.0,3,3,3,3,1,3,3,3,3,3,5,3,3,4,Neutral or Dissatisfied
109794,Male,42,Returning,Business,Business,1915,9,2.0,5,1,4,4,5,4,5,4,3,2,4,5,4,4,Satisfied
104975,Male,48,Returning,Business,Economy,337,0,40.0,1,3,1,4,1,4,5,3,5,5,3,4,5,2,Neutral or Dissatisfied
109677,Male,50,Returning,Personal,Economy,802,0,0.0,1,3,3,3,4,1,1,3,1,1,3,3,1,4,Neutral or Dissatisfied
72076,Male,60,Returning,Business,Economy,2615,0,0.0,1,1,2,4,1,1,4,2,4,4,3,4,4,4,Neutral or Dissatisfied
90504,Male,30,Returning,Business,Business,2667,11,0.0,1,1,5,4,1,5,4,5,4,4,5,1,4,5,Satisfied
105406,Female,29,Returning,Personal,Economy,369,0,0.0,1,5,4,5,3,2,5,4,5,5,3,2,5,3,Neutral or Dissatisfied
4336,Female,26,First-time,Business,Business,607,4,6.0,4,2,3,2,2,5,5,3,5,5,5,2,5,5,Neutral or Dissatisfied
62864,Male,53,Returning,Business,Business,2218,0,0.0,2,2,2,2,2,3,4,3,2,5,3,3,3,3,Neutral or Dissatisfied
14013,Female,45,Returning,Business,Economy,182,0,0.0,5,5,2,1,5,4,5,4,3,5,4,4,4,4,Satisfied
107490,Male,54,Returning,Business,Economy,711,0,0.0,3,3,1,3,3,2,3,1,3,3,1,3,3,1,Neutral or Dissatisfied
98407,Male,12,Returning,Personal,Economy,675,0,0.0,5,1,5,1,3,5,4,5,4,4,4,1,4,5,Neutral or Dissatisfied
88558,Female,67,Returning,Personal,Economy,404,0,0.0,5,1,3,5,3,1,5,1,3,5,1,1,1,1,Neutral or Dissatisfied
73140,Female,29,Returning,Personal,Economy,1068,40,44.0,5,4,4,4,1,3,5,2,5,5,4,4,5,4,Neutral or Dissatisfied
122423,Female,24,First-time,Business,Economy,1916,16,18.0,4,4,2,4,3,3,3,5,4,4,3,4,4,3,Neutral or Dissatisfied
48443,Female,24,Returning,Business,Economy,964,82,65.0,5,5,2,4,5,5,3,3,5,5,5,5,5,4,Satisfied
106501,Male,59,Returning,Personal,Economy,495,12,12.0,4,4,4,4,2,4,3,4,3,3,4,4,3,5,Neutral or Dissatisfied
113757,Male,43,Returning,Personal,Economy,236,2,0.0,4,1,4,1,2,4,4,4,2,2,4,1,2,5,Neutral or Dissatisfied
26680,Male,36,Returning,Personal,Economy,270,0,0.0,4,2,4,2,3,5,2,3,2,2,4,2,2,4,Neutral or Dissatisfied
36860,Female,78,Returning,Business,Economy,273,233,233.0,3,3,2,2,3,4,2,2,2,2,2,2,1,2,Neutral or Dissatisfied
65393,Female,60,Returning,Personal,Economy,631,0,0.0,4,4,5,4,1,1,2,4,2,2,1,4,1,1,Neutral or Dissatisfied
103289,Female,56,Returning,Business,Business,1608,0,0.0,3,3,3,4,3,4,4,4,4,3,4,3,4,4,Satisfied
108465,Female,12,Returning,Personal,Economy,1444,47,40.0,4,3,5,3,2,4,2,3,2,2,5,4,2,4,Neutral or Dissatisfied
43490,Male,49,Returning,Business,Business,3000,0,0.0,0,0,4,4,3,2,1,2,2,2,2,0,2,2,Satisfied
16164,Male,35,Returning,Business,Business,199,0,0.0,5,5,3,1,5,4,4,4,4,1,4,5,4,4,Satisfied
18189,Male,35,Returning,Business,Economy,228,8,0.0,2,3,4,3,2,4,3,5,3,3,5,3,3,5,Satisfied
108621,Male,57,Returning,Personal,Economy,813,44,34.0,0,1,2,1,3,1,1,1,1,1,5,1,1,5,Neutral or Dissatisfied
69543,Female,44,Returning,Business,Economy,2475,0,0.0,1,1,1,1,1,1,1,3,1,2,1,2,1,4,Neutral or Dissatisfied
89134,Male,64,Returning,Business,Business,1947,27,17.0,5,5,1,2,5,1,3,1,2,1,1,1,1,1,Neutral or Dissatisfied
81241,Female,24,First-time,Business,Economy,930,1,7.0,3,3,5,3,3,5,3,2,3,3,5,3,3,4,Neutral or Dissatisfied
94686,Female,60,Returning,Business,Business,3939,33,26.0,2,2,5,5,2,5,4,5,3,5,5,2,5,4,Satisfied
46699,Male,32,Returning,Personal,Economy,125,8,107.0,2,2,4,2,2,4,3,5,3,3,1,2,3,2,Neutral or Dissatisfied
67209,Male,56,Returning,Personal,Economy,918,0,0.0,1,3,3,3,3,1,5,2,5,5,4,3,5,4,Neutral or Dissatisfied
9746,Male,44,Returning,Business,Economy,508,77,71.0,5,5,3,3,5,2,2,3,2,2,4,3,2,3,Neutral or Dissatisfied
26470,Male,35,Returning,Personal,Economy,925,2,0.0,4,3,3,3,2,3,3,4,3,3,4,3,3,4,Neutral or Dissatisfied
39040,Male,35,Returning,Personal,Economy,260,0,0.0,3,2,2,2,2,5,4,5,4,4,1,2,4,2,Neutral or Dissatisfied
125903,Female,29,Returning,Personal,Economy,993,11,5.0,5,2,3,2,4,3,4,2,4,4,4,2,4,5,Neutral or Dissatisfied
7334,Male,35,Returning,Business,Business,606,34,28.0,4,4,4,5,4,4,4,4,4,2,4,4,4,4,Satisfied
13892,Female,26,Returning,Business,Economy Plus,667,5,0.0,1,1,3,5,1,4,3,2,5,5,4,5,5,4,Satisfied
345,Male,9,Returning,Personal,Economy,853,23,17.0,1,1,3,1,2,4,4,5,2,2,2,1,2,3,Neutral or Dissatisfied
34041,Female,49,Returning,Business,Business,1608,0,0.0,3,4,2,4,3,4,5,3,5,4,4,3,4,4,Satisfied
108355,Male,34,Returning,Business,Business,1728,305,301.0,3,3,3,3,3,4,3,4,3,3,4,3,3,3,Neutral or Dissatisfied
47356,Male,20,First-time,Business,Economy,599,0,0.0,2,1,2,1,4,1,4,1,4,4,4,1,4,3,Neutral or Dissatisfied
14696,Male,67,Returning,Business,Business,317,0,0.0,1,1,5,5,1,5,5,5,5,2,5,1,5,5,Satisfied
21110,Male,40,Returning,Personal,Economy,227,0,0.0,5,2,3,2,5,3,1,4,1,1,5,2,1,5,Neutral or Dissatisfied
44409,Male,45,Returning,Personal,Economy,323,0,0.0,4,2,3,2,5,4,1,5,1,1,3,2,1,1,Neutral or Dissatisfied
123777,Female,35,Returning,Business,Business,541,7,0.0,5,5,3,4,5,4,5,4,5,2,4,5,4,4,Satisfied
66180,Female,41,Returning,Business,Business,1796,0,0.0,4,4,3,5,4,5,4,5,3,5,5,4,5,5,Satisfied
83079,Male,52,Returning,Business,Business,583,0,6.0,3,3,4,2,3,5,3,5,5,5,5,3,5,5,Satisfied
46575,Male,69,Returning,Business,Business,73,565,586.0,2,2,2,2,2,3,2,4,2,1,3,2,2,3,Neutral or Dissatisfied
95939,Female,44,Returning,Personal,Economy Plus,1411,6,0.0,4,2,4,4,2,3,2,2,5,3,3,2,3,3,Neutral or Dissatisfied
99663,Female,66,Returning,Personal,Economy,920,0,0.0,5,4,5,5,1,2,5,4,4,5,2,4,2,2,Neutral or Dissatisfied
62946,Male,46,First-time,Business,Business,967,0,0.0,5,5,4,5,1,5,5,2,3,3,4,5,3,4,Satisfied
70210,Female,54,Returning,Personal,Economy,258,7,0.0,4,0,1,2,3,5,2,0,2,5,5,2,5,5,Neutral or Dissatisfied
108589,Male,37,First-time,Business,Business,696,0,4.0,1,1,3,1,3,5,1,3,1,1,4,1,1,5,Neutral or Dissatisfied
94006,Female,58,Returning,Business,Business,3407,0,0.0,4,1,4,5,1,4,5,4,4,4,4,0,4,4,Satisfied
56049,Male,30,Returning,Business,Economy,2475,0,3.0,2,2,4,4,2,2,4,4,4,4,1,4,1,4,Neutral or Dissatisfied
34855,Male,49,Returning,Personal,Economy,1826,3,0.0,5,3,3,3,3,4,1,2,1,1,5,3,1,3,Neutral or Dissatisfied
8385,Male,44,Returning,Personal,Economy,701,0,0.0,4,3,4,3,3,4,4,3,4,4,5,3,4,5,Neutral or Dissatisfied
31963,Male,52,Returning,Business,Business,3681,0,0.0,1,1,4,4,1,4,5,4,5,5,4,1,4,4,Satisfied
95527,Female,32,Returning,Personal,Economy Plus,189,1,0.0,5,0,3,0,3,4,4,4,1,1,5,0,1,5,Satisfied
105545,Female,18,Returning,Personal,Economy,611,0,0.0,1,3,4,3,3,4,4,1,4,4,2,2,4,2,Neutral or Dissatisfied
51666,Female,41,Returning,Business,Business,3970,0,6.0,3,3,3,2,3,1,2,2,4,5,1,1,1,1,Neutral or Dissatisfied
26000,Male,23,Returning,Personal,Economy Plus,577,7,0.0,5,3,3,3,3,3,4,4,4,4,4,3,4,5,Neutral or Dissatisfied
106683,Male,31,Returning,Personal,Economy,451,82,78.0,3,1,3,1,3,1,2,5,2,2,3,1,2,4,Neutral or Dissatisfied
122986,Female,53,Returning,Business,Business,600,18,37.0,5,5,4,5,5,5,4,5,4,5,5,5,5,5,Satisfied
72464,Male,50,Returning,Business,Business,2034,0,0.0,4,4,4,5,4,4,4,4,3,2,4,4,4,4,Satisfied
9163,Male,26,Returning,Personal,Economy,946,4,13.0,2,4,4,4,3,3,1,3,1,1,3,4,1,4,Neutral or Dissatisfied
89470,Female,20,Returning,Business,Economy Plus,151,0,17.0,3,3,2,1,3,2,4,1,1,1,4,1,1,4,Neutral or Dissatisfied
880,Male,43,Returning,Business,Business,2505,0,0.0,4,4,4,4,4,4,4,4,4,5,4,4,4,4,Satisfied
105061,Male,18,Returning,Personal,Economy Plus,255,7,6.0,4,2,4,2,1,3,2,4,2,2,5,2,2,4,Neutral or Dissatisfied
84281,Female,7,Returning,Personal,Economy,334,0,8.0,5,3,3,3,2,5,5,2,5,5,5,3,5,4,Neutral or Dissatisfied
42320,Male,24,Returning,Personal,Economy,329,0,0.0,4,2,2,2,3,4,2,5,2,2,3,2,2,4,Neutral or Dissatisfied
60620,Female,39,First-time,Business,Business,1201,0,19.0,3,3,1,3,2,3,2,1,2,2,2,3,2,3,Neutral or Dissatisfied
19613,Male,65,Returning,Business,Business,3785,0,0.0,2,3,5,3,2,5,4,5,2,2,5,2,5,5,Satisfied
117180,Male,69,Returning,Personal,Economy,646,0,0.0,3,4,3,4,2,1,5,3,5,5,2,4,5,2,Neutral or Dissatisfied
53284,Male,36,Returning,Business,Business,758,55,67.0,1,1,5,3,1,5,3,5,3,3,5,1,5,5,Satisfied
94467,Female,49,First-time,Business,Business,187,4,5.0,3,3,3,3,3,4,2,4,2,2,4,3,2,4,Neutral or Dissatisfied
108752,Male,41,Returning,Business,Business,581,0,0.0,2,2,4,5,2,5,4,5,3,3,5,2,5,5,Satisfied
31688,Female,54,Returning,Business,Economy,967,27,35.0,1,1,2,2,1,2,3,2,3,5,2,2,2,2,Neutral or Dissatisfied
51858,Male,34,Returning,Personal,Economy,438,9,0.0,4,2,3,2,1,3,2,3,4,4,5,2,4,5,Neutral or Dissatisfied
110800,Female,19,Returning,Personal,Economy,1166,62,69.0,4,2,3,2,2,4,3,5,3,3,5,2,3,5,Neutral or Dissatisfied
127440,Female,49,Returning,Business,Business,3860,0,9.0,5,5,3,4,5,4,5,4,4,5,4,5,4,4,Satisfied
26852,Male,65,Returning,Personal,Economy,224,0,0.0,2,4,1,4,3,4,5,2,5,5,3,4,5,4,Neutral or Dissatisfied
50267,Female,35,First-time,Business,Economy,86,0,0.0,0,0,2,0,2,3,3,2,3,3,4,1,3,4,Neutral or Dissatisfied
86464,Female,22,First-time,Business,Economy,762,2,0.0,2,2,1,2,1,3,1,4,1,1,2,2,1,4,Neutral or Dissatisfied
57985,Male,44,Returning,Personal,Economy,589,0,0.0,5,2,4,2,3,5,5,2,5,5,4,2,5,4,Neutral or Dissatisfied
118777,Male,59,Returning,Personal,Economy,304,0,0.0,4,3,3,3,1,3,2,2,2,2,4,3,2,5,Neutral or Dissatisfied
125135,Male,58,Returning,Personal,Economy,361,0,3.0,4,1,5,1,4,3,2,3,2,2,4,1,2,5,Neutral or Dissatisfied
87634,Female,45,Returning,Business,Business,1760,0,0.0,4,2,5,4,4,5,4,5,5,5,5,4,5,5,Satisfied
127485,Male,46,Returning,Business,Business,1536,0,0.0,3,3,4,1,3,5,1,5,2,4,5,3,5,5,Satisfied
120913,Female,60,Returning,Business,Business,993,0,0.0,5,5,5,5,5,4,4,4,3,5,4,5,4,4,Satisfied
41080,Female,63,Returning,Business,Economy,224,5,6.0,2,2,4,1,2,3,2,3,4,1,3,3,3,3,Satisfied
76061,Female,50,Returning,Business,Business,2005,0,0.0,3,3,4,3,3,3,3,3,1,5,3,3,3,3,Neutral or Dissatisfied
62657,Male,31,Returning,Personal,Economy,1723,0,0.0,5,3,4,3,1,4,5,2,1,1,4,3,1,4,Neutral or Dissatisfied
122462,Female,32,Returning,Business,Business,3054,1,1.0,5,3,3,4,5,3,3,3,3,3,4,5,3,4,Satisfied
68903,Female,58,Returning,Personal,Economy,936,53,42.0,5,1,2,5,2,5,4,1,5,1,5,1,5,2,Neutral or Dissatisfied
67411,Male,60,Returning,Business,Economy,592,0,7.0,4,1,2,2,1,2,3,2,3,3,3,2,3,3,Neutral or Dissatisfied
118165,Female,49,Returning,Business,Business,1444,14,5.0,1,1,4,5,1,4,5,4,3,2,4,1,4,4,Satisfied
26912,Male,32,Returning,Business,Business,1660,0,0.0,4,4,4,4,4,4,4,2,4,4,4,4,4,4,Satisfied
31983,Male,19,First-time,Business,Economy,163,0,0.0,0,3,4,3,5,3,3,5,5,5,5,3,5,4,Neutral or Dissatisfied
106097,Male,44,Returning,Business,Business,302,0,0.0,5,5,5,5,5,5,4,5,4,3,5,5,5,5,Satisfied
58202,Male,10,Returning,Business,Business,925,10,3.0,1,4,4,3,1,4,2,5,2,2,4,2,2,4,Neutral or Dissatisfied
6269,Female,46,Returning,Business,Business,585,0,3.0,4,4,4,4,4,5,5,5,4,2,5,4,5,5,Satisfied
90998,Male,20,Returning,Personal,Economy,271,0,0.0,0,3,5,3,2,4,5,2,2,2,5,3,2,5,Neutral or Dissatisfied
112638,Female,31,Returning,Personal,Economy Plus,639,0,7.0,1,4,3,4,4,2,1,2,1,1,3,4,1,3,Neutral or Dissatisfied
75788,Female,47,Returning,Personal,Economy,813,7,0.0,1,1,2,2,3,1,3,1,3,5,1,2,1,1,Neutral or Dissatisfied
95426,Male,50,Returning,Business,Business,248,13,20.0,0,0,4,4,4,5,5,5,3,4,5,0,5,5,Satisfied
5047,Male,25,First-time,Business,Business,235,1,6.0,2,3,1,3,3,1,1,5,1,1,4,3,1,3,Neutral or Dissatisfied
57348,Female,22,Returning,Business,Economy,414,0,0.0,4,4,4,1,4,2,2,5,1,1,3,1,1,3,Neutral or Dissatisfied
29493,Female,28,First-time,Business,Economy,1107,0,0.0,2,2,3,2,4,2,3,1,3,3,3,3,3,2,Neutral or Dissatisfied
88374,Female,25,First-time,Business,Economy,515,6,0.0,2,1,4,1,2,2,1,5,1,1,2,1,1,2,Neutral or Dissatisfied
66464,Male,52,Returning,Business,Business,1217,0,0.0,4,4,5,5,4,3,5,4,3,2,3,4,3,3,Satisfied
103727,Female,62,Returning,Personal,Economy,251,0,0.0,5,4,3,5,2,5,5,4,3,4,5,4,5,5,Satisfied
13446,Male,37,Returning,Personal,Economy,475,0,0.0,2,1,4,1,4,2,2,3,4,4,3,1,4,4,Neutral or Dissatisfied
84089,Female,11,Returning,Personal,Economy,773,0,0.0,4,5,1,5,3,4,2,2,2,2,2,5,2,1,Satisfied
85782,Female,51,Returning,Business,Business,1780,0,0.0,2,2,3,4,2,2,4,2,3,2,2,2,2,2,Satisfied
107476,Male,40,Returning,Business,Business,1546,1,0.0,1,2,4,5,1,5,5,5,4,3,5,1,5,5,Satisfied
18987,Male,37,Returning,Business,Business,451,64,63.0,5,5,2,4,5,2,3,2,1,3,2,2,2,2,Neutral or Dissatisfied
27414,Male,25,Returning,Business,Business,1508,0,0.0,5,5,4,5,5,1,4,5,4,4,1,5,4,3,Satisfied
32673,Female,37,Returning,Business,Economy,101,0,0.0,1,1,1,3,1,3,3,2,3,3,4,3,3,3,Neutral or Dissatisfied
21908,Female,36,First-time,Business,Economy,448,0,11.0,3,2,3,2,1,2,3,2,3,3,2,2,3,1,Neutral or Dissatisfied
128928,Male,57,Returning,Business,Business,1989,2,0.0,3,3,5,4,3,5,4,5,4,3,5,3,5,5,Satisfied
105684,Female,51,Returning,Business,Business,842,132,143.0,1,2,4,4,1,4,4,5,4,4,5,1,5,5,Satisfied
109003,Male,53,Returning,Business,Business,2238,0,0.0,3,3,5,4,3,4,4,4,5,4,4,3,4,4,Satisfied
54945,Male,11,Returning,Personal,Business,1303,0,0.0,4,3,4,3,2,3,5,2,2,2,5,3,2,5,Neutral or Dissatisfied
68216,Female,56,Returning,Business,Business,1735,11,10.0,4,4,5,5,4,4,5,4,4,4,4,4,4,4,Satisfied
13270,Female,59,Returning,Personal,Economy,657,0,0.0,0,4,4,5,3,3,4,4,5,3,3,4,3,3,Neutral or Dissatisfied
108995,Female,58,Returning,Business,Business,1942,46,51.0,3,3,5,5,3,5,4,5,3,3,5,3,5,5,Satisfied
281,Male,51,Returning,Personal,Economy,825,0,0.0,4,3,4,3,1,3,5,3,5,5,5,3,5,5,Neutral or Dissatisfied
55082,Female,38,Returning,Business,Business,1609,0,0.0,3,3,1,2,3,3,3,4,2,5,3,3,3,3,Neutral or Dissatisfied
104190,Female,15,Returning,Personal,Economy Plus,349,60,75.0,5,2,4,2,3,3,2,5,2,2,4,2,2,5,Neutral or Dissatisfied
60176,Female,26,Returning,Personal,Economy,1120,0,0.0,5,2,5,2,1,3,1,2,1,1,5,2,1,4,Neutral or Dissatisfied
75534,Female,39,Returning,Personal,Business,337,0,0.0,4,5,4,4,3,2,4,5,3,3,2,5,2,2,Satisfied
10419,Male,39,Returning,Business,Business,201,21,41.0,4,4,4,4,4,4,5,4,5,2,4,4,4,5,Satisfied
47713,Female,48,Returning,Personal,Economy Plus,1428,0,0.0,5,1,5,5,2,2,5,1,4,4,2,1,2,4,Neutral or Dissatisfied
79935,Female,9,First-time,Business,Economy,1047,0,0.0,2,2,1,2,3,1,2,5,2,2,4,1,2,3,Neutral or Dissatisfied
5078,Male,39,Returning,Business,Economy,235,50,65.0,3,3,1,2,3,1,2,3,2,2,2,2,2,2,Neutral or Dissatisfied
39499,Male,24,Returning,Business,Business,3482,0,0.0,5,5,4,4,5,3,4,2,4,4,4,5,4,5,Satisfied
45842,Female,32,Returning,Personal,Economy,391,0,0.0,5,3,4,3,5,3,3,4,3,3,4,3,3,4,Neutral or Dissatisfied
99298,Male,60,Returning,Business,Business,3852,0,0.0,5,5,1,4,5,4,3,3,2,5,4,4,4,4,Neutral or Dissatisfied
74743,Male,46,Returning,Personal,Economy,1171,0,0.0,4,4,4,4,4,3,4,5,4,4,4,3,4,3,Neutral or Dissatisfied
64735,Female,56,Returning,Business,Business,2378,0,0.0,3,3,3,4,3,4,5,4,5,3,4,3,4,4,Satisfied
87120,Male,58,Returning,Personal,Economy,640,0,0.0,4,3,5,3,4,4,5,2,5,5,4,3,5,4,Neutral or Dissatisfied
26212,Female,38,Returning,Business,Business,181,0,0.0,1,1,4,1,1,4,1,4,4,5,4,1,4,5,Satisfied
111232,Male,10,Returning,Personal,Economy,1546,19,28.0,5,2,4,2,2,3,1,5,1,1,4,2,1,3,Neutral or Dissatisfied
129288,Female,21,First-time,Business,Economy,550,0,6.0,4,4,1,4,4,1,3,3,3,3,3,4,3,3,Neutral or Dissatisfied
94131,Female,25,First-time,Business,Business,528,0,0.0,5,3,3,3,4,3,3,5,3,3,5,3,3,4,Neutral or Dissatisfied
81798,Male,41,First-time,Business,Economy,1310,47,35.0,2,2,3,2,2,1,2,4,2,2,2,2,2,3,Neutral or Dissatisfied
92880,Male,54,Returning,Business,Business,151,0,1.0,5,5,3,4,5,4,4,5,5,2,4,5,4,5,Satisfied
11035,Male,37,Returning,Business,Business,2477,7,31.0,2,2,2,4,2,3,3,3,3,5,3,3,3,3,Neutral or Dissatisfied
100408,Female,49,Returning,Business,Business,2905,4,24.0,5,5,3,4,5,2,4,2,5,5,2,5,2,2,Satisfied
57046,Male,48,Returning,Business,Business,2133,0,0.0,3,3,4,3,3,5,5,5,4,4,5,3,5,5,Satisfied
45270,Female,41,Returning,Personal,Business,222,0,0.0,4,1,1,4,3,4,4,1,3,1,4,1,4,5,Neutral or Dissatisfied
81288,Female,43,Returning,Personal,Economy,1020,0,0.0,0,3,2,4,3,2,3,3,4,4,2,4,2,3,Neutral or Dissatisfied
10962,Female,47,Returning,Business,Business,308,2,0.0,0,0,4,4,3,4,4,4,5,5,4,0,4,4,Satisfied
107930,Female,42,Returning,Business,Economy,611,83,71.0,4,4,3,3,4,4,4,4,4,3,4,4,4,4,Neutral or Dissatisfied
21254,Female,30,Returning,Personal,Economy Plus,192,21,13.0,4,0,1,0,4,2,2,3,4,4,2,2,4,1,Neutral or Dissatisfied
76546,Female,52,Returning,Business,Business,481,3,0.0,1,1,3,4,1,5,4,5,3,4,5,1,5,5,Satisfied
13169,Female,62,Returning,Personal,Economy Plus,562,16,17.0,1,2,4,3,4,3,3,2,2,2,3,2,3,3,Neutral or Dissatisfied
63380,Female,29,Returning,Personal,Economy,337,3,0.0,3,1,1,1,3,3,3,3,3,3,5,3,3,2,Neutral or Dissatisfied
22156,Male,29,Returning,Business,Business,3185,0,0.0,3,3,3,2,3,5,3,3,3,3,3,3,3,2,Satisfied
55101,Male,23,First-time,Business,Economy,979,6,9.0,2,2,4,2,3,4,4,3,4,4,3,2,4,4,Neutral or Dissatisfied
20139,Male,21,Returning,Personal,Economy Plus,416,5,2.0,4,4,5,4,3,3,4,5,1,1,2,4,1,5,Neutral or Dissatisfied
27163,Male,23,Returning,Business,Business,3341,0,0.0,5,3,5,5,3,1,5,1,5,5,5,3,1,2,Satisfied
4223,Male,28,Returning,Business,Business,888,69,97.0,2,3,3,4,2,3,4,2,4,4,5,2,4,4,Satisfied
91450,Female,42,Returning,Business,Business,859,0,0.0,4,4,5,4,4,2,4,2,4,2,2,4,2,2,Satisfied
22879,Male,67,Returning,Personal,Economy,134,38,26.0,2,2,3,2,3,1,5,5,5,5,3,2,5,4,Neutral or Dissatisfied
76931,Female,29,First-time,Business,Economy,1217,12,3.0,3,3,1,3,4,4,2,2,2,2,3,3,2,3,Neutral or Dissatisfied
62275,Female,24,First-time,Business,Economy,236,0,0.0,5,3,5,3,2,4,3,5,3,3,5,2,3,5,Neutral or Dissatisfied
75654,Female,67,Returning,Business,Business,304,0,0.0,1,1,5,4,1,5,4,5,3,5,5,1,5,5,Satisfied
38177,Male,17,Returning,Personal,Economy,1237,22,8.0,4,1,4,1,3,5,1,2,1,1,5,1,1,4,Neutral or Dissatisfied
117855,Male,39,Returning,Business,Business,255,1,0.0,4,4,4,4,4,4,5,4,4,4,4,4,4,4,Satisfied
77396,Male,45,Returning,Personal,Economy,626,0,0.0,5,1,3,1,1,3,2,5,2,2,4,1,2,5,Neutral or Dissatisfied
102954,Male,52,Returning,Personal,Economy,719,0,0.0,5,2,4,2,5,3,2,3,1,1,5,2,1,5,Neutral or Dissatisfied
61766,Male,40,Returning,Personal,Economy,1346,0,0.0,5,2,4,2,4,5,4,5,1,1,4,2,1,4,Neutral or Dissatisfied
77840,Female,53,Returning,Business,Business,2379,0,9.0,4,4,4,5,4,4,4,4,4,5,4,4,4,4,Satisfied
39392,Female,36,Returning,Business,Business,521,0,0.0,3,3,1,5,3,3,5,5,1,5,3,3,3,3,Satisfied
49575,Male,48,Returning,Business,Business,3702,0,0.0,1,4,2,3,1,5,4,5,5,2,5,1,5,4,Satisfied
84722,Female,30,Returning,Business,Business,534,1,0.0,5,5,4,4,5,5,4,3,4,4,4,5,4,4,Satisfied
120037,Female,39,Returning,Personal,Business,168,0,0.0,5,2,5,5,3,4,4,2,5,3,4,2,4,4,Neutral or Dissatisfied
34016,Female,63,Returning,Personal,Economy,1598,10,19.0,4,5,5,4,3,5,5,5,5,3,5,5,5,4,Satisfied
122042,Male,60,Returning,Business,Business,2226,0,0.0,5,0,4,5,2,4,5,4,5,5,4,0,4,4,Satisfied
120432,Female,25,First-time,Business,Business,366,0,0.0,5,1,3,1,1,4,3,3,3,3,5,1,3,4,Neutral or Dissatisfied
27767,Male,46,First-time,Business,Economy,1485,0,6.0,3,3,5,3,5,1,5,2,5,5,3,3,5,1,Neutral or Dissatisfied
37736,Female,37,Returning,Personal,Economy,972,0,0.0,1,1,4,1,2,1,2,4,2,2,3,1,2,2,Neutral or Dissatisfied
53758,Female,21,First-time,Business,Business,1195,0,0.0,0,0,5,0,4,3,1,5,1,1,1,0,1,2,Satisfied
80487,Male,30,Returning,Personal,Economy Plus,1299,0,0.0,5,3,4,3,5,4,5,3,5,5,5,3,5,4,Neutral or Dissatisfied
87816,Female,54,Returning,Business,Business,214,0,0.0,4,4,5,5,4,5,5,5,4,5,5,4,5,4,Satisfied
21086,Female,48,Returning,Business,Business,106,19,13.0,3,3,4,2,3,4,2,4,4,1,4,1,4,1,Neutral or Dissatisfied
32953,Female,58,Returning,Personal,Economy,101,0,0.0,3,3,5,1,1,4,3,3,1,1,4,3,4,4,Neutral or Dissatisfied
78860,Female,10,Returning,Personal,Economy Plus,447,0,0.0,4,4,4,4,4,3,5,5,5,5,5,4,5,5,Neutral or Dissatisfied
5911,Female,39,Returning,Personal,Economy,212,4,0.0,1,4,2,4,1,1,2,2,3,3,2,4,3,2,Neutral or Dissatisfied
70250,Male,23,First-time,Business,Business,1592,17,0.0,4,5,5,5,4,5,5,3,5,5,5,5,5,4,Satisfied
20576,Female,39,Returning,Personal,Economy,633,7,0.0,4,1,5,1,3,4,1,4,1,1,5,1,1,4,Neutral or Dissatisfied
40636,Male,46,Returning,Business,Economy Plus,391,0,0.0,0,0,2,1,3,3,4,2,4,4,3,1,4,3,Neutral or Dissatisfied
113065,Male,56,Returning,Business,Business,543,80,71.0,3,5,1,4,3,3,3,3,2,4,3,3,3,3,Neutral or Dissatisfied
45118,Female,69,Returning,Personal,Economy,157,4,8.0,5,1,5,5,2,3,5,1,4,3,3,1,3,3,Neutral or Dissatisfied
23442,Female,51,Returning,Business,Business,627,50,73.0,4,4,1,2,4,4,3,4,2,2,4,4,4,4,Satisfied
99757,Female,27,Returning,Personal,Economy,255,84,78.0,4,2,1,2,4,3,5,2,5,5,2,2,5,5,Neutral or Dissatisfied
62230,Female,54,Returning,Personal,Economy,2434,0,0.0,5,2,3,5,4,1,5,2,5,5,1,2,1,1,Neutral or Dissatisfied
110744,Male,44,Returning,Business,Business,1166,19,4.0,2,2,5,4,2,5,4,5,5,3,5,2,5,5,Satisfied
116740,Female,70,Returning,Personal,Economy Plus,404,47,40.0,3,1,2,4,4,2,4,1,2,3,2,1,2,2,Neutral or Dissatisfied
65292,Female,18,Returning,Personal,Economy Plus,190,1,0.0,2,1,3,1,3,1,2,2,2,2,2,1,2,3,Neutral or Dissatisfied
51325,Female,28,Returning,Business,Economy Plus,109,0,0.0,3,3,1,5,3,2,5,2,5,5,3,5,5,1,Satisfied
109151,Female,25,First-time,Business,Business,391,0,0.0,4,5,5,5,5,4,3,4,3,3,4,5,3,5,Satisfied
112704,Female,16,Returning,Business,Business,2843,17,26.0,3,2,4,3,3,3,3,5,3,3,4,3,3,3,Neutral or Dissatisfied
8883,Male,73,First-time,Business,Business,222,0,0.0,2,2,2,2,4,3,1,3,1,1,4,2,1,4,Neutral or Dissatisfied
97070,Female,29,First-time,Business,Business,1211,41,38.0,2,2,3,2,2,5,2,2,4,4,4,1,4,4,Neutral or Dissatisfied
93686,Male,32,Returning,Business,Business,1452,29,6.0,2,2,5,4,2,4,4,2,4,4,5,2,4,5,Satisfied
21631,Male,14,Returning,Personal,Economy,780,31,24.0,2,5,2,5,4,1,3,1,3,3,3,5,3,4,Satisfied
50971,Female,9,Returning,Personal,Economy,308,0,1.0,5,4,5,4,1,5,4,5,4,4,4,2,4,4,Neutral or Dissatisfied
77114,Male,72,First-time,Business,Business,1081,0,0.0,2,2,2,2,1,1,3,2,4,4,2,2,4,1,Neutral or Dissatisfied
46047,Female,61,Returning,Business,Business,1657,5,45.0,2,2,4,5,2,5,5,5,1,1,5,2,5,5,Satisfied
110429,Male,41,Returning,Business,Economy,442,73,59.0,5,5,1,1,5,2,1,3,1,1,4,1,1,4,Neutral or Dissatisfied
40264,Female,36,First-time,Business,Economy,347,0,0.0,4,4,4,4,4,4,3,4,3,3,4,4,3,3,Neutral or Dissatisfied
121666,Male,51,Returning,Business,Business,511,3,0.0,3,3,5,5,3,4,4,4,3,5,4,3,4,4,Satisfied
9257,Male,12,Returning,Personal,Economy,157,0,0.0,5,0,5,0,3,5,1,3,1,1,5,0,1,4,Satisfied
28126,Female,45,Returning,Business,Business,550,67,49.0,2,2,3,3,2,3,3,3,3,5,3,3,3,3,Neutral or Dissatisfied
88361,Female,27,First-time,Business,Business,581,0,0.0,5,5,4,5,4,3,1,4,2,2,4,5,2,5,Satisfied
63241,Female,56,Returning,Business,Business,337,2,0.0,2,2,5,5,2,5,4,5,5,2,5,2,5,5,Satisfied
89552,Male,58,Returning,Business,Business,1750,24,8.0,2,2,5,5,2,4,4,4,5,3,4,2,4,4,Satisfied
42124,Male,31,Returning,Personal,Economy,991,0,9.0,5,4,5,4,1,3,1,4,1,1,4,3,1,4,Neutral or Dissatisfied
118044,Male,59,Returning,Business,Business,2104,4,0.0,4,4,3,4,4,4,5,4,5,3,4,4,4,4,Satisfied
39804,Female,56,Returning,Business,Business,3428,0,0.0,2,2,3,4,2,4,3,5,4,1,4,2,4,4,Satisfied
13929,Male,26,First-time,Business,Economy,192,0,9.0,2,2,3,2,2,4,5,3,5,5,1,2,5,2,Neutral or Dissatisfied
58235,Female,20,Returning,Personal,Economy,925,0,0.0,2,1,1,1,4,4,4,4,3,3,3,1,3,4,Neutral or Dissatisfied
57279,Male,57,Returning,Personal,Economy,628,0,0.0,5,2,3,2,3,4,1,4,1,1,4,2,1,5,Neutral or Dissatisfied
30419,Female,60,Returning,Business,Business,1014,0,11.0,3,3,3,5,3,4,4,4,3,3,4,3,4,4,Satisfied
93055,Female,43,Returning,Business,Business,297,10,0.0,1,2,3,5,1,5,5,5,3,5,5,1,5,5,Satisfied
97483,Female,54,Returning,Business,Economy,670,0,0.0,5,5,1,4,5,2,3,2,1,1,2,2,2,2,Neutral or Dissatisfied
6300,Male,55,Returning,Business,Business,296,0,34.0,0,0,5,5,2,1,5,1,4,4,1,0,1,1,Satisfied
124718,Male,25,Returning,Personal,Economy,399,22,16.0,2,1,4,1,2,3,2,5,3,3,2,1,3,2,Neutral or Dissatisfied
13705,Male,64,Returning,Personal,Economy,483,0,12.0,3,2,4,2,4,2,3,1,4,4,4,2,4,3,Neutral or Dissatisfied
120942,Female,58,Returning,Business,Business,3011,0,0.0,5,5,3,4,5,5,4,5,3,3,5,5,5,5,Satisfied
52289,Female,40,First-time,Business,Business,370,0,0.0,4,4,4,4,3,4,4,5,4,4,4,4,4,3,Neutral or Dissatisfied
4540,Female,38,Returning,Business,Business,719,0,7.0,5,5,4,4,5,4,5,3,5,3,4,5,4,4,Satisfied
77723,Male,39,Returning,Business,Business,813,4,0.0,2,2,1,3,2,2,3,2,2,3,2,2,2,2,Neutral or Dissatisfied
86977,Male,64,Returning,Business,Business,907,5,0.0,1,1,2,3,1,1,3,1,4,1,1,1,1,1,Neutral or Dissatisfied
31358,Female,34,Returning,Business,Business,589,0,11.0,5,5,5,1,5,5,5,5,5,1,5,5,5,5,Satisfied
47700,Female,8,Returning,Personal,Economy,1334,0,0.0,5,2,3,2,2,3,5,3,5,5,5,2,5,4,Neutral or Dissatisfied
43024,Male,52,Returning,Business,Business,192,0,0.0,4,4,3,3,4,4,1,4,1,5,4,4,4,4,Satisfied
52227,Male,26,First-time,Business,Economy,751,0,0.0,2,2,1,2,4,3,1,2,5,5,2,2,5,5,Neutral or Dissatisfied
29494,Male,60,Returning,Business,Business,2771,0,0.0,4,4,3,4,4,1,4,2,2,2,1,1,1,1,Neutral or Dissatisfied
22136,Female,44,Returning,Business,Business,1859,8,3.0,0,0,1,4,3,1,2,1,5,4,1,0,1,1,Satisfied
128590,Male,27,Returning,Business,Business,2552,0,13.0,5,5,1,3,5,3,3,4,3,3,3,3,3,3,Neutral or Dissatisfied
79967,Male,49,Returning,Business,Economy,544,0,0.0,1,1,5,3,1,1,3,5,3,3,5,3,3,4,Satisfied
10696,Male,25,Returning,Business,Economy,308,0,0.0,2,2,3,2,2,3,4,4,2,2,3,2,2,4,Neutral or Dissatisfied
21207,Female,21,First-time,Business,Economy,192,0,0.0,3,3,1,3,4,4,1,2,1,1,3,3,1,3,Neutral or Dissatisfied
82962,Female,45,Returning,Business,Business,3592,0,0.0,2,2,3,5,2,5,4,5,4,5,5,2,5,5,Satisfied
36718,Female,24,Returning,Business,Economy Plus,1249,23,20.0,2,2,1,3,2,2,1,4,3,3,3,3,3,3,Neutral or Dissatisfied
123813,Male,42,Returning,Business,Business,2832,0,0.0,1,2,4,5,1,4,5,4,3,4,4,1,4,4,Satisfied
95604,Male,36,Returning,Business,Business,670,27,17.0,4,4,4,4,4,3,5,4,4,4,3,4,3,3,Satisfied
107113,Female,29,Returning,Business,Business,2184,6,5.0,4,4,4,4,4,3,3,4,3,3,4,4,3,4,Satisfied
64700,Male,44,Returning,Business,Business,1510,21,20.0,1,4,3,5,1,4,4,4,4,3,4,1,4,4,Satisfied
12209,Female,49,Returning,Business,Business,1502,0,0.0,2,4,5,5,2,5,5,5,3,5,5,2,5,4,Satisfied
26853,Female,27,Returning,Personal,Economy,224,0,0.0,4,3,4,3,4,4,1,5,1,1,5,3,1,5,Neutral or Dissatisfied
94013,Male,57,Returning,Business,Business,1859,16,15.0,1,1,5,5,1,4,5,4,5,2,4,1,4,4,Satisfied
32531,Female,37,Returning,Business,Economy,102,0,0.0,5,5,4,5,5,5,4,1,4,4,3,4,4,2,Satisfied
36175,Male,20,Returning,Personal,Economy,1674,5,0.0,3,3,1,3,3,2,4,2,4,4,4,3,4,4,Neutral or Dissatisfied
46540,Male,56,First-time,Business,Economy,125,27,36.0,0,2,2,2,2,4,5,4,5,5,4,2,5,3,Neutral or Dissatisfied
107778,Female,9,Returning,Personal,Economy Plus,405,0,0.0,4,3,4,3,4,5,2,5,2,2,4,3,2,4,Neutral or Dissatisfied
48873,Male,23,Returning,Business,Business,2794,0,0.0,5,5,4,3,5,4,4,5,4,4,4,4,4,4,Neutral or Dissatisfied
52119,Male,33,Returning,Business,Economy Plus,639,0,0.0,1,3,4,5,1,3,5,1,5,5,4,5,5,1,Satisfied
1103,Female,22,Returning,Personal,Economy,354,0,0.0,5,3,5,3,3,3,1,3,3,3,4,3,3,4,Neutral or Dissatisfied
47139,Female,18,Returning,Business,Business,3711,0,0.0,2,2,3,4,2,3,4,4,4,4,2,2,4,4,Satisfied
40088,Female,53,Returning,Business,Business,1579,2,0.0,2,2,4,5,2,4,5,4,3,2,4,2,4,5,Satisfied
30158,Male,22,Returning,Personal,Economy,234,0,0.0,5,0,3,0,1,3,4,4,4,4,5,2,4,5,Neutral or Dissatisfied
28063,Male,23,Returning,Business,Business,2562,0,0.0,3,3,5,5,3,2,5,4,5,5,4,3,5,1,Satisfied
113144,Male,30,First-time,Business,Business,677,0,0.0,1,1,3,1,5,4,3,2,4,4,4,1,4,4,Neutral or Dissatisfied
14586,Female,25,First-time,Business,Economy,986,4,10.0,2,2,1,2,4,2,2,4,2,2,4,2,2,3,Neutral or Dissatisfied
29807,Male,35,Returning,Business,Business,3483,0,5.0,3,3,5,2,3,4,2,4,4,4,4,3,4,4,Satisfied
57700,Male,16,Returning,Personal,Economy,867,266,324.0,4,5,3,3,1,4,3,5,3,5,3,5,5,5,Satisfied
79153,Male,26,Returning,Personal,Economy Plus,226,6,2.0,4,3,4,3,5,4,5,5,5,5,4,3,5,5,Neutral or Dissatisfied
48225,Female,36,Returning,Personal,Economy,259,0,0.0,4,0,5,0,3,3,5,5,5,5,3,4,5,5,Satisfied
2239,Male,55,Returning,Business,Business,859,0,0.0,1,1,3,5,1,4,5,4,5,2,4,1,4,4,Satisfied
40607,Male,49,Returning,Personal,Economy,391,1,0.0,5,2,4,2,3,3,2,3,5,5,5,4,5,4,Neutral or Dissatisfied
60346,Female,49,Returning,Personal,Economy,1024,7,0.0,4,4,3,5,4,5,4,4,5,3,5,4,5,5,Neutral or Dissatisfied
124122,Male,59,Returning,Business,Business,529,0,0.0,3,3,5,5,3,5,5,5,3,4,5,3,5,5,Satisfied
48664,Female,39,Returning,Business,Business,3781,0,0.0,4,4,3,5,4,5,4,5,5,3,5,4,5,5,Satisfied
79106,Female,24,Returning,Personal,Economy,226,0,0.0,5,1,4,1,4,4,5,5,5,5,4,1,5,5,Neutral or Dissatisfied
28169,Female,30,First-time,Business,Economy,933,4,3.0,3,3,5,3,4,5,4,5,3,3,1,3,3,3,Neutral or Dissatisfied
67801,Female,48,Returning,Business,Economy,1188,0,5.0,3,3,4,4,3,2,3,2,2,2,2,2,2,2,Neutral or Dissatisfied
12366,Male,70,Returning,Business,Economy,201,0,0.0,1,5,3,2,1,3,2,4,2,2,3,2,2,3,Neutral or Dissatisfied
23648,Female,49,Returning,Business,Business,251,141,143.0,3,4,2,2,3,2,2,4,2,2,3,2,2,3,Neutral or Dissatisfied
39274,Female,26,Returning,Business,Business,212,6,8.0,5,5,2,1,5,2,1,4,1,1,3,1,1,3,Neutral or Dissatisfied
15138,Female,32,Returning,Business,Economy,1042,35,34.0,1,1,5,4,1,4,4,3,4,4,2,4,4,1,Satisfied
113016,Male,21,Returning,Personal,Economy Plus,1751,19,45.0,2,1,1,1,3,1,3,2,3,3,3,1,3,4,Neutral or Dissatisfied
79934,Female,31,Returning,Business,Business,3025,10,0.0,4,3,4,5,3,5,5,2,5,5,4,3,5,5,Satisfied
44186,Male,33,Returning,Business,Economy,157,30,49.0,5,5,2,5,5,2,5,3,5,5,2,5,5,3,Satisfied
53161,Female,62,Returning,Business,Business,2555,2,0.0,5,0,4,4,1,4,4,4,4,5,4,0,4,4,Satisfied
23061,Male,63,Returning,Business,Business,820,0,0.0,1,1,4,3,1,3,4,3,3,1,3,3,3,3,Neutral or Dissatisfied
21124,Female,61,Returning,Personal,Economy,106,50,51.0,4,3,1,1,4,5,1,3,1,2,5,3,5,5,Neutral or Dissatisfied
27361,Female,26,Returning,Business,Economy,1050,0,0.0,4,0,5,4,4,3,5,4,5,5,2,0,5,5,Satisfied
105572,Male,53,Returning,Business,Economy,577,26,11.0,1,1,3,2,1,1,2,2,2,2,3,2,2,3,Neutral or Dissatisfied
111449,Male,48,First-time,Business,Business,836,5,4.0,3,3,3,3,1,5,4,2,4,4,4,3,4,4,Neutral or Dissatisfied
42230,Female,30,Returning,Business,Business,834,44,77.0,1,5,3,2,1,2,2,3,2,2,4,2,2,3,Neutral or Dissatisfied
39980,Male,61,Returning,Personal,Economy,1404,0,0.0,1,3,3,3,4,3,4,2,4,4,3,3,4,4,Neutral or Dissatisfied
55002,Male,40,Returning,Business,Business,1379,4,0.0,3,3,3,5,3,3,4,3,5,2,3,3,3,3,Satisfied
97613,Female,22,First-time,Business,Business,764,11,0.0,0,5,3,5,3,3,5,5,5,5,4,5,5,5,Satisfied
83805,Female,54,Returning,Business,Business,2381,68,66.0,5,5,3,5,5,4,4,4,3,4,4,5,4,4,Satisfied
59219,Male,63,Returning,Personal,Economy,1440,0,0.0,4,3,4,3,1,3,2,2,2,2,4,3,2,5,Neutral or Dissatisfied
58982,Female,37,Returning,Business,Business,1744,0,22.0,1,1,4,3,1,5,5,4,4,5,5,1,5,5,Satisfied
16910,Female,14,Returning,Personal,Economy,746,116,126.0,4,1,4,1,5,4,2,5,2,2,5,1,2,5,Neutral or Dissatisfied
90004,Male,39,Returning,Business,Business,557,58,40.0,4,4,4,3,4,2,4,2,1,3,2,2,2,2,Neutral or Dissatisfied
303,Male,51,Returning,Business,Business,3183,13,11.0,2,2,5,5,2,5,5,5,5,3,5,2,5,5,Satisfied
93852,Female,12,Returning,Personal,Economy,391,46,38.0,4,1,5,1,1,3,4,3,4,4,4,1,4,4,Neutral or Dissatisfied
38625,Male,38,Returning,Personal,Business,2611,7,0.0,1,3,3,4,3,2,3,3,3,4,2,3,2,5,Neutral or Dissatisfied
127404,Male,45,First-time,Business,Economy,1009,0,0.0,3,3,3,3,2,3,4,2,4,4,2,3,4,2,Neutral or Dissatisfied
66772,Male,52,Returning,Business,Business,3528,0,0.0,4,2,5,5,4,4,5,4,4,4,4,4,4,4,Satisfied
19883,Male,43,Returning,Business,Economy,315,6,4.0,4,4,3,2,4,3,2,3,2,2,1,2,2,1,Satisfied
45472,Female,72,Returning,Business,Business,3779,0,0.0,2,2,2,2,2,3,3,3,4,1,3,3,3,3,Neutral or Dissatisfied
123785,Female,29,Returning,Business,Business,541,4,0.0,3,3,4,3,3,5,3,4,3,3,5,3,3,5,Satisfied
111824,Male,23,Returning,Business,Business,1605,36,20.0,1,1,3,5,1,3,5,2,5,5,4,1,5,4,Satisfied
32664,Male,41,Returning,Business,Economy,163,0,0.0,1,3,5,5,1,1,5,5,5,5,1,5,5,2,Satisfied
19692,Male,42,Returning,Business,Business,475,44,33.0,4,4,4,3,4,4,5,4,2,1,4,4,4,4,Satisfied
56311,Male,63,Returning,Personal,Business,200,35,34.0,4,4,5,5,2,5,2,4,3,5,5,4,5,1,Neutral or Dissatisfied
92082,Male,42,First-time,Business,Economy,1344,91,82.0,1,1,2,1,2,4,5,5,5,5,2,1,5,1,Neutral or Dissatisfied
61993,Female,49,Returning,Business,Business,2475,0,7.0,1,2,3,5,1,4,5,4,4,5,4,1,4,4,Satisfied
65401,Female,25,Returning,Personal,Economy,432,3,0.0,2,2,4,2,4,2,1,5,1,1,4,2,1,4,Neutral or Dissatisfied
2717,Female,38,Returning,Personal,Economy,562,0,0.0,3,5,4,5,3,1,4,1,4,4,3,5,4,3,Satisfied
114534,Male,19,Returning,Personal,Business,342,0,0.0,1,3,1,3,2,2,3,1,3,3,3,3,3,3,Neutral or Dissatisfied
129466,Female,25,First-time,Business,Business,2611,3,0.0,5,2,5,2,3,4,3,2,3,3,4,2,3,5,Neutral or Dissatisfied
48738,Male,53,Returning,Business,Business,3033,42,36.0,4,4,4,4,4,3,3,3,1,1,3,4,3,4,Neutral or Dissatisfied
115380,Female,51,Returning,Business,Business,2598,1,0.0,3,3,3,4,3,4,4,4,2,1,4,4,4,4,Neutral or Dissatisfied
58005,Female,55,Returning,Business,Business,1162,2,19.0,1,1,3,5,1,5,4,5,3,2,5,1,5,5,Satisfied
61864,Female,65,Returning,Personal,Economy Plus,1379,4,0.0,4,5,2,5,4,1,2,5,4,3,1,5,1,1,Satisfied
78758,Female,30,First-time,Business,Economy,432,6,4.0,3,2,4,2,3,3,2,2,2,2,3,2,2,4,Neutral or Dissatisfied
29407,Female,19,Returning,Personal,Economy,2541,1,5.0,4,2,5,5,1,2,5,4,5,2,5,2,2,3,Neutral or Dissatisfied
129237,Male,44,Returning,Business,Business,1464,0,0.0,3,3,3,2,3,2,2,1,2,4,2,2,2,2,Neutral or Dissatisfied
104338,Male,70,Returning,Personal,Economy,452,0,0.0,4,3,4,3,1,1,3,1,3,3,2,3,3,1,Neutral or Dissatisfied
104377,Male,35,Returning,Business,Business,228,1,40.0,2,2,4,2,2,1,2,1,3,3,1,1,1,1,Neutral or Dissatisfied
87898,Female,37,Returning,Business,Business,2957,0,0.0,3,3,5,5,3,3,4,4,5,2,3,3,3,3,Satisfied
49750,Female,39,Returning,Business,Business,326,0,0.0,4,4,1,2,4,4,4,5,5,1,4,4,4,4,Satisfied
129013,Female,24,Returning,Business,Business,2704,2,12.0,1,1,4,4,1,2,4,3,4,3,4,4,1,4,Neutral or Dissatisfied
26027,Female,67,Returning,Personal,Economy,321,0,0.0,5,4,2,5,3,2,2,4,4,5,2,4,2,2,Satisfied
34625,Female,24,Returning,Business,Business,2177,0,0.0,2,2,5,5,2,4,5,2,5,5,4,2,5,4,Satisfied
108040,Female,23,First-time,Business,Economy,306,2,0.0,2,2,3,2,3,1,4,5,4,4,4,2,4,4,Neutral or Dissatisfied
95942,Male,59,Returning,Business,Business,2478,0,0.0,5,5,5,5,5,3,4,4,4,2,3,5,3,3,Satisfied
87110,Female,50,Returning,Personal,Economy,594,67,50.0,2,3,1,3,3,2,3,3,3,5,2,3,2,1,Neutral or Dissatisfied
26907,Male,23,Returning,Business,Business,1660,1,5.0,2,2,2,5,2,1,5,3,5,5,4,2,5,3,Satisfied
59720,Male,60,Returning,Business,Economy Plus,861,225,207.0,4,4,3,3,4,1,3,3,3,3,2,3,3,4,Neutral or Dissatisfied
72263,Female,40,Returning,Business,Economy,919,0,0.0,1,1,4,3,1,2,2,2,2,2,3,2,2,3,Neutral or Dissatisfied
126693,Male,39,First-time,Business,Business,2521,0,45.0,4,4,3,4,1,4,1,4,1,1,4,4,1,4,Neutral or Dissatisfied
54028,Male,56,Returning,Business,Economy Plus,1091,1,0.0,4,1,2,4,4,2,4,4,4,4,5,4,4,1,Satisfied
53825,Female,53,Returning,Business,Business,191,4,0.0,4,4,4,5,4,5,4,5,5,1,5,4,5,5,Satisfied
78716,Female,43,Returning,Business,Business,447,9,0.0,4,4,4,4,4,5,5,5,3,4,5,4,5,5,Satisfied
117790,Female,56,Returning,Business,Business,1679,4,2.0,2,2,5,5,2,5,4,5,4,5,5,2,5,5,Satisfied
1231,Male,41,Returning,Personal,Economy,102,0,0.0,4,3,2,3,4,1,3,5,2,2,4,3,2,3,Neutral or Dissatisfied
63689,Female,39,Returning,Business,Business,1696,951,940.0,4,4,1,1,4,1,1,3,1,1,1,1,2,3,Neutral or Dissatisfied
14522,Male,52,Returning,Business,Economy,288,0,0.0,1,4,4,4,1,1,4,5,4,4,3,4,4,1,Satisfied
42539,Female,45,Returning,Business,Business,2334,18,0.0,5,3,5,3,3,3,4,4,4,3,3,3,3,3,Satisfied
116854,Female,34,First-time,Business,Business,304,0,0.0,3,3,3,3,2,3,1,4,4,4,5,3,4,4,Neutral or Dissatisfied
41729,Female,40,First-time,Business,Business,695,0,4.0,4,4,5,4,3,1,1,4,2,2,4,4,2,5,Neutral or Dissatisfied
22377,Male,22,First-time,Business,Economy,143,114,136.0,1,3,3,3,4,5,3,4,3,3,1,3,3,4,Neutral or Dissatisfied
104667,Male,19,First-time,Business,Economy,641,49,56.0,4,4,1,4,4,1,3,1,3,3,4,4,3,4,Neutral or Dissatisfied
74107,Female,27,First-time,Business,Economy,721,0,0.0,1,1,1,1,3,4,3,1,4,4,3,1,4,4,Neutral or Dissatisfied
61887,Male,36,Returning,Business,Business,1970,0,0.0,1,2,4,3,1,5,5,5,3,1,5,1,5,5,Satisfied
27126,Female,47,Returning,Business,Business,2640,0,0.0,5,5,1,5,5,4,1,4,2,4,4,5,4,4,Satisfied
10141,Male,58,Returning,Business,Business,1936,1,0.0,1,1,5,5,1,4,5,4,5,5,4,1,4,4,Satisfied
33499,Male,50,Returning,Business,Business,965,0,0.0,2,2,3,4,2,2,4,3,5,3,2,2,2,2,Satisfied
29962,Female,26,Returning,Business,Economy,571,0,0.0,3,3,3,5,3,5,5,1,5,5,2,5,5,3,Satisfied
106825,Female,19,First-time,Business,Economy,817,6,6.0,5,5,2,5,2,2,3,3,3,3,4,5,3,1,Satisfied
57487,Female,50,Returning,Business,Business,1589,5,0.0,2,2,3,4,2,3,4,3,5,5,3,2,3,3,Satisfied
99129,Female,35,Returning,Personal,Economy,453,139,138.0,4,2,5,5,5,2,5,4,5,2,4,2,5,5,Neutral or Dissatisfied
52033,Female,23,Returning,Personal,Economy,328,0,0.0,2,2,3,2,3,1,3,1,4,4,3,2,4,3,Neutral or Dissatisfied
4357,Male,39,Returning,Business,Business,2142,0,10.0,5,5,4,4,5,4,5,4,3,4,4,5,4,4,Satisfied
94621,Male,36,Returning,Business,Business,239,0,0.0,3,3,3,4,3,5,4,5,4,4,5,3,5,5,Satisfied
112818,Female,39,Returning,Business,Business,1390,9,0.0,2,2,3,5,2,3,4,4,4,5,3,2,3,3,Satisfied
20186,Female,47,First-time,Business,Economy Plus,403,73,63.0,3,3,5,3,5,4,1,2,3,3,1,3,3,4,Neutral or Dissatisfied
20639,Male,55,Returning,Personal,Economy,911,0,0.0,2,3,4,3,4,1,5,1,5,5,4,3,5,4,Neutral or Dissatisfied
107796,Female,34,Returning,Business,Business,3579,1,0.0,5,5,4,4,5,4,4,4,4,2,4,5,4,4,Satisfied
100321,Male,50,Returning,Business,Business,971,4,16.0,5,4,1,4,5,1,4,1,2,5,1,1,1,1,Neutral or Dissatisfied
117703,Male,12,First-time,Business,Economy,792,12,4.0,2,2,5,2,4,4,4,3,5,5,4,2,5,4,Neutral or Dissatisfied
21274,Male,22,Returning,Business,Economy,620,8,0.0,1,4,5,5,4,4,4,3,5,5,3,5,5,1,Satisfied
12194,Male,51,Returning,Business,Economy Plus,1075,5,0.0,4,1,4,2,4,1,2,2,2,2,3,2,2,4,Neutral or Dissatisfied
55726,Male,52,Returning,Business,Business,3509,0,0.0,3,3,2,4,3,3,3,3,2,5,3,3,3,3,Neutral or Dissatisfied
22539,Female,58,Returning,Personal,Economy Plus,208,0,0.0,3,4,4,4,2,4,2,4,4,2,4,4,4,4,Neutral or Dissatisfied
126850,Male,63,Returning,Business,Economy,577,7,0.0,3,2,1,3,2,3,3,2,3,3,2,3,3,4,Satisfied
46853,Female,35,Returning,Business,Economy,844,10,1.0,3,3,5,3,3,1,3,3,3,3,4,3,3,3,Satisfied
118761,Female,42,Returning,Personal,Economy,304,0,0.0,3,3,4,4,4,3,5,3,4,1,3,1,3,3,Neutral or Dissatisfied
67540,Male,60,Returning,Business,Business,1703,0,0.0,5,5,2,4,5,4,3,4,4,5,4,4,4,4,Neutral or Dissatisfied
52164,Female,58,First-time,Business,Economy,261,0,0.0,0,2,4,2,1,2,4,5,4,4,4,2,4,1,Neutral or Dissatisfied
45107,Female,51,Returning,Business,Economy,177,1,0.0,3,3,1,5,3,4,5,4,3,1,4,4,4,4,Satisfied
62263,Female,22,First-time,Business,Business,2565,0,0.0,2,2,4,2,4,2,5,5,5,5,3,2,5,3,Neutral or Dissatisfied
20715,Female,32,First-time,Business,Economy,707,0,0.0,1,1,3,1,2,4,3,3,3,3,3,1,3,2,Neutral or Dissatisfied
7861,Male,36,Returning,Business,Business,1693,0,16.0,2,3,4,5,2,4,5,4,5,2,4,2,4,4,Satisfied
106479,Female,56,Returning,Business,Business,1624,15,29.0,3,3,5,4,3,5,5,5,5,2,5,3,5,5,Satisfied
60426,Male,29,First-time,Business,Business,775,0,0.0,3,3,4,3,3,3,3,1,5,5,3,3,5,4,Neutral or Dissatisfied
128957,Male,52,Returning,Business,Business,414,2,0.0,5,5,5,5,5,5,5,4,3,3,5,5,5,5,Satisfied
16974,Male,33,Returning,Business,Economy,209,0,0.0,4,4,3,4,4,3,4,3,4,4,5,4,4,4,Satisfied
74368,Female,45,Returning,Business,Business,3188,0,0.0,1,1,4,4,1,4,5,4,4,5,4,1,4,4,Satisfied
32004,Female,19,Returning,Personal,Business,216,0,0.0,0,1,3,1,3,5,3,5,3,3,4,1,3,5,Neutral or Dissatisfied
108164,Female,44,Returning,Personal,Economy,1105,26,25.0,3,3,3,5,2,3,1,3,1,1,3,2,3,3,Neutral or Dissatisfied
55218,Female,52,Returning,Business,Business,1009,16,5.0,2,2,3,4,2,4,5,4,5,2,4,2,4,4,Satisfied
41338,Male,42,Returning,Personal,Economy,689,0,0.0,4,2,4,2,4,2,1,1,1,1,3,2,1,3,Neutral or Dissatisfied
12374,Female,33,Returning,Business,Economy,253,36,29.0,3,5,1,5,3,3,5,2,5,5,2,5,5,2,Satisfied
66030,Female,24,First-time,Business,Economy,1055,13,10.0,1,1,5,1,2,3,1,3,1,1,4,1,1,5,Neutral or Dissatisfied
69824,Male,60,Returning,Business,Business,3266,0,0.0,3,3,3,3,3,3,3,3,4,3,3,3,3,3,Neutral or Dissatisfied
105382,Male,37,Returning,Business,Business,1933,0,0.0,5,1,4,5,1,5,4,5,4,2,5,1,5,5,Satisfied
48411,Male,30,Returning,Business,Business,3306,0,33.0,1,1,3,4,1,5,4,4,4,4,4,1,4,4,Satisfied
14594,Female,41,Returning,Personal,Economy,986,7,4.0,4,2,5,2,2,3,4,5,4,4,5,2,4,5,Neutral or Dissatisfied
93242,Male,40,Returning,Business,Business,2330,11,7.0,3,3,4,5,3,4,4,4,3,5,4,3,4,4,Satisfied
93467,Male,30,First-time,Business,Business,723,6,1.0,4,4,4,4,3,3,1,4,1,1,5,4,1,5,Satisfied
81214,Male,43,Returning,Business,Business,1426,0,1.0,4,4,3,3,4,3,3,3,3,3,3,3,3,3,Neutral or Dissatisfied
129006,Male,43,Returning,Business,Business,2704,0,0.0,3,3,5,5,3,4,5,3,5,5,5,3,3,4,Satisfied
54636,Female,24,Returning,Business,Business,964,0,0.0,4,4,5,5,4,5,5,4,5,5,5,4,5,2,Satisfied
26675,Male,19,Returning,Personal,Economy,515,0,0.0,5,3,3,3,5,4,2,4,3,3,4,3,3,4,Neutral or Dissatisfied
11619,Female,70,Returning,Personal,Economy,771,1,0.0,1,0,1,3,3,5,3,0,2,3,5,1,5,5,Neutral or Dissatisfied
33157,Male,66,Returning,Personal,Economy,163,13,13.0,4,1,5,1,4,5,1,5,1,1,3,1,1,4,Neutral or Dissatisfied
93692,Female,36,Returning,Business,Economy,1452,0,0.0,3,2,2,2,2,1,2,1,2,2,4,2,2,4,Neutral or Dissatisfied
61940,Male,26,First-time,Business,Business,2052,0,0.0,3,3,4,3,3,3,3,4,2,2,5,3,2,4,Neutral or Dissatisfied
82731,Female,27,Returning,Personal,Business,409,0,0.0,3,3,1,3,3,5,5,3,5,5,4,3,5,5,Neutral or Dissatisfied
57848,Male,22,Returning,Business,Business,2329,0,0.0,2,5,5,4,2,5,4,3,4,4,4,2,4,3,Satisfied
86359,Male,45,Returning,Business,Business,762,31,27.0,4,4,4,4,4,5,4,5,3,4,5,4,5,5,Satisfied
57395,Female,43,Returning,Personal,Economy,472,0,0.0,5,4,5,1,3,2,2,4,1,5,2,4,2,4,Satisfied
61360,Female,44,Returning,Business,Business,2405,58,66.0,4,4,5,5,4,2,4,2,5,4,2,4,2,2,Satisfied
78458,Male,26,First-time,Business,Business,526,51,65.0,4,4,3,4,4,3,5,3,5,5,5,4,5,4,Satisfied
15749,Male,68,Returning,Business,Economy,461,0,0.0,4,4,2,5,4,2,5,2,5,5,2,5,5,4,Satisfied
11167,Female,19,Returning,Personal,Economy,429,42,33.0,3,3,1,3,1,4,4,2,4,4,4,3,4,4,Neutral or Dissatisfied
49963,Female,65,Returning,Business,Economy,109,2,6.0,2,2,3,3,2,1,3,1,3,2,1,1,1,1,Neutral or Dissatisfied
124559,Male,56,Returning,Business,Business,3118,5,0.0,2,2,3,5,2,4,5,4,4,4,4,2,4,4,Satisfied
671,Female,21,First-time,Business,Economy,134,0,0.0,0,1,5,1,1,4,4,5,4,4,4,1,4,5,Neutral or Dissatisfied
37375,Male,29,First-time,Business,Economy,944,107,94.0,2,2,3,2,5,4,1,3,1,1,4,2,1,2,Neutral or Dissatisfied
120189,Female,37,Returning,Business,Business,2033,0,0.0,2,2,5,4,2,4,4,4,3,5,4,2,4,4,Satisfied
59716,Male,56,Returning,Business,Business,964,0,0.0,5,5,5,4,5,4,4,4,4,4,4,5,4,4,Satisfied
95098,Male,39,Returning,Personal,Economy,239,0,0.0,4,3,3,3,3,3,4,3,4,4,4,3,4,4,Neutral or Dissatisfied
56665,Female,13,Returning,Personal,Economy,937,0,4.0,5,0,5,0,1,5,1,3,1,1,4,0,1,5,Satisfied
30574,Female,13,Returning,Business,Business,628,0,0.0,2,2,4,2,2,1,2,1,2,2,3,2,2,4,Neutral or Dissatisfied
19655,Female,43,Returning,Personal,Economy,763,358,346.0,5,2,5,5,4,4,5,4,5,2,3,2,5,5,Neutral or Dissatisfied
113316,Female,41,Returning,Business,Business,3277,87,84.0,5,3,3,4,3,3,4,3,5,5,3,3,3,3,Satisfied
23435,Female,38,First-time,Business,Economy,516,7,11.0,0,4,4,4,4,1,4,5,4,4,4,3,4,3,Neutral or Dissatisfied
9883,Male,37,First-time,Business,Business,508,0,0.0,2,2,3,2,5,3,4,3,4,4,4,2,4,5,Satisfied
5338,Female,56,Returning,Business,Business,2176,118,161.0,3,3,5,5,3,2,5,5,5,5,3,3,5,5,Satisfied
66153,Male,26,First-time,Business,Business,550,0,9.0,1,1,2,1,3,2,5,4,5,5,3,1,5,4,Neutral or Dissatisfied
126501,Female,68,Returning,Personal,Economy,1788,0,0.0,4,3,5,5,4,4,5,3,3,4,4,3,4,2,Neutral or Dissatisfied
123032,Female,46,Returning,Business,Business,631,6,0.0,5,5,4,5,5,5,4,5,4,2,5,5,5,5,Satisfied
48151,Male,33,Returning,Business,Business,1955,0,0.0,1,4,4,4,1,2,4,5,4,4,4,4,4,4,Neutral or Dissatisfied
85068,Male,22,First-time,Business,Economy,731,2,0.0,2,2,4,2,1,5,2,4,4,4,5,2,4,5,Neutral or Dissatisfied
56037,Male,19,Returning,Business,Business,2475,4,0.0,1,1,3,3,1,2,3,4,3,3,2,3,2,4,Neutral or Dissatisfied
52035,Female,27,First-time,Business,Economy Plus,328,0,0.0,5,5,1,5,2,3,3,4,3,3,4,5,3,3,Satisfied
5931,Male,65,Returning,Personal,Economy,173,33,37.0,3,3,5,3,2,4,5,5,5,5,5,3,5,4,Neutral or Dissatisfied
123201,Male,51,Returning,Personal,Economy,600,13,15.0,5,3,3,3,2,3,4,4,4,4,3,3,4,1,Neutral or Dissatisfied
53662,Female,11,Returning,Personal,Business,1208,0,0.0,2,2,1,2,3,3,4,2,4,4,2,2,4,1,Neutral or Dissatisfied
77626,Male,30,Returning,Business,Business,731,0,0.0,3,3,3,5,3,3,5,4,5,5,5,3,5,5,Satisfied
57876,Male,65,Returning,Personal,Business,305,18,7.0,5,4,2,1,2,3,5,4,5,5,3,4,3,1,Neutral or Dissatisfied
73646,Male,44,Returning,Business,Business,3957,0,0.0,5,0,4,4,4,4,4,4,4,2,4,0,4,2,Satisfied
51384,Male,59,Returning,Personal,Economy Plus,78,6,2.0,5,3,4,3,1,5,2,4,2,2,5,3,2,5,Neutral or Dissatisfied
126926,Male,39,Returning,Business,Business,3980,0,0.0,1,5,4,5,1,4,4,4,5,2,4,1,4,4,Satisfied
81861,Female,39,Returning,Business,Economy Plus,1016,0,0.0,3,3,5,5,3,2,5,1,5,5,5,5,5,5,Satisfied
107460,Female,16,Returning,Personal,Economy Plus,725,0,0.0,2,3,3,3,4,3,5,4,5,5,3,3,5,4,Neutral or Dissatisfied
106594,Male,27,First-time,Business,Business,986,0,0.0,3,3,4,3,3,3,3,5,3,3,4,3,3,4,Neutral or Dissatisfied
119412,Female,54,Returning,Business,Economy,399,0,30.0,4,4,2,2,4,4,3,4,4,2,4,4,4,4,Neutral or Dissatisfied
85091,Male,25,First-time,Business,Business,874,4,7.0,0,2,3,2,2,5,4,5,3,3,4,2,3,4,Neutral or Dissatisfied
93092,Female,31,Returning,Personal,Economy,860,0,0.0,4,3,3,3,3,3,3,4,3,3,4,3,3,4,Neutral or Dissatisfied
24553,Male,40,Returning,Business,Business,874,0,0.0,3,3,2,3,3,4,4,4,1,4,4,4,4,4,Neutral or Dissatisfied
114696,Female,33,Returning,Business,Business,337,0,7.0,3,3,3,5,3,4,4,4,3,3,4,3,4,4,Satisfied
112339,Female,55,Returning,Business,Business,3660,9,0.0,4,4,5,5,4,4,4,4,5,2,4,4,4,4,Satisfied
114750,Female,45,Returning,Business,Business,2967,4,1.0,1,1,5,5,4,2,4,2,4,5,2,0,2,2,Satisfied
58247,Female,9,Returning,Personal,Economy Plus,925,2,20.0,4,2,4,2,3,4,3,4,4,4,5,2,4,5,Neutral or Dissatisfied
98025,Male,44,Returning,Business,Economy,1014,0,13.0,4,4,4,4,4,1,4,2,4,4,3,4,4,4,Neutral or Dissatisfied
96492,Female,17,Returning,Business,Business,2963,69,64.0,5,5,2,2,5,2,2,2,2,2,4,2,2,4,Neutral or Dissatisfied
101992,Male,57,Returning,Personal,Economy,628,6,6.0,5,2,5,2,3,3,5,5,5,5,4,2,5,4,Neutral or Dissatisfied
92127,Male,56,Returning,Personal,Economy,1522,0,0.0,5,2,3,2,3,5,1,3,1,1,5,2,1,5,Neutral or Dissatisfied
118910,Female,58,Returning,Personal,Economy,570,6,0.0,1,4,2,4,4,1,3,4,1,1,1,4,1,1,Neutral or Dissatisfied
91482,Male,54,Returning,Personal,Economy,859,12,5.0,5,1,5,1,3,5,1,2,1,1,4,1,1,5,Neutral or Dissatisfied
87855,Female,51,Returning,Personal,Economy,214,0,3.0,0,3,1,4,2,1,5,3,3,4,1,3,1,1,Neutral or Dissatisfied
4502,Female,49,Returning,Business,Business,435,0,0.0,5,5,5,5,5,5,4,5,3,2,5,5,5,5,Satisfied
43902,Female,40,Returning,Personal,Economy,174,0,0.0,4,0,3,0,2,3,3,2,3,3,5,0,3,4,Satisfied
29422,Male,50,Returning,Personal,Economy Plus,2676,0,0.0,3,3,2,2,4,1,2,3,2,3,5,3,4,3,Neutral or Dissatisfied
9525,Female,43,Returning,Personal,Business,292,0,0.0,5,2,3,5,3,5,5,2,5,5,5,3,5,5,Neutral or Dissatisfied
80418,Female,49,Returning,Business,Business,2248,56,61.0,5,5,3,3,5,4,5,4,5,5,4,5,4,4,Satisfied
76074,Male,34,First-time,Business,Economy,669,0,0.0,1,1,3,1,3,3,5,3,5,5,3,1,5,4,Neutral or Dissatisfied
8693,Male,47,Returning,Business,Business,181,0,0.0,1,1,4,4,1,2,4,2,3,3,2,3,2,3,Neutral or Dissatisfied
38821,Female,51,Returning,Personal,Economy,353,0,6.0,3,3,4,4,1,5,5,3,3,1,5,3,5,5,Neutral or Dissatisfied
59431,Male,36,Returning,Personal,Economy Plus,2367,196,150.0,5,2,3,3,3,3,3,3,3,2,5,2,3,4,Neutral or Dissatisfied
79750,Male,65,Returning,Personal,Economy Plus,760,72,121.0,4,1,3,1,3,3,5,3,5,5,4,1,5,4,Neutral or Dissatisfied
49401,Male,64,Returning,Business,Business,308,0,0.0,3,3,1,2,3,3,2,3,1,2,3,3,3,3,Neutral or Dissatisfied
106408,Female,12,Returning,Personal,Economy,551,77,75.0,2,3,3,3,4,4,4,1,2,2,3,3,2,4,Neutral or Dissatisfied
28765,Female,21,Returning,Personal,Economy,1024,0,0.0,4,4,5,4,3,3,4,4,4,4,4,4,4,4,Neutral or Dissatisfied
119722,Male,21,First-time,Business,Economy,1303,0,1.0,2,2,4,2,4,2,4,1,4,4,3,2,4,3,Neutral or Dissatisfied
4927,Female,60,Returning,Business,Business,1020,5,0.0,4,4,4,4,4,5,4,5,5,3,5,4,5,5,Satisfied
26256,Female,29,First-time,Business,Economy Plus,406,24,20.0,3,3,4,3,2,3,3,2,3,3,3,3,3,2,Neutral or Dissatisfied
54947,Female,53,Returning,Personal,Business,1504,22,60.0,4,3,5,5,3,1,1,3,3,1,1,3,1,1,Neutral or Dissatisfied
54243,Male,14,First-time,Business,Economy,1222,89,104.0,3,3,4,3,4,3,2,2,2,2,4,3,2,3,Neutral or Dissatisfied
43161,Male,45,Returning,Business,Business,2691,0,0.0,5,5,1,5,5,4,2,4,4,1,4,5,4,4,Satisfied
46486,Female,29,Returning,Business,Business,2166,0,0.0,2,2,3,4,2,5,3,3,4,4,2,2,4,5,Satisfied
108852,Male,45,Returning,Business,Business,1947,1,3.0,1,1,3,3,1,4,5,5,5,5,4,1,4,4,Satisfied
94797,Female,36,First-time,Business,Economy,192,95,82.0,1,4,1,4,3,2,4,5,4,4,3,4,4,3,Neutral or Dissatisfied
90284,Male,49,First-time,Business,Business,757,0,0.0,1,1,3,1,4,4,5,2,4,4,4,1,4,5,Neutral or Dissatisfied
9613,Female,13,Returning,Personal,Economy,288,0,0.0,5,4,4,4,4,3,3,4,3,3,4,2,3,4,Neutral or Dissatisfied
39477,Male,55,Returning,Business,Economy,867,9,0.0,5,5,3,4,5,3,4,5,4,4,1,4,4,5,Satisfied
105284,Female,45,Returning,Business,Business,3592,18,1.0,2,2,4,5,2,4,4,4,4,2,4,2,4,4,Satisfied
105213,Male,40,Returning,Business,Business,3341,31,16.0,1,1,5,4,1,5,4,5,4,3,5,1,5,5,Satisfied
34034,Male,26,Returning,Business,Economy Plus,1576,0,10.0,5,3,4,1,3,3,2,4,1,1,3,1,1,4,Neutral or Dissatisfied
10628,Male,40,Returning,Business,Business,1891,37,30.0,4,5,3,4,5,5,5,5,3,2,5,5,5,5,Satisfied
22344,Male,33,First-time,Business,Economy,143,0,0.0,0,2,5,2,5,3,3,3,4,4,1,2,4,4,Neutral or Dissatisfied
84414,Female,63,Returning,Personal,Economy,591,0,0.0,4,2,4,4,3,2,5,2,4,2,2,2,2,5,Neutral or Dissatisfied
126219,Female,29,Returning,Business,Business,1757,0,0.0,3,3,3,3,3,1,3,4,3,3,2,3,3,2,Neutral or Dissatisfied
118997,Male,22,First-time,Business,Economy,479,22,14.0,0,4,3,4,2,3,2,5,1,1,4,3,1,4,Neutral or Dissatisfied
94920,Female,57,Returning,Business,Business,187,51,44.0,1,1,3,4,1,4,1,4,1,3,4,1,4,4,Satisfied
55872,Male,40,Returning,Business,Business,733,0,0.0,5,5,3,5,5,5,4,5,3,4,5,5,5,5,Satisfied
57253,Male,38,Returning,Business,Economy,628,0,0.0,1,1,3,3,1,3,3,4,3,3,4,3,3,4,Neutral or Dissatisfied
57224,Male,22,Returning,Personal,Economy,1514,15,7.0,4,2,4,2,4,5,5,2,5,5,3,2,5,5,Neutral or Dissatisfied
39387,Female,25,First-time,Business,Economy,521,0,0.0,0,2,2,2,3,4,1,4,1,1,3,2,1,1,Neutral or Dissatisfied
22754,Female,61,Returning,Business,Economy,302,0,0.0,3,3,4,2,3,4,4,4,4,4,4,4,4,4,Satisfied
80244,Female,57,First-time,Business,Economy,1269,8,0.0,3,3,4,3,3,3,5,2,5,5,4,3,5,3,Neutral or Dissatisfied
76267,Female,16,First-time,Business,Economy,1927,55,36.0,1,1,3,1,4,1,4,4,5,5,3,1,5,4,Neutral or Dissatisfied
25518,Male,31,Returning,Business,Business,3904,0,0.0,4,5,4,5,4,3,5,3,5,5,5,4,5,1,Satisfied
92889,Female,33,First-time,Business,Economy,151,0,16.0,3,1,4,1,3,3,4,5,4,4,3,1,4,4,Neutral or Dissatisfied
64018,Female,41,Returning,Business,Business,919,0,19.0,4,3,4,5,4,4,5,4,5,3,4,4,4,4,Satisfied
64941,Male,37,Returning,Business,Business,247,0,0.0,2,2,2,4,2,4,3,4,1,5,4,4,4,4,Neutral or Dissatisfied
41101,Female,37,Returning,Business,Business,295,0,0.0,4,4,4,3,4,4,3,3,4,2,4,4,4,4,Neutral or Dissatisfied
97840,Female,70,Returning,Personal,Economy,395,13,5.0,5,2,5,3,1,1,2,2,5,5,1,2,1,1,Neutral or Dissatisfied
66339,Female,39,Returning,Business,Business,1637,35,25.0,3,3,4,4,3,5,5,5,5,5,5,3,5,5,Satisfied
38428,Male,21,Returning,Personal,Economy,965,0,0.0,5,4,4,4,1,5,1,4,1,1,4,4,1,4,Satisfied
19658,Female,59,Returning,Business,Economy,1236,41,93.0,3,3,3,1,3,4,4,4,1,2,4,4,4,4,Satisfied
15079,Female,51,Returning,Business,Economy,322,0,1.0,5,5,4,5,5,4,5,4,3,1,4,4,4,4,Satisfied
2956,Female,27,First-time,Business,Business,835,15,11.0,2,2,5,2,2,3,2,4,2,2,5,2,2,5,Neutral or Dissatisfied
18205,Female,53,Returning,Business,Business,2450,2,43.0,1,1,4,2,1,4,3,4,5,4,4,1,4,4,Satisfied
97394,Male,46,Returning,Business,Economy Plus,472,4,7.0,2,2,2,2,2,2,2,3,2,2,3,2,2,3,Neutral or Dissatisfied
67106,Male,52,Returning,Business,Economy,929,23,8.0,5,5,2,2,5,1,2,1,2,2,3,2,2,2,Neutral or Dissatisfied
13183,Male,34,Returning,Business,Economy,542,119,119.0,1,1,1,4,1,4,5,4,5,5,4,5,5,3,Satisfied
7766,Female,22,First-time,Business,Economy,1080,0,0.0,2,2,3,2,1,4,2,2,2,2,5,2,2,5,Neutral or Dissatisfied
11997,Male,42,Returning,Personal,Economy,667,0,0.0,4,4,5,4,1,3,3,5,3,3,4,3,3,5,Neutral or Dissatisfied
8091,Female,27,First-time,Business,Business,125,0,0.0,5,5,4,5,3,3,1,3,1,1,4,5,1,5,Satisfied
16045,Male,45,Returning,Business,Economy,972,9,7.0,1,1,5,4,1,2,4,3,4,4,1,4,4,2,Satisfied
48833,Female,70,Returning,Personal,Business,266,153,143.0,4,0,1,1,3,2,1,4,1,0,1,1,3,3,Neutral or Dissatisfied
74171,Male,12,Returning,Personal,Economy,592,0,0.0,2,4,1,4,3,2,3,4,3,3,4,4,3,4,Satisfied
46062,Female,28,First-time,Business,Economy Plus,991,15,42.0,3,3,2,3,3,4,3,2,3,3,4,3,3,3,Neutral or Dissatisfied
108673,Female,48,Returning,Business,Business,177,58,55.0,5,5,3,3,5,2,3,2,3,4,2,2,2,2,Neutral or Dissatisfied
60539,Male,19,Returning,Personal,Economy,862,110,97.0,5,3,3,3,5,5,2,3,3,3,4,3,3,4,Neutral or Dissatisfied
24907,Male,43,Returning,Business,Economy,762,18,0.0,4,4,4,5,4,4,4,2,4,4,2,5,4,4,Satisfied
108544,Male,75,Returning,Business,Economy,111,0,0.0,3,3,5,3,3,2,3,5,3,3,3,3,3,2,Satisfied
47278,Male,25,Returning,Business,Economy,588,0,0.0,4,0,2,0,3,4,5,2,5,5,3,0,5,2,Satisfied
67900,Male,57,Returning,Personal,Economy,1438,29,31.0,1,2,3,2,2,1,1,5,1,1,2,2,1,3,Neutral or Dissatisfied
71462,Female,19,Returning,Personal,Economy,867,0,0.0,4,3,1,3,3,4,2,3,2,2,5,3,2,5,Neutral or Dissatisfied
27466,Male,31,Returning,Business,Business,1678,0,0.0,4,4,1,5,4,4,5,3,5,5,2,4,5,2,Satisfied
79632,Male,44,Returning,Business,Economy,762,0,0.0,5,4,3,2,5,1,2,4,2,2,4,2,2,3,Neutral or Dissatisfied
31410,Female,22,First-time,Business,Economy,1306,0,13.0,4,4,3,4,1,4,5,4,5,5,4,4,5,1,Satisfied
78818,Male,58,Returning,Personal,Economy,447,0,0.0,5,1,1,1,2,4,4,1,4,4,4,1,4,4,Neutral or Dissatisfied
8737,Female,26,Returning,Business,Business,304,0,0.0,5,5,5,4,5,3,4,2,4,4,5,5,4,5,Satisfied
102943,Female,45,Returning,Business,Business,2966,29,33.0,1,1,1,4,1,4,4,4,2,5,4,4,4,4,Neutral or Dissatisfied
107222,Male,51,Returning,Business,Business,1751,3,13.0,1,1,4,4,1,5,5,5,5,5,5,1,5,5,Satisfied
19773,Male,15,Returning,Personal,Business,578,64,107.0,4,2,4,2,5,3,3,2,3,3,4,2,3,4,Neutral or Dissatisfied
124268,Male,27,Returning,Personal,Business,255,0,0.0,4,4,5,4,3,5,5,5,5,5,4,4,5,4,Neutral or Dissatisfied
90855,Male,44,Returning,Business,Business,270,0,0.0,2,2,4,3,2,3,3,3,4,3,3,3,3,3,Neutral or Dissatisfied
50942,Male,19,Returning,Personal,Economy,109,0,0.0,4,3,4,3,2,5,3,4,3,3,5,3,3,5,Neutral or Dissatisfied
42070,Female,65,Returning,Personal,Economy,116,0,0.0,5,3,3,4,4,3,4,3,5,5,3,3,3,3,Neutral or Dissatisfied
54229,Female,25,Returning,Business,Economy,1222,34,11.0,4,4,2,5,4,5,4,2,5,5,5,5,5,5,Satisfied
245,Female,29,Returning,Business,Business,2903,17,25.0,2,2,4,3,2,3,3,5,3,3,3,3,3,3,Neutral or Dissatisfied
65554,Male,35,Returning,Business,Business,1786,3,5.0,1,1,3,4,1,4,4,4,3,2,4,1,4,4,Satisfied
50927,Male,23,Returning,Personal,Economy,190,0,0.0,4,3,3,3,2,4,5,5,5,5,5,3,5,4,Neutral or Dissatisfied
31321,Male,26,Returning,Personal,Economy,680,0,11.0,4,3,4,3,1,5,2,3,2,2,5,3,2,5,Neutral or Dissatisfied
115275,Male,47,First-time,Business,Economy,390,0,0.0,3,2,3,2,3,2,1,1,1,1,3,2,1,3,Neutral or Dissatisfied
99765,Female,10,Returning,Personal,Economy,255,0,0.0,0,4,3,4,1,3,5,3,5,5,4,4,5,5,Neutral or Dissatisfied
117750,Female,29,Returning,Personal,Economy,935,34,23.0,4,1,4,1,2,5,4,3,1,1,4,1,1,4,Neutral or Dissatisfied
41410,Female,31,Returning,Personal,Economy,563,0,17.0,5,0,3,0,3,5,4,2,4,4,5,0,4,4,Satisfied
4304,Male,34,Returning,Business,Economy Plus,502,0,0.0,1,1,1,2,1,1,2,2,2,2,4,2,2,3,Neutral or Dissatisfied
30626,Male,20,Returning,Personal,Business,770,0,0.0,4,1,4,1,1,5,2,2,2,2,5,1,2,5,Neutral or Dissatisfied
19327,Male,15,First-time,Business,Economy,743,11,0.0,2,2,1,2,1,4,1,3,5,5,2,2,5,5,Neutral or Dissatisfied
116090,Male,10,Returning,Personal,Economy,342,0,0.0,4,3,5,3,3,4,1,5,3,3,4,3,3,5,Neutral or Dissatisfied
470,Male,43,Returning,Business,Business,1634,0,0.0,2,3,4,5,3,5,4,5,4,5,5,3,5,4,Satisfied
116372,Male,49,Returning,Personal,Economy,325,35,24.0,3,3,3,3,3,4,3,5,2,2,3,3,2,2,Neutral or Dissatisfied
82281,Female,41,Returning,Personal,Economy,1481,19,0.0,5,1,5,1,5,3,2,3,2,2,4,1,2,3,Neutral or Dissatisfied
9755,Female,42,Returning,Business,Business,2122,0,6.0,5,5,3,3,5,2,3,2,2,5,2,2,2,2,Neutral or Dissatisfied
121582,Female,29,First-time,Business,Economy,936,8,15.0,1,1,1,1,3,2,1,2,1,1,3,1,1,3,Neutral or Dissatisfied
46747,Male,14,Returning,Personal,Economy,125,0,0.0,4,0,2,0,3,2,1,5,1,1,3,3,1,4,Neutral or Dissatisfied
119302,Female,66,Returning,Business,Economy,214,7,0.0,4,4,3,4,4,3,3,3,2,4,3,3,3,3,Neutral or Dissatisfied
80461,Male,57,Returning,Business,Business,1299,0,0.0,4,4,4,5,4,4,4,4,5,4,4,4,4,4,Satisfied
31028,Male,58,Returning,Business,Business,2603,0,0.0,5,4,4,5,4,4,4,4,4,5,4,4,4,4,Satisfied
65195,Male,56,Returning,Personal,Economy,224,48,44.0,3,1,1,1,3,2,5,4,5,5,4,1,5,4,Neutral or Dissatisfied
6559,Male,31,Returning,Business,Economy,528,32,18.0,5,5,1,3,5,3,3,1,3,3,3,3,3,3,Neutral or Dissatisfied
96442,Male,33,Returning,Business,Business,3526,11,0.0,5,5,4,5,5,3,5,4,5,5,5,5,5,4,Satisfied
48113,Male,34,Returning,Business,Business,391,4,0.0,4,4,1,3,4,4,3,4,2,1,4,4,4,4,Satisfied
50240,Female,21,First-time,Business,Business,373,0,0.0,2,3,2,3,4,1,2,3,2,2,4,3,2,3,Neutral or Dissatisfied
36767,Female,46,Returning,Business,Business,2704,3,0.0,3,5,2,2,5,4,2,4,2,2,3,5,3,1,Satisfied
120119,Female,62,Returning,Personal,Economy,1576,0,0.0,4,0,1,3,3,3,4,0,4,2,3,0,3,2,Satisfied
86481,Male,64,Returning,Personal,Economy,762,31,3.0,5,5,3,5,3,3,1,5,1,1,5,5,1,5,Satisfied
50468,Female,22,Returning,Business,Business,2499,2,0.0,3,3,4,2,3,4,2,5,2,2,4,2,2,4,Neutral or Dissatisfied
2141,Female,55,Returning,Personal,Economy,404,0,0.0,2,4,4,2,2,3,2,4,2,3,3,4,3,3,Neutral or Dissatisfied
74886,Male,35,First-time,Business,Business,2475,78,66.0,1,1,3,1,3,2,4,5,4,4,4,1,4,2,Neutral or Dissatisfied
8192,Male,20,First-time,Business,Economy,335,0,0.0,3,3,2,3,2,5,4,1,4,4,3,3,4,5,Neutral or Dissatisfied
54271,Female,34,Returning,Personal,Economy,1222,0,0.0,5,1,1,1,1,1,3,5,3,3,5,1,3,1,Neutral or Dissatisfied
53772,Female,12,Returning,Personal,Economy,1195,0,0.0,5,1,3,1,2,5,2,2,2,2,5,1,2,4,Neutral or Dissatisfied
29545,Male,58,Returning,Personal,Business,1448,0,0.0,4,3,3,3,3,3,4,3,3,5,3,3,3,5,Neutral or Dissatisfied
82659,Male,37,Returning,Business,Business,120,0,0.0,2,2,1,2,2,5,1,5,1,3,5,2,5,5,Satisfied
42193,Female,59,Returning,Business,Economy,451,0,2.0,2,2,4,5,2,3,5,2,5,1,3,2,3,3,Satisfied
65441,Female,28,Returning,Business,Business,3733,3,0.0,3,3,5,5,3,4,5,4,5,5,5,3,5,4,Satisfied
66814,Female,29,Returning,Business,Business,731,0,0.0,2,2,4,4,2,5,4,3,4,4,5,2,4,5,Satisfied
5988,Male,44,Returning,Business,Business,925,20,22.0,1,4,4,5,1,4,5,4,3,4,4,1,4,4,Satisfied
107231,Female,9,First-time,Business,Economy,583,0,0.0,3,1,3,1,4,2,2,5,3,3,3,1,3,3,Neutral or Dissatisfied
63573,Male,40,Returning,Business,Business,1737,0,0.0,2,2,5,4,2,4,5,5,5,3,4,2,4,4,Satisfied
36633,Female,23,First-time,Business,Economy,785,0,0.0,2,2,2,2,4,1,1,3,1,1,3,2,1,3,Neutral or Dissatisfied
103390,Female,50,Returning,Business,Business,237,5,0.0,2,3,3,4,2,5,4,5,4,4,5,2,5,5,Satisfied
104264,Male,40,Returning,Business,Business,456,0,0.0,5,5,3,5,5,2,5,2,5,5,2,5,2,2,Satisfied
4167,Female,52,Returning,Personal,Economy,431,0,0.0,5,3,3,4,5,4,5,3,4,4,4,3,4,4,Neutral or Dissatisfied
45634,Female,45,First-time,Business,Economy,113,0,27.0,0,2,3,2,3,2,1,4,1,1,5,2,1,1,Neutral or Dissatisfied
17183,Female,33,Returning,Personal,Economy,643,0,0.0,5,3,4,3,3,5,4,4,2,2,5,3,2,5,Neutral or Dissatisfied
10313,Female,40,Returning,Business,Business,2306,0,0.0,2,2,5,4,2,4,5,4,4,5,4,2,4,4,Satisfied
11263,Male,24,Returning,Personal,Economy,309,0,0.0,5,0,4,0,5,3,2,3,2,2,5,0,2,4,Satisfied
13931,Male,20,First-time,Business,Economy,192,0,0.0,5,4,3,4,1,1,5,3,4,4,5,4,4,4,Satisfied
66183,Female,25,First-time,Business,Business,550,0,0.0,5,3,5,3,5,5,1,5,1,1,5,3,1,4,Neutral or Dissatisfied
112041,Female,41,Returning,Business,Business,3048,8,0.0,3,3,5,5,3,5,5,5,3,2,5,3,5,5,Satisfied
109466,Female,32,First-time,Business,Business,966,0,0.0,3,3,4,3,4,5,2,5,2,2,5,3,2,5,Neutral or Dissatisfied
12685,Male,62,Returning,Business,Economy,689,144,122.0,5,5,4,4,5,1,4,3,4,4,5,4,2,4,Satisfied
24988,Male,53,Returning,Business,Economy,692,0,21.0,4,4,5,4,4,4,4,4,4,4,5,4,4,2,Satisfied
37038,Female,25,Returning,Business,Business,1105,2,0.0,5,5,3,3,5,3,3,5,3,3,5,5,3,1,Satisfied
33395,Female,31,Returning,Business,Business,2917,0,0.0,1,3,2,2,3,2,3,4,3,3,2,3,3,3,Neutral or Dissatisfied
112943,Male,36,Returning,Personal,Economy,1642,36,13.0,4,4,4,4,3,2,3,1,3,3,5,3,3,5,Neutral or Dissatisfied
76224,Female,35,Returning,Business,Economy,1175,0,6.0,1,1,2,1,1,1,1,4,1,1,4,1,1,4,Neutral or Dissatisfied
14585,Female,42,Returning,Business,Business,2867,0,0.0,2,2,4,1,2,4,1,4,2,5,4,4,4,4,Neutral or Dissatisfied
87759,Female,33,Returning,Business,Business,214,1,0.0,5,5,3,4,5,5,5,5,4,4,5,5,5,5,Satisfied
4874,Male,28,Returning,Personal,Economy,408,0,12.0,4,2,4,2,3,5,3,5,3,3,5,2,3,5,Neutral or Dissatisfied
62334,Male,53,Returning,Personal,Economy,414,0,0.0,2,2,3,2,3,3,4,2,4,4,3,2,4,4,Neutral or Dissatisfied
31546,Female,33,Returning,Personal,Economy,862,0,39.0,5,4,5,4,3,4,2,3,1,1,4,4,1,5,Neutral or Dissatisfied
80773,Female,48,Returning,Personal,Economy Plus,629,0,0.0,5,3,4,4,4,4,5,3,3,4,4,3,4,4,Neutral or Dissatisfied
127554,Female,54,Returning,Business,Business,2053,0,0.0,1,1,4,5,1,4,5,4,3,3,4,1,4,4,Satisfied
123071,Female,50,First-time,Business,Business,468,109,103.0,4,4,3,4,4,3,5,2,2,2,4,4,2,5,Satisfied
14149,Male,27,Returning,Personal,Economy,654,25,16.0,5,2,4,2,3,5,2,3,2,2,5,2,2,4,Neutral or Dissatisfied
28656,Male,44,Returning,Personal,Economy,2614,0,0.0,5,3,3,3,3,5,4,5,4,4,4,3,4,3,Neutral or Dissatisfied
112424,Male,18,First-time,Business,Economy,850,50,39.0,4,4,4,4,4,4,4,2,4,4,5,4,4,5,Satisfied
49491,Male,23,First-time,Business,Economy,156,0,0.0,5,3,3,3,4,2,4,1,4,4,5,3,4,2,Neutral or Dissatisfied
63210,Female,43,Returning,Business,Business,3657,0,1.0,0,0,5,4,4,2,5,2,5,2,2,0,2,2,Satisfied
886,Male,47,Returning,Business,Business,2708,0,0.0,1,1,1,2,1,2,1,2,3,3,2,2,2,2,Neutral or Dissatisfied
70778,Female,48,Returning,Business,Business,2544,0,0.0,1,1,5,5,1,5,4,5,5,4,5,1,5,5,Satisfied
63065,Male,16,Returning,Personal,Economy,862,0,0.0,5,1,3,1,3,3,1,2,1,1,4,1,1,5,Neutral or Dissatisfied
82361,Female,59,Returning,Personal,Economy,453,0,0.0,5,5,5,4,4,5,5,5,5,5,5,3,5,4,Neutral or Dissatisfied
5870,Male,55,Returning,Personal,Business,173,25,22.0,5,1,2,5,1,2,1,1,5,2,2,1,2,2,Neutral or Dissatisfied
24036,Male,65,Returning,Personal,Economy,562,21,26.0,5,3,5,3,4,3,5,5,5,5,5,3,5,4,Neutral or Dissatisfied
114165,Male,24,First-time,Business,Business,948,23,13.0,4,4,4,4,2,5,2,3,2,2,5,4,2,4,Satisfied
59718,Male,56,Returning,Business,Business,2469,0,0.0,2,2,3,5,2,4,4,4,3,5,4,2,4,4,Satisfied
85853,Female,51,Returning,Business,Economy Plus,666,7,0.0,5,5,3,4,5,1,4,1,4,2,1,1,1,1,Neutral or Dissatisfied
69381,Female,47,Returning,Business,Business,1096,0,0.0,5,5,5,5,5,4,4,4,3,2,4,5,4,4,Satisfied
2087,Female,11,Returning,Personal,Economy,785,0,5.0,5,3,5,3,1,3,4,3,4,4,5,3,4,4,Neutral or Dissatisfied
29391,Female,26,Returning,Business,Business,2417,0,,1,3,1,4,3,3,4,4,4,4,5,3,4,5,Satisfied
126673,Male,26,First-time,Business,Business,2276,33,50.0,2,2,3,2,4,3,3,3,3,3,4,2,3,3,Neutral or Dissatisfied
107102,Male,61,Returning,Personal,Economy,562,29,10.0,4,4,4,4,3,5,3,2,3,3,4,4,3,5,Neutral or Dissatisfied
18865,Male,30,Returning,Business,Business,2669,28,32.0,1,1,2,4,1,1,4,5,4,4,2,4,4,3,Neutral or Dissatisfied
42129,Female,38,First-time,Business,Economy Plus,996,0,0.0,4,4,1,4,4,5,4,5,5,5,2,4,5,4,Neutral or Dissatisfied
33120,Female,59,Returning,Personal,Economy,216,0,0.0,4,1,2,3,4,4,4,1,2,3,4,1,4,4,Neutral or Dissatisfied
22560,Female,47,Returning,Personal,Business,300,0,0.0,4,3,4,5,3,1,4,3,3,5,1,2,1,1,Neutral or Dissatisfied
121297,Male,53,Returning,Business,Business,1732,0,0.0,4,4,3,4,4,4,4,4,4,5,4,4,4,4,Satisfied
8165,Female,60,Returning,Business,Business,125,0,0.0,4,4,4,5,4,5,5,5,5,4,5,4,5,5,Satisfied
3850,Male,35,Returning,Personal,Economy,650,0,0.0,5,3,3,3,4,2,3,2,5,5,5,3,5,1,Neutral or Dissatisfied
58069,Female,35,First-time,Business,Business,589,19,7.0,2,2,4,2,3,3,1,2,1,1,5,2,1,4,Neutral or Dissatisfied
124530,Male,51,Returning,Business,Business,1276,0,0.0,2,2,5,4,2,4,4,4,3,3,4,2,4,4,Satisfied
2910,Female,27,First-time,Business,Business,409,0,32.0,5,5,5,5,3,3,2,4,2,2,4,4,2,5,Neutral or Dissatisfied
117621,Male,18,First-time,Business,Economy,872,168,165.0,3,3,5,5,3,2,5,3,5,3,2,3,1,3,Neutral or Dissatisfied
108207,Male,44,Returning,Business,Business,2612,29,22.0,5,5,3,4,5,4,5,4,5,3,4,5,4,4,Satisfied
27159,Female,42,Returning,Business,Business,2701,0,0.0,4,4,4,4,4,4,4,3,4,5,1,4,2,5,Satisfied
99745,Male,65,Returning,Business,Business,2601,66,54.0,2,4,4,2,4,3,3,4,1,5,3,3,3,3,Neutral or Dissatisfied
123119,Male,39,First-time,Business,Economy,600,0,0.0,1,3,2,3,3,2,5,4,5,5,3,3,5,4,Neutral or Dissatisfied
99709,Male,57,Returning,Business,Business,1592,2,0.0,3,3,4,5,3,5,4,5,5,2,5,3,5,5,Satisfied
57757,Male,16,Returning,Business,Business,2704,2,0.0,4,4,4,4,4,2,4,3,4,4,5,4,4,5,Satisfied
37527,Female,31,Returning,Business,Business,950,0,0.0,2,2,4,5,2,1,5,1,5,5,2,2,5,1,Satisfied
19342,Female,67,Returning,Personal,Economy,743,29,15.0,4,1,5,4,5,1,4,1,3,3,1,1,1,1,Neutral or Dissatisfied
226,Male,66,Returning,Personal,Economy,290,0,0.0,5,3,5,3,4,4,2,3,2,2,4,3,2,4,Neutral or Dissatisfied
46329,Male,59,Returning,Personal,Economy,420,5,29.0,3,5,3,5,3,2,1,5,1,1,3,3,1,3,Neutral or Dissatisfied
96726,Female,33,Returning,Personal,Economy,696,2,2.0,5,1,5,1,4,5,4,5,4,4,5,1,4,4,Neutral or Dissatisfied
9808,Female,22,Returning,Personal,Economy,493,0,12.0,5,5,5,5,1,4,4,5,4,4,5,4,4,4,Neutral or Dissatisfied
107208,Male,20,Returning,Personal,Economy,668,5,0.0,4,4,5,4,3,4,1,4,1,1,4,4,1,5,Satisfied
16341,Male,33,Returning,Business,Economy Plus,628,0,0.0,5,5,2,5,5,4,5,5,5,5,1,5,5,5,Satisfied
27270,Male,41,Returning,Business,Business,679,1,0.0,4,4,5,4,4,4,5,4,5,2,4,4,4,4,Satisfied
10158,Female,51,Returning,Business,Economy,1195,75,85.0,5,4,2,4,4,2,4,2,1,4,2,2,2,2,Neutral or Dissatisfied
22714,Female,65,Returning,Personal,Economy Plus,579,0,0.0,4,3,3,4,4,4,5,3,3,2,4,3,4,2,Neutral or Dissatisfied
5792,Female,55,Returning,Business,Business,3482,135,167.0,4,4,4,5,4,2,4,5,4,4,4,4,5,5,Satisfied
69023,Female,42,Returning,Business,Business,1389,0,0.0,1,1,4,4,1,5,5,5,5,5,5,1,5,5,Satisfied
108959,Female,60,Returning,Business,Business,2059,0,0.0,3,4,3,5,3,4,4,4,3,2,4,3,4,4,Satisfied
10621,Female,39,Returning,Business,Economy,458,31,31.0,2,2,4,1,2,4,1,2,1,1,3,1,1,2,Neutral or Dissatisfied
83647,Male,56,Returning,Business,Business,2826,0,2.0,4,4,5,5,4,4,5,4,4,4,4,4,4,4,Satisfied
24144,Female,43,Returning,Business,Business,151,0,0.0,1,4,2,4,1,4,3,4,1,1,4,1,4,5,Satisfied
21584,Male,25,Returning,Personal,Economy Plus,399,0,0.0,5,2,5,2,2,5,5,5,5,5,4,2,5,4,Neutral or Dissatisfied
59036,Male,53,Returning,Business,Business,1846,5,0.0,2,2,3,5,2,5,4,5,5,2,5,2,5,5,Satisfied
83064,Male,48,First-time,Business,Business,983,0,0.0,5,5,5,5,2,4,5,5,5,5,4,5,5,5,Satisfied
93544,Female,25,First-time,Business,Business,585,7,20.0,0,5,3,5,5,4,5,4,5,5,4,5,5,4,Satisfied
88509,Male,56,Returning,Business,Economy,442,0,0.0,5,5,1,4,5,1,4,1,4,4,4,4,4,1,Satisfied
80655,Male,25,Returning,Business,Business,821,16,15.0,5,5,3,2,5,4,2,2,2,2,5,5,2,4,Satisfied
124229,Female,35,First-time,Business,Business,1916,1,0.0,3,3,5,3,2,4,4,3,1,1,4,3,1,3,Neutral or Dissatisfied
119913,Female,33,Returning,Business,Business,3296,0,0.0,5,5,3,5,5,5,4,5,4,5,5,5,5,5,Satisfied
68337,Male,40,Returning,Business,Business,1598,0,0.0,4,2,5,5,2,2,5,2,3,4,2,2,2,2,Satisfied
9107,Male,14,First-time,Business,Business,707,0,0.0,4,5,3,5,5,4,1,4,1,1,4,5,1,4,Satisfied
54522,Male,22,Returning,Personal,Economy,925,0,0.0,1,1,4,1,3,4,5,2,5,5,3,1,5,2,Neutral or Dissatisfied
14479,Female,38,Returning,Business,Economy,541,3,32.0,4,4,3,5,4,3,5,5,5,5,3,5,5,3,Satisfied
34836,Female,36,Returning,Business,Economy Plus,209,30,30.0,2,2,1,3,2,2,4,3,4,4,4,4,4,4,Neutral or Dissatisfied
108746,Female,37,Returning,Business,Business,2435,0,1.0,3,3,4,4,3,4,4,4,4,4,4,3,4,4,Satisfied
13419,Female,40,First-time,Business,Business,409,0,0.0,4,4,2,4,4,5,4,4,4,4,3,5,4,3,Satisfied
23635,Female,57,Returning,Business,Economy,793,51,32.0,1,1,3,3,1,2,3,2,3,4,2,2,2,2,Neutral or Dissatisfied
14607,Male,30,Returning,Business,Business,448,90,97.0,2,2,5,5,2,4,5,4,5,5,4,2,5,4,Satisfied
87074,Male,59,Returning,Business,Business,645,68,56.0,2,2,3,4,2,4,5,4,3,3,4,2,4,4,Satisfied
46250,Male,41,Returning,Business,Economy,679,115,185.0,3,3,1,1,3,2,1,3,1,1,4,1,4,4,Neutral or Dissatisfied
99683,Female,49,Returning,Business,Business,442,7,11.0,3,3,5,5,3,4,4,4,3,3,4,3,4,4,Satisfied
38647,Female,24,First-time,Business,Economy,720,0,0.0,5,5,4,5,4,4,4,2,4,4,4,4,4,3,Neutral or Dissatisfied
107782,Female,31,Returning,Business,Business,666,7,27.0,4,4,4,2,4,4,2,3,2,2,4,4,2,4,Satisfied
109818,Female,51,Returning,Business,Business,1011,8,3.0,2,5,3,4,5,4,5,4,5,5,4,5,4,4,Satisfied
110195,Female,26,First-time,Business,Business,869,0,0.0,3,3,5,3,5,4,1,3,1,1,5,3,1,4,Neutral or Dissatisfied
34010,Female,33,First-time,Business,Economy,1096,0,0.0,2,2,5,2,1,4,4,4,4,4,2,2,4,5,Neutral or Dissatisfied
14844,Female,35,Returning,Personal,Business,315,0,0.0,4,2,4,5,3,5,5,2,4,2,5,2,5,5,Neutral or Dissatisfied
60955,Male,26,Returning,Business,Business,888,0,0.0,1,1,5,4,1,3,4,3,4,4,4,1,4,4,Satisfied
105274,Male,34,Returning,Business,Business,3012,0,0.0,1,1,4,5,1,4,4,4,5,2,4,1,4,4,Satisfied
56900,Female,47,Returning,Business,Business,2454,0,0.0,4,1,3,3,4,3,3,3,3,4,4,4,4,5,Satisfied
111809,Male,9,Returning,Personal,Economy,349,19,29.0,2,2,1,2,2,1,1,5,1,1,3,2,1,2,Neutral or Dissatisfied
106013,Female,56,Returning,Business,Business,1999,31,12.0,4,4,4,4,4,4,5,4,3,3,4,4,4,4,Satisfied
76743,Female,43,Returning,Business,Business,205,0,0.0,4,4,4,4,4,4,4,4,5,5,4,4,4,4,Satisfied
37935,Male,13,Returning,Personal,Economy,1065,0,3.0,1,4,3,4,4,4,5,5,5,5,4,4,5,4,Satisfied
18268,Female,66,Returning,Personal,Economy,224,1,0.0,5,0,1,1,3,2,3,0,2,5,2,3,2,4,Neutral or Dissatisfied
11050,Male,53,Returning,Personal,Economy,201,35,36.0,1,2,4,2,4,2,2,3,2,2,4,2,2,3,Neutral or Dissatisfied
43964,Male,40,Returning,Business,Economy,596,0,0.0,5,4,4,4,5,3,5,1,5,5,4,5,5,2,Satisfied
97045,Female,13,Returning,Personal,Business,1242,0,5.0,5,4,4,4,3,4,1,3,1,1,5,4,1,5,Neutral or Dissatisfied
12002,Male,60,Returning,Business,Economy Plus,667,1,0.0,2,3,3,4,3,5,4,1,4,4,1,4,4,1,Satisfied
58686,Male,23,Returning,Personal,Business,299,4,11.0,5,3,5,3,3,4,4,3,4,4,4,3,4,4,Neutral or Dissatisfied
73375,Female,26,First-time,Business,Economy,1144,7,16.0,3,3,2,3,3,2,1,1,1,1,3,3,1,3,Neutral or Dissatisfied
78835,Female,60,Returning,Personal,Economy,447,0,0.0,4,4,3,5,3,4,4,4,4,5,4,4,4,4,Neutral or Dissatisfied
125594,Male,40,Returning,Business,Business,1587,0,0.0,5,5,3,4,5,4,4,4,5,5,4,5,4,4,Satisfied
27709,Female,46,First-time,Business,Business,1448,1,0.0,1,1,3,1,4,3,1,2,1,1,4,1,1,4,Neutral or Dissatisfied
76939,Female,20,First-time,Business,Economy,874,0,0.0,1,1,3,1,4,4,5,5,5,5,5,1,5,4,Neutral or Dissatisfied
66952,Male,40,Returning,Business,Business,1017,5,0.0,4,4,4,5,4,4,4,4,4,2,4,4,4,4,Satisfied
63010,Male,60,Returning,Business,Business,3879,6,0.0,2,2,4,4,2,4,4,4,5,4,4,2,4,4,Satisfied
16110,Female,35,Returning,Personal,Business,725,0,0.0,1,5,4,3,4,3,3,5,3,4,3,5,3,3,Satisfied
85742,Female,45,Returning,Business,Business,1999,0,0.0,2,2,3,5,2,3,4,3,5,2,3,2,3,3,Satisfied
111039,Male,42,Returning,Business,Business,197,4,25.0,3,3,2,2,3,2,2,3,1,2,2,1,2,1,Neutral or Dissatisfied
12897,Female,53,Returning,Business,Business,979,0,0.0,4,4,4,4,4,5,1,5,5,4,5,4,5,5,Satisfied
48464,Female,17,First-time,Business,Economy,853,108,114.0,5,5,3,5,3,5,1,5,1,1,3,5,1,2,Satisfied
113125,Male,40,Returning,Business,Business,3969,9,7.0,4,4,4,5,4,4,4,4,5,2,4,4,4,4,Satisfied
83697,Female,56,Returning,Personal,Economy,577,0,0.0,2,2,4,3,2,1,3,2,1,1,1,2,1,1,Neutral or Dissatisfied
99821,Male,37,First-time,Business,Business,534,12,1.0,4,4,5,4,3,4,2,4,2,2,4,4,2,4,Satisfied
116496,Female,30,Returning,Personal,Economy,373,0,0.0,4,1,1,1,4,4,2,4,2,2,3,1,2,3,Neutral or Dissatisfied
112346,Male,27,Returning,Business,Business,2866,9,0.0,1,4,5,4,4,4,4,3,4,4,4,4,4,5,Satisfied
90676,Male,38,Returning,Business,Economy,406,0,9.0,2,2,1,3,2,2,3,2,3,3,4,3,3,4,Neutral or Dissatisfied
96265,Male,68,Returning,Personal,Economy,666,12,8.0,4,2,3,2,1,5,4,5,4,4,5,2,4,4,Neutral or Dissatisfied
67143,Female,37,Returning,Business,Business,564,5,0.0,1,1,4,4,1,1,4,1,3,1,1,1,1,1,Neutral or Dissatisfied
19988,Female,26,First-time,Business,Economy,589,0,0.0,3,3,2,3,4,4,2,1,3,3,4,3,3,3,Neutral or Dissatisfied
59321,Female,26,Returning,Business,Business,2486,13,0.0,4,4,4,2,4,3,2,3,2,2,5,4,2,4,Satisfied
113573,Male,66,Returning,Business,Business,2951,0,0.0,2,4,4,4,4,5,5,5,3,2,5,4,5,5,Satisfied
72449,Female,25,First-time,Business,Business,1017,0,0.0,5,4,4,4,2,4,5,3,5,5,4,4,5,4,Neutral or Dissatisfied
60431,Female,49,Returning,Business,Business,3893,3,0.0,3,3,3,5,3,3,5,4,4,2,3,3,3,3,Satisfied
118276,Male,26,First-time,Business,Business,639,26,22.0,4,4,3,4,5,4,2,4,2,2,4,4,2,5,Neutral or Dissatisfied
104504,Female,40,Returning,Business,Business,1609,246,235.0,2,2,4,4,2,2,4,2,4,4,4,4,1,4,Neutral or Dissatisfied
40585,Male,39,Returning,Business,Business,411,0,0.0,2,3,1,3,2,3,3,3,1,5,3,3,3,3,Neutral or Dissatisfied
12104,Female,29,First-time,Business,Economy,1034,0,4.0,2,2,1,2,2,4,3,5,2,2,5,2,2,5,Neutral or Dissatisfied
43898,Female,26,First-time,Business,Economy,114,0,0.0,4,3,4,3,3,3,3,2,3,3,4,3,3,4,Neutral or Dissatisfied
34222,Male,32,Returning,Personal,Economy,1129,0,0.0,4,5,5,4,2,4,1,4,1,1,4,5,1,5,Satisfied
11654,Male,79,Returning,Business,Business,525,0,0.0,1,4,3,5,1,4,1,4,3,1,4,1,4,4,Satisfied
33319,Male,23,First-time,Business,Economy,1028,0,0.0,2,2,2,2,4,4,1,1,1,1,5,2,1,4,Neutral or Dissatisfied
105080,Male,39,First-time,Business,Business,220,11,9.0,3,3,5,3,5,4,1,3,1,1,5,3,1,4,Neutral or Dissatisfied
100530,Female,17,Returning,Personal,Economy,580,0,0.0,4,1,4,1,3,2,4,3,4,4,4,1,4,3,Neutral or Dissatisfied
92180,Male,41,First-time,Business,Business,1979,0,0.0,4,4,4,4,1,3,4,3,4,4,5,4,4,5,Neutral or Dissatisfied
85760,Female,26,First-time,Business,Business,526,0,0.0,0,0,5,0,2,3,2,2,2,2,5,0,2,5,Satisfied
24390,Male,35,Returning,Personal,Economy,669,0,0.0,5,2,5,2,5,3,2,3,2,2,4,2,2,4,Neutral or Dissatisfied
79524,Female,53,Returning,Business,Business,3521,0,0.0,1,1,5,4,1,4,5,4,3,4,4,1,4,4,Satisfied
45855,Male,24,First-time,Business,Economy,391,0,13.0,2,2,3,2,4,4,2,1,2,2,4,2,2,3,Neutral or Dissatisfied
77799,Female,52,Returning,Personal,Economy,731,0,0.0,5,1,2,3,2,4,4,1,2,4,4,1,4,4,Neutral or Dissatisfied
13106,Male,33,Returning,Business,Business,1990,0,0.0,5,5,5,4,5,4,4,1,4,4,1,5,4,5,Satisfied
39191,Female,52,Returning,Business,Business,318,0,0.0,0,0,1,2,3,1,4,1,4,4,1,0,1,1,Satisfied
64745,Male,40,Returning,Business,Economy,224,0,7.0,2,5,4,1,5,2,1,2,1,1,4,1,1,4,Neutral or Dissatisfied
3888,Female,40,First-time,Business,Business,213,0,2.0,4,4,3,4,3,4,5,4,5,5,3,4,5,3,Neutral or Dissatisfied
38722,Male,43,Returning,Business,Business,3376,0,9.0,2,2,5,4,2,4,4,4,4,2,4,2,4,4,Satisfied
118351,Female,57,Returning,Personal,Economy,639,23,20.0,5,1,4,5,4,5,4,1,4,4,5,1,5,5,Neutral or Dissatisfied
51499,Female,59,Returning,Personal,Business,598,82,77.0,0,2,4,4,5,2,5,2,4,2,2,3,2,4,Neutral or Dissatisfied
88294,Female,44,Returning,Business,Business,581,14,4.0,1,1,3,4,1,2,5,2,4,2,2,1,2,2,Satisfied
73733,Male,57,Returning,Personal,Economy,204,0,0.0,4,3,5,3,5,5,4,3,4,4,5,3,4,5,Neutral or Dissatisfied
63705,Female,53,Returning,Business,Business,1660,26,13.0,1,1,5,5,1,5,5,5,3,2,5,1,5,5,Satisfied
83840,Female,39,First-time,Business,Economy,448,29,27.0,4,2,3,2,3,4,5,3,5,5,4,2,5,3,Neutral or Dissatisfied
86184,Female,58,First-time,Business,Economy,306,124,114.0,1,3,2,3,4,4,2,3,2,2,3,3,2,3,Neutral or Dissatisfied
90168,Female,38,Returning,Personal,Economy,1127,41,56.0,5,2,3,2,4,5,1,4,3,3,4,2,3,5,Neutral or Dissatisfied
83777,Male,42,Returning,Business,Business,1912,2,0.0,3,3,3,4,3,5,5,5,4,3,5,3,5,5,Satisfied
129110,Male,41,Returning,Personal,Economy,2342,1,3.0,3,5,1,1,5,2,1,3,1,5,4,5,3,3,Satisfied
128525,Female,24,Returning,Personal,Economy,355,0,0.0,4,2,4,2,5,4,3,3,3,3,4,2,3,4,Neutral or Dissatisfied
101533,Female,53,Returning,Personal,Economy,345,25,24.0,5,3,3,5,2,3,5,3,5,5,3,3,3,3,Neutral or Dissatisfied
82688,Female,8,First-time,Business,Economy,632,5,0.0,1,2,4,2,3,4,1,2,2,2,3,1,2,4,Neutral or Dissatisfied
106361,Male,53,Returning,Business,Business,643,0,0.0,1,3,5,5,1,5,5,5,3,4,5,1,5,5,Satisfied
48166,Female,54,Returning,Business,Business,2292,0,0.0,5,5,1,3,5,5,4,5,2,3,5,5,5,3,Satisfied
91176,Male,21,Returning,Personal,Economy,404,88,94.0,5,1,4,1,3,4,3,3,3,3,4,1,3,4,Neutral or Dissatisfied
30448,Male,45,Returning,Business,Economy,991,33,23.0,3,2,5,4,2,3,4,4,4,4,5,4,4,4,Satisfied
60986,Male,34,Returning,Business,Business,1805,3,0.0,3,3,3,5,3,4,4,4,3,5,4,3,4,4,Satisfied
82153,Female,46,Returning,Business,Business,311,0,0.0,4,5,4,4,4,5,5,5,5,5,5,4,5,5,Satisfied
31998,Male,21,Returning,Personal,Business,101,0,0.0,4,2,2,2,2,2,1,2,1,1,1,2,1,5,Neutral or Dissatisfied
35759,Female,55,Returning,Personal,Economy,1608,0,0.0,2,2,3,3,4,5,4,2,2,2,5,2,5,5,Neutral or Dissatisfied
41183,Male,51,Returning,Business,Business,395,41,21.0,5,5,4,2,5,4,4,4,1,4,4,5,4,4,Satisfied
21351,Male,68,Returning,Personal,Economy,674,6,0.0,4,4,5,4,1,4,2,5,2,2,4,4,2,4,Neutral or Dissatisfied
41205,Male,54,Returning,Business,Economy,1091,88,79.0,5,5,1,4,5,1,4,1,4,4,4,4,4,5,Satisfied
102042,Female,67,Returning,Business,Business,407,5,0.0,3,3,4,4,3,1,4,1,3,2,1,1,1,1,Neutral or Dissatisfied
18366,Female,18,First-time,Business,Economy,169,4,34.0,4,3,1,3,3,1,4,4,4,4,3,3,4,3,Neutral or Dissatisfied
49798,Female,54,First-time,Business,Economy,156,0,0.0,0,5,4,5,5,3,4,3,4,4,3,5,4,1,Satisfied
116151,Female,68,Returning,Personal,Economy,342,0,0.0,4,2,2,4,4,5,3,2,4,2,5,2,5,3,Neutral or Dissatisfied
105265,Female,11,Returning,Personal,Economy,2106,0,0.0,3,3,3,3,1,4,5,3,5,5,3,3,5,3,Neutral or Dissatisfied
30018,Female,62,Returning,Business,Business,3937,92,75.0,3,3,3,2,3,2,2,2,1,2,2,2,2,2,Neutral or Dissatisfied
48217,Female,47,Returning,Personal,Economy,259,0,0.0,3,3,1,4,5,4,5,3,1,5,4,3,4,1,Neutral or Dissatisfied
63675,Male,47,First-time,Business,Business,1047,0,0.0,3,3,5,3,3,3,1,4,3,3,4,3,3,4,Satisfied
126957,Female,44,Returning,Business,Business,2028,0,0.0,0,0,5,4,3,1,4,1,4,2,1,0,1,1,Satisfied
121973,Female,31,Returning,Business,Business,130,12,13.0,4,4,5,5,4,4,5,2,5,5,4,4,5,5,Satisfied
49949,Male,65,Returning,Business,Economy,153,19,11.0,3,3,1,3,3,1,3,3,3,3,3,3,3,3,Neutral or Dissatisfied
81687,Female,11,First-time,Business,Economy,907,0,0.0,2,2,3,2,4,3,5,2,5,5,3,2,5,3,Neutral or Dissatisfied
79253,Female,47,Returning,Business,Economy,1598,0,0.0,3,3,3,4,3,1,4,1,1,2,1,1,1,1,Neutral or Dissatisfied
33527,Female,32,Returning,Business,Business,1850,0,0.0,1,1,5,4,1,2,5,2,5,5,1,1,5,5,Satisfied
125474,Male,36,Returning,Personal,Economy,2860,0,0.0,4,3,1,3,4,4,5,5,5,5,4,3,5,3,Neutral or Dissatisfied
69905,Male,55,Returning,Business,Business,1514,1,0.0,3,3,3,4,3,4,4,4,5,4,4,3,4,4,Satisfied
121398,Male,34,First-time,Business,Business,331,20,25.0,3,3,3,3,3,4,2,5,2,2,4,3,2,4,Neutral or Dissatisfied
127925,Male,38,Returning,Business,Business,2300,60,37.0,2,2,3,4,2,4,3,4,2,4,4,4,4,4,Neutral or Dissatisfied
123085,Male,53,Returning,Business,Business,1695,29,26.0,3,3,3,4,3,4,5,4,3,2,4,3,4,4,Satisfied
40224,Male,51,Returning,Business,Business,3702,0,0.0,5,5,3,4,5,2,3,2,2,3,2,2,2,2,Neutral or Dissatisfied
106285,Male,56,Returning,Personal,Economy,604,25,40.0,4,1,5,1,3,4,4,5,4,4,4,1,4,5,Neutral or Dissatisfied
127177,Female,38,Returning,Personal,Economy,304,0,0.0,2,2,1,2,3,1,1,3,1,1,3,2,1,3,Neutral or Dissatisfied
57489,Female,58,Returning,Business,Business,1075,13,10.0,1,1,1,1,1,2,1,2,2,4,2,2,2,2,Neutral or Dissatisfied
10520,Male,45,Returning,Business,Business,2880,0,0.0,4,5,4,5,4,5,5,5,3,2,5,4,5,5,Satisfied
14913,Male,39,Returning,Personal,Economy,240,0,34.0,5,2,2,2,2,1,1,4,1,1,4,2,1,1,Neutral or Dissatisfied
62949,Female,58,Returning,Business,Business,3529,9,2.0,5,4,4,5,5,4,4,4,5,4,4,5,4,4,Satisfied
94077,Male,53,Returning,Business,Business,341,68,73.0,4,4,1,2,4,2,3,2,2,1,2,2,2,2,Neutral or Dissatisfied
128103,Female,14,Returning,Business,Economy Plus,2917,5,26.0,5,5,4,3,5,5,4,2,4,4,1,4,3,4,Neutral or Dissatisfied
3258,Female,24,First-time,Business,Economy,483,130,127.0,2,3,1,3,3,3,3,4,3,3,3,3,3,3,Neutral or Dissatisfied
61771,Male,33,Returning,Personal,Economy,1303,0,0.0,4,1,5,1,5,4,4,5,4,4,4,1,4,5,Neutral or Dissatisfied
28260,Male,52,Returning,Business,Business,3561,0,11.0,4,4,4,4,4,2,4,2,2,2,2,2,2,2,Neutral or Dissatisfied
64782,Male,20,First-time,Business,Economy,247,0,4.0,0,2,3,2,2,3,2,4,2,2,5,1,2,5,Neutral or Dissatisfied
77436,Male,18,Returning,Business,Economy Plus,588,0,0.0,2,2,3,2,2,3,2,5,2,2,3,2,2,3,Neutral or Dissatisfied
63613,Female,23,First-time,Business,Business,1440,0,0.0,5,0,4,0,4,4,3,5,3,3,5,0,3,4,Satisfied
3991,Male,33,Returning,Personal,Business,479,0,0.0,2,2,3,2,3,3,1,5,1,1,4,2,1,4,Neutral or Dissatisfied
52436,Male,8,Returning,Personal,Economy,651,0,0.0,3,2,5,2,5,2,1,1,1,1,5,2,1,3,Neutral or Dissatisfied
91960,Male,36,Returning,Personal,Economy,2586,4,0.0,4,2,4,2,5,5,1,4,1,1,4,2,1,3,Neutral or Dissatisfied
19326,Male,28,First-time,Business,Economy,694,0,0.0,4,4,2,4,5,3,5,4,5,5,3,5,5,4,Satisfied
94984,Female,67,Returning,Personal,Economy,239,8,3.0,1,0,2,4,4,4,3,0,1,1,4,4,4,2,Neutral or Dissatisfied
107868,Female,24,Returning,Business,Business,2988,11,0.0,1,4,2,1,4,2,1,3,1,1,3,1,1,3,Neutral or Dissatisfied
112975,Female,46,Returning,Business,Business,1715,0,0.0,1,1,4,5,1,3,4,3,4,4,3,1,3,3,Satisfied
41083,Male,45,Returning,Business,Business,224,37,26.0,4,4,3,5,4,5,4,5,2,5,5,4,5,5,Satisfied
5985,Female,42,Returning,Business,Business,672,0,0.0,5,5,5,5,5,4,4,4,3,3,4,5,4,4,Satisfied
70146,Male,68,Returning,Personal,Economy,550,8,7.0,3,3,3,3,4,1,4,3,5,5,4,3,5,3,Neutral or Dissatisfied
53881,Male,64,Returning,Personal,Economy,140,15,5.0,2,3,2,3,3,2,4,4,4,4,3,3,4,3,Neutral or Dissatisfied
125701,Male,67,Returning,Personal,Economy,899,0,0.0,5,2,5,2,2,5,2,2,2,2,5,2,2,4,Neutral or Dissatisfied
96559,Female,38,First-time,Business,Business,436,0,0.0,2,2,4,2,1,4,3,2,3,3,5,2,3,5,Neutral or Dissatisfied
74191,Male,18,Returning,Personal,Economy,641,0,0.0,5,3,5,3,2,4,4,2,4,4,4,3,4,5,Neutral or Dissatisfied
81949,Female,41,Returning,Business,Business,1532,0,0.0,2,4,4,4,2,4,4,4,5,3,4,2,4,4,Satisfied
108647,Male,48,Returning,Personal,Economy,762,54,34.0,5,5,3,5,2,4,4,4,4,4,5,4,4,4,Satisfied
40921,Female,31,Returning,Personal,Economy,590,0,0.0,5,2,4,2,2,4,5,5,5,5,5,2,5,4,Neutral or Dissatisfied
98198,Male,28,Returning,Personal,Economy,327,25,27.0,0,2,5,2,1,3,3,4,3,3,5,1,3,5,Neutral or Dissatisfied
113855,Female,61,Returning,Business,Business,1334,0,0.0,2,2,3,4,2,4,4,4,3,2,4,2,4,4,Satisfied
58152,Female,23,First-time,Business,Economy,925,8,2.0,3,3,5,3,3,3,4,4,4,4,5,3,4,4,Neutral or Dissatisfied
51621,Male,39,Returning,Business,Economy,370,13,0.0,1,1,3,5,1,1,5,2,5,5,5,5,5,4,Satisfied
33288,Male,21,Returning,Personal,Economy Plus,101,0,1.0,4,2,3,2,4,5,5,4,5,5,4,2,5,4,Neutral or Dissatisfied
50313,Male,49,Returning,Business,Business,2276,0,8.0,5,5,4,3,5,4,2,4,4,3,4,3,4,3,Neutral or Dissatisfied
107817,Female,32,First-time,Business,Economy,349,0,0.0,4,2,1,2,4,3,3,4,3,3,4,2,3,4,Neutral or Dissatisfied
29353,Male,44,Returning,Business,Business,2466,0,0.0,4,4,5,5,4,4,4,4,3,5,4,4,4,4,Satisfied
27944,Male,54,Returning,Business,Economy,1770,0,0.0,4,4,3,4,4,4,3,4,3,3,1,4,3,5,Satisfied
47850,Female,22,First-time,Business,Economy,329,38,42.0,0,3,3,3,3,3,5,5,5,5,4,3,5,4,Neutral or Dissatisfied
94170,Female,59,Returning,Business,Business,3187,3,0.0,1,2,3,5,2,5,5,5,5,3,5,2,5,5,Satisfied
94398,Male,48,Returning,Business,Business,239,3,3.0,4,4,5,4,4,5,4,5,4,4,5,4,5,5,Satisfied
110120,Female,41,Returning,Business,Business,882,9,8.0,0,0,4,3,2,5,3,0,4,2,5,1,5,5,Neutral or Dissatisfied
122954,Female,12,Returning,Business,Business,650,13,24.0,5,5,3,2,5,5,2,2,2,2,4,5,2,4,Satisfied
120593,Female,66,Returning,Personal,Economy,980,0,4.0,5,3,3,4,3,1,5,3,4,3,1,3,1,1,Neutral or Dissatisfied
80015,Male,69,Returning,Personal,Economy,1005,0,0.0,4,1,3,1,4,4,4,5,4,4,4,1,4,5,Neutral or Dissatisfied
127221,Male,45,Returning,Business,Economy Plus,370,0,0.0,5,5,4,5,5,3,5,2,5,5,2,5,5,1,Satisfied
76551,Female,39,Returning,Business,Business,516,9,12.0,4,4,4,5,4,4,4,4,3,3,4,4,4,4,Satisfied
46253,Male,64,Returning,Personal,Economy,752,0,0.0,4,2,4,2,4,5,5,5,5,5,5,2,5,4,Neutral or Dissatisfied
80508,Male,52,Returning,Business,Business,1749,0,2.0,4,4,1,2,4,4,3,4,2,2,4,4,4,4,Neutral or Dissatisfied
4046,Female,9,Returning,Personal,Economy,483,0,0.0,3,2,5,2,4,3,5,1,5,5,4,2,5,3,Neutral or Dissatisfied
88349,Female,42,Returning,Business,Business,515,16,13.0,2,2,5,4,2,5,5,5,5,3,5,2,5,5,Satisfied
74547,Female,55,Returning,Business,Business,1431,24,12.0,5,5,4,4,5,4,4,4,4,4,4,5,4,4,Satisfied
743,Female,52,Returning,Business,Business,1975,0,0.0,0,0,4,5,4,1,4,1,3,5,1,0,1,1,Satisfied
85653,Male,39,Returning,Personal,Economy Plus,259,32,27.0,1,3,4,3,2,2,5,4,5,5,1,3,5,2,Neutral or Dissatisfied
33334,Male,48,Returning,Business,Economy,2355,0,0.0,1,2,1,4,2,4,4,3,4,4,5,4,4,4,Satisfied
29768,Male,34,Returning,Business,Business,2497,0,0.0,3,3,3,3,3,3,3,3,4,5,3,3,3,3,Neutral or Dissatisfied
49449,Female,69,Returning,Business,Economy,209,0,0.0,2,2,1,5,2,5,4,5,3,4,5,5,5,5,Satisfied
18851,Female,15,First-time,Business,Economy,448,1,0.0,4,2,5,2,4,2,2,1,2,2,5,2,2,5,Neutral or Dissatisfied
75806,Female,42,Returning,Business,Business,2194,0,0.0,1,1,3,5,1,5,5,5,5,3,5,1,5,5,Satisfied
49009,Male,52,Returning,Business,Economy,109,0,2.0,2,2,2,4,2,5,4,1,4,4,1,4,4,1,Satisfied
116460,Male,57,Returning,Personal,Economy,337,36,24.0,4,1,3,1,1,3,1,4,1,1,5,1,1,4,Neutral or Dissatisfied
107344,Female,23,First-time,Business,Business,632,24,19.0,5,3,4,3,4,4,4,4,3,3,4,4,3,5,Satisfied
56161,Male,45,Returning,Business,Business,1400,4,9.0,5,5,3,5,5,4,5,4,5,2,4,5,4,4,Satisfied
29784,Male,29,Returning,Business,Business,2528,0,5.0,5,5,1,4,5,2,3,2,3,3,5,5,3,1,Satisfied
81070,Male,49,Returning,Business,Business,931,0,0.0,1,1,5,5,1,4,4,4,5,4,4,1,4,4,Satisfied
105657,Female,33,Returning,Business,Business,2235,0,0.0,2,2,3,4,2,5,5,5,5,5,5,2,5,5,Satisfied
84314,Female,51,Returning,Business,Business,591,42,28.0,2,2,5,4,2,5,5,5,3,2,5,2,5,5,Satisfied
93440,Female,24,First-time,Business,Business,271,50,45.0,0,4,1,4,3,2,2,5,2,2,2,4,2,1,Satisfied
24543,Female,42,Returning,Business,Economy,874,0,1.0,1,1,4,5,1,4,4,4,2,5,4,4,4,4,Satisfied
52542,Female,63,Returning,Business,Economy,119,0,0.0,4,4,2,5,4,4,5,4,1,3,4,4,4,4,Satisfied
28008,Male,39,Returning,Business,Business,763,0,3.0,4,4,1,2,4,5,3,5,5,2,5,4,5,5,Satisfied
99536,Female,57,Returning,Business,Business,3217,17,15.0,4,4,4,4,4,2,5,3,4,2,2,4,2,2,Satisfied
121697,Female,56,Returning,Business,Business,3085,0,2.0,2,2,3,4,2,5,4,5,3,4,5,2,5,4,Satisfied
33747,Female,31,Returning,Business,Economy Plus,2277,0,0.0,1,1,2,5,1,5,5,1,5,5,2,5,5,4,Satisfied
8248,Male,60,Returning,Personal,Economy,294,0,4.0,4,1,5,1,4,5,4,2,4,4,4,1,4,4,Neutral or Dissatisfied
25403,Male,43,Returning,Business,Economy,990,37,42.0,1,5,4,4,1,5,4,4,4,4,1,4,4,1,Satisfied
29037,Male,20,Returning,Personal,Economy,987,11,0.0,5,4,3,4,5,3,5,3,5,5,5,4,5,5,Satisfied
83982,Female,20,Returning,Business,Economy,373,59,62.0,2,3,3,3,2,1,1,3,3,3,4,3,3,3,Neutral or Dissatisfied
13003,Male,38,Returning,Business,Economy,438,0,0.0,1,1,3,5,1,2,5,1,5,5,1,5,5,1,Satisfied
17111,Female,49,Returning,Personal,Economy,416,0,0.0,5,2,1,3,4,2,1,2,3,4,2,2,2,2,Neutral or Dissatisfied
1473,Female,54,Returning,Personal,Economy,772,24,19.0,5,1,4,1,4,1,1,1,5,4,1,1,1,1,Neutral or Dissatisfied
79018,Female,33,First-time,Business,Business,356,0,0.0,3,3,3,3,2,5,4,2,4,4,5,2,4,5,Neutral or Dissatisfied
117886,Female,38,First-time,Business,Business,255,0,8.0,1,1,3,1,2,3,4,5,4,4,5,1,4,5,Neutral or Dissatisfied
100589,Female,53,Returning,Personal,Economy,486,58,53.0,5,1,1,4,4,5,4,1,1,5,5,1,5,1,Neutral or Dissatisfied
15997,Female,54,Returning,Business,Economy,780,16,33.0,3,3,3,3,3,3,3,3,4,2,3,3,3,3,Neutral or Dissatisfied
124719,Male,14,Returning,Personal,Economy,399,6,0.0,5,2,5,2,3,3,5,4,5,5,5,2,5,4,Neutral or Dissatisfied
109429,Male,48,Returning,Business,Business,2114,52,45.0,4,4,5,5,4,5,5,5,4,3,5,4,5,5,Satisfied
113684,Male,64,Returning,Personal,Economy,386,81,79.0,4,3,5,3,4,3,4,3,4,4,4,3,4,4,Neutral or Dissatisfied
12964,Female,38,Returning,Business,Economy Plus,163,12,32.0,2,2,5,4,2,4,4,3,4,4,1,4,4,5,Satisfied
103824,Male,27,Returning,Business,Business,1072,29,13.0,5,2,4,1,2,2,1,3,1,1,3,1,1,4,Neutral or Dissatisfied
58912,Male,19,Returning,Personal,Economy,888,1,0.0,4,2,5,2,3,4,1,4,1,1,4,2,1,4,Neutral or Dissatisfied
4364,Female,33,First-time,Business,Business,607,73,125.0,3,3,4,3,4,5,2,2,2,2,5,3,2,5,Neutral or Dissatisfied
127107,Male,19,Returning,Personal,Economy,621,0,3.0,4,2,4,2,3,1,3,3,5,5,3,2,5,4,Neutral or Dissatisfied
99580,Female,33,Returning,Business,Business,2831,0,0.0,5,5,1,3,5,4,3,4,3,2,4,4,4,4,Neutral or Dissatisfied
69598,Female,60,Returning,Personal,Economy,2475,0,0.0,5,3,1,1,3,5,1,5,1,3,1,3,2,1,Neutral or Dissatisfied
10134,Female,63,Returning,Personal,Economy,946,0,0.0,5,4,3,4,1,2,1,4,1,1,2,4,2,2,Satisfied
30248,Female,39,Returning,Personal,Economy Plus,896,1,7.0,4,3,5,3,2,4,2,3,2,2,4,3,2,5,Neutral or Dissatisfied
62612,Female,47,Returning,Personal,Economy,1744,8,6.0,2,1,1,4,4,3,3,1,4,2,3,1,3,3,Neutral or Dissatisfied
12338,Male,40,Returning,Business,Business,192,104,177.0,2,2,2,4,2,5,2,4,2,2,4,4,2,3,Neutral or Dissatisfied
63283,Male,62,Returning,Business,Business,3086,0,0.0,1,2,4,3,1,2,3,2,4,3,2,2,2,2,Neutral or Dissatisfied
8396,Male,36,Returning,Business,Business,488,73,62.0,5,5,4,3,5,2,3,2,3,5,2,2,2,2,Neutral or Dissatisfied
63111,Male,59,Returning,Personal,Economy Plus,948,0,0.0,1,3,4,3,3,1,4,3,4,4,2,3,4,3,Neutral or Dissatisfied
50752,Male,41,Returning,Personal,Economy,447,0,0.0,5,3,4,3,1,3,3,4,5,5,4,3,5,4,Neutral or Dissatisfied
79130,Male,29,Returning,Personal,Economy,356,0,0.0,5,2,4,2,4,3,5,2,5,5,4,2,5,5,Neutral or Dissatisfied
126241,Male,23,First-time,Business,Economy,590,2,19.0,4,3,3,3,3,1,3,1,3,3,4,3,3,4,Neutral or Dissatisfied
60197,Male,25,Returning,Business,Business,1506,92,69.0,3,3,4,5,3,3,5,4,5,5,4,3,5,4,Satisfied
128950,Female,36,Returning,Business,Business,3984,0,0.0,1,1,5,4,1,4,4,4,4,2,4,1,4,4,Satisfied
104385,Female,51,Returning,Personal,Economy,228,8,1.0,5,3,1,5,2,3,5,3,1,1,3,3,3,3,Neutral or Dissatisfied
72082,Female,54,Returning,Business,Economy,2504,3,0.0,5,5,4,3,5,3,4,3,2,3,3,3,3,3,Neutral or Dissatisfied
3292,Male,22,Returning,Personal,Economy,479,0,43.0,2,4,2,4,4,1,1,5,4,4,4,4,4,4,Neutral or Dissatisfied
24572,Male,56,Returning,Personal,Economy,874,0,21.0,0,4,3,4,4,4,4,4,3,3,4,4,3,4,Neutral or Dissatisfied
66796,Male,24,Returning,Personal,Economy,3784,12,0.0,4,3,3,3,4,4,3,5,3,3,4,2,5,2,Neutral or Dissatisfied
105734,Male,49,Returning,Business,Business,2172,164,177.0,3,3,3,3,3,3,3,4,3,3,2,3,3,3,Neutral or Dissatisfied
45242,Female,63,Returning,Personal,Economy,911,0,0.0,4,3,5,5,3,2,4,3,4,5,2,3,2,2,Neutral or Dissatisfied
24137,Female,72,Returning,Business,Business,134,0,0.0,5,5,4,4,5,5,4,5,3,3,5,5,5,4,Satisfied
8361,Female,32,First-time,Business,Business,674,0,0.0,3,3,3,3,3,3,1,5,4,4,4,3,4,4,Neutral or Dissatisfied
92217,Female,53,Returning,Personal,Economy,2079,0,0.0,0,3,5,4,5,5,5,3,5,3,5,2,5,5,Neutral or Dissatisfied
89243,Male,64,Returning,Personal,Economy Plus,1892,21,0.0,3,3,4,3,3,4,4,3,4,4,2,3,4,2,Neutral or Dissatisfied
41717,Male,22,Returning,Business,Economy Plus,1262,0,1.0,3,3,1,5,3,4,5,1,5,5,2,5,5,1,Satisfied
123822,Female,25,Returning,Business,Business,3007,0,0.0,3,3,4,2,3,1,2,2,2,2,3,2,2,2,Neutral or Dissatisfied
69129,Male,56,Returning,Personal,Economy,1598,0,0.0,4,3,1,3,3,4,2,4,2,2,3,3,2,4,Neutral or Dissatisfied
18545,Male,77,First-time,Business,Economy,190,0,0.0,3,4,2,4,4,2,5,3,5,5,3,4,5,4,Neutral or Dissatisfied
95964,Female,39,Returning,Business,Business,2736,38,36.0,5,5,5,5,5,5,4,5,3,2,5,5,5,5,Satisfied
31247,Male,48,Returning,Personal,Economy,472,0,8.0,5,1,3,1,2,5,4,5,4,4,1,2,4,3,Neutral or Dissatisfied
120078,Female,22,Returning,Business,Business,1722,0,53.0,5,5,3,2,5,2,2,4,2,2,3,2,2,3,Neutral or Dissatisfied
12665,Male,47,Returning,Business,Economy,721,0,0.0,3,3,5,4,3,3,4,3,4,4,2,4,4,5,Satisfied
71278,Male,7,Returning,Personal,Economy,733,3,0.0,3,2,4,2,5,5,3,4,3,3,4,2,3,5,Neutral or Dissatisfied
123779,Male,60,Returning,Business,Business,541,0,0.0,3,2,5,5,3,5,4,5,4,3,5,3,5,5,Satisfied
29269,Female,23,First-time,Business,Economy,859,0,4.0,5,5,4,5,1,3,5,2,5,5,5,5,5,4,Satisfied
113561,Male,65,Returning,Business,Economy,258,0,4.0,1,1,1,2,1,4,2,5,2,2,2,2,2,2,Neutral or Dissatisfied
111463,Male,25,Returning,Personal,Economy,836,32,34.0,4,1,3,1,5,3,5,4,5,5,5,1,5,4,Neutral or Dissatisfied
25994,Male,58,Returning,Personal,Economy,577,0,0.0,5,3,4,3,5,5,5,2,1,1,4,3,1,4,Neutral or Dissatisfied
16154,Female,39,First-time,Business,Business,284,0,0.0,3,3,5,3,1,2,3,2,3,3,4,2,3,2,Neutral or Dissatisfied
16187,Male,15,Returning,Business,Business,277,44,45.0,1,1,2,2,1,4,2,4,2,2,3,2,2,3,Neutral or Dissatisfied
14771,Male,28,First-time,Business,Economy,545,0,0.0,5,1,3,1,4,4,5,4,5,5,1,1,5,4,Neutral or Dissatisfied
37380,Female,26,First-time,Business,Economy,1028,108,100.0,2,2,2,2,3,1,3,4,3,3,4,3,3,3,Neutral or Dissatisfied
74668,Male,8,Returning,Personal,Economy,1431,0,0.0,1,3,2,3,2,2,5,5,5,5,1,3,5,2,Neutral or Dissatisfied
112042,Female,27,Returning,Business,Business,1123,1,0.0,2,2,3,5,2,3,5,3,5,5,5,2,5,5,Satisfied
49389,Female,50,Returning,Business,Business,89,28,19.0,1,1,2,4,1,4,3,4,3,5,4,1,4,3,Satisfied
18751,Male,64,Returning,Personal,Economy,1167,4,0.0,4,3,5,3,2,5,2,5,2,2,5,3,2,5,Neutral or Dissatisfied
96787,Male,36,First-time,Business,Business,957,0,0.0,2,2,3,2,3,3,1,3,1,1,5,2,1,5,Neutral or Dissatisfied
11017,Male,55,Returning,Business,Business,247,0,9.0,2,2,3,3,2,3,3,3,1,5,3,3,3,3,Neutral or Dissatisfied
10047,Female,38,First-time,Business,Economy,326,0,4.0,2,3,3,3,4,3,1,4,1,1,3,3,1,3,Neutral or Dissatisfied
110331,Female,51,Returning,Business,Business,3958,47,53.0,2,3,5,4,2,4,4,4,4,2,4,2,4,4,Satisfied
116417,Male,66,Returning,Personal,Economy,337,5,0.0,4,2,5,2,2,3,4,5,5,5,4,2,5,5,Neutral or Dissatisfied
13351,Female,14,Returning,Business,Business,2835,0,0.0,1,1,3,3,1,4,3,5,3,3,4,3,3,4,Neutral or Dissatisfied
77198,Female,59,Returning,Business,Economy Plus,290,12,11.0,0,0,3,4,3,2,4,1,3,3,2,1,2,2,Neutral or Dissatisfied
101315,Male,43,Returning,Business,Business,2468,57,46.0,2,2,4,4,2,5,5,5,4,5,5,2,5,5,Satisfied
120581,Male,58,Returning,Business,Business,980,14,9.0,4,4,4,4,4,5,4,5,4,2,5,4,5,5,Satisfied
56957,Male,29,Returning,Business,Economy,2454,8,0.0,3,4,3,3,3,1,3,2,3,3,2,3,4,4,Neutral or Dissatisfied
43670,Female,54,First-time,Business,Economy,295,0,0.0,0,2,2,2,4,5,1,2,1,1,3,2,1,3,Neutral or Dissatisfied
75066,Male,39,Returning,Business,Business,2611,0,0.0,4,4,3,5,4,2,4,3,4,4,2,4,2,2,Satisfied
22221,Female,32,Returning,Business,Economy Plus,773,12,14.0,5,5,4,4,5,5,4,1,4,4,4,4,4,3,Satisfied
85346,Male,41,Returning,Business,Economy Plus,696,0,0.0,5,5,2,1,5,3,1,1,1,1,4,1,1,3,Neutral or Dissatisfied
8646,Female,40,Returning,Business,Business,3707,17,11.0,2,2,4,5,2,4,4,4,4,3,4,2,4,4,Satisfied
122802,Male,23,First-time,Business,Business,599,2,0.0,4,5,5,5,3,4,4,2,4,4,4,5,4,4,Satisfied
19290,Male,24,First-time,Business,Economy,299,0,0.0,5,2,4,2,2,3,1,1,1,1,3,2,1,1,Neutral or Dissatisfied
68801,Female,56,Returning,Personal,Economy,861,0,0.0,5,2,4,4,4,1,4,2,4,3,1,2,1,1,Neutral or Dissatisfied
98728,Female,39,Returning,Business,Business,1558,7,0.0,4,2,5,5,4,3,4,3,3,3,3,4,3,3,Satisfied
69288,Female,44,Returning,Business,Business,2968,0,0.0,1,1,5,5,1,5,5,5,5,2,5,1,5,5,Satisfied
62089,Male,20,Returning,Personal,Economy Plus,2475,31,,1,4,2,4,4,2,2,4,4,4,3,4,4,3,Neutral or Dissatisfied
54455,Male,40,Returning,Business,Business,1815,101,90.0,4,4,5,5,4,4,5,4,5,5,4,4,4,4,Satisfied
90285,Female,51,Returning,Business,Business,757,0,0.0,2,2,5,5,2,5,5,4,3,4,5,2,5,5,Satisfied
114913,Female,58,Returning,Business,Business,1834,0,0.0,1,1,4,4,1,4,4,4,3,3,4,1,4,4,Satisfied
114902,Female,52,Returning,Business,Business,373,1,0.0,5,2,4,5,2,4,5,4,3,3,4,2,4,4,Satisfied
125886,Male,43,Returning,Personal,Economy,1013,0,0.0,3,3,4,3,3,2,3,5,4,4,4,3,4,1,Neutral or Dissatisfied
29046,Female,25,Returning,Personal,Economy,954,0,8.0,5,2,3,2,2,3,3,4,3,3,4,3,3,5,Neutral or Dissatisfied
73754,Female,44,Returning,Personal,Economy,204,0,0.0,1,4,4,2,2,3,2,4,3,2,3,4,3,3,Neutral or Dissatisfied
97222,Female,34,Returning,Personal,Economy Plus,1164,0,0.0,4,3,3,3,2,5,1,2,4,4,5,3,4,4,Neutral or Dissatisfied
62012,Female,35,First-time,Business,Business,2586,32,4.0,1,1,5,1,2,5,4,3,2,2,4,2,2,4,Neutral or Dissatisfied
109427,Male,21,Returning,Personal,Business,992,8,0.0,5,1,3,1,4,4,1,2,1,1,5,1,1,5,Neutral or Dissatisfied
118340,Female,72,Returning,Business,Business,202,13,8.0,2,2,1,3,2,4,4,3,4,1,4,3,4,3,Neutral or Dissatisfied
84960,Male,23,Returning,Personal,Economy Plus,547,0,0.0,3,2,2,2,2,1,5,5,5,5,1,3,5,5,Neutral or Dissatisfied
6320,Male,27,First-time,Business,Business,315,55,49.0,3,3,3,3,3,4,1,2,4,4,4,4,4,4,Satisfied
48077,Male,41,First-time,Business,Business,173,61,62.0,4,4,4,4,4,4,5,5,5,5,4,4,5,3,Neutral or Dissatisfied
50304,Female,24,First-time,Business,Economy,109,0,0.0,3,1,3,1,4,2,3,3,5,5,3,2,5,4,Neutral or Dissatisfied
109229,Female,31,Returning,Personal,Economy,616,3,0.0,5,3,1,3,3,2,4,2,4,4,3,3,4,4,Neutral or Dissatisfied
50528,Male,39,Returning,Personal,Economy,250,0,0.0,4,5,3,5,4,4,1,5,1,1,5,5,1,4,Satisfied
44181,Female,61,Returning,Business,Business,231,3,14.0,0,0,2,1,5,5,1,5,2,1,5,0,5,5,Satisfied
28552,Female,25,Returning,Personal,Economy,2688,20,0.0,4,1,4,1,3,5,5,5,5,5,4,1,5,4,Neutral or Dissatisfied
52809,Male,58,Returning,Business,Economy,2402,0,0.0,2,2,2,4,2,5,4,5,4,4,3,4,4,5,Satisfied
79981,Male,35,Returning,Personal,Economy,1010,0,30.0,5,2,3,2,3,5,2,4,2,2,4,2,2,1,Neutral or Dissatisfied
63821,Female,8,First-time,Business,Business,1158,0,0.0,4,3,1,3,3,2,1,5,1,1,3,3,1,4,Neutral or Dissatisfied
89376,Female,42,Returning,Business,Business,151,43,48.0,3,5,3,4,3,4,4,4,5,5,4,3,4,5,Satisfied
29539,Female,53,Returning,Business,Business,2472,0,0.0,2,2,5,4,2,5,5,5,4,5,5,2,5,5,Satisfied
385,Female,45,Returning,Business,Business,229,0,0.0,0,0,3,4,4,2,4,2,3,4,2,0,2,2,Satisfied
73201,Female,19,Returning,Personal,Economy,1258,30,18.0,2,1,2,1,3,1,2,4,2,2,2,1,2,1,Neutral or Dissatisfied
124235,Male,60,Returning,Business,Business,1916,0,0.0,3,5,5,3,5,5,5,5,4,3,5,5,5,5,Satisfied
17062,Male,26,Returning,Business,Economy Plus,1134,0,0.0,3,3,2,5,3,2,5,1,5,5,4,5,5,4,Satisfied
86262,Male,17,Returning,Personal,Economy,226,0,0.0,4,2,4,2,3,5,2,1,5,5,2,2,5,5,Neutral or Dissatisfied
61413,Male,27,Returning,Personal,Economy,679,0,0.0,4,5,5,5,1,3,4,4,4,4,5,4,4,4,Neutral or Dissatisfied
114788,Male,61,Returning,Business,Business,2695,0,0.0,4,4,3,3,4,2,4,2,2,3,2,2,2,2,Neutral or Dissatisfied
87134,Female,68,Returning,Personal,Economy,645,42,17.0,5,3,4,1,2,4,3,3,2,2,4,3,4,4,Neutral or Dissatisfied
13293,Female,38,Returning,Business,Economy Plus,657,0,0.0,1,1,4,2,1,1,2,5,2,2,4,2,2,4,Neutral or Dissatisfied
12433,Male,40,Returning,Personal,Economy,190,0,3.0,5,1,3,1,2,3,3,2,3,3,5,1,3,5,Neutral or Dissatisfied
15437,Male,27,First-time,Business,Economy,164,0,0.0,3,1,2,1,3,3,4,3,4,4,4,1,4,3,Neutral or Dissatisfied
38419,Female,29,Returning,Business,Business,965,0,0.0,4,4,5,4,4,3,4,4,4,4,3,4,4,1,Satisfied
2529,Female,44,First-time,Business,Economy,304,15,19.0,3,2,4,2,3,3,4,2,3,3,3,2,3,3,Neutral or Dissatisfied
113546,Female,63,Returning,Business,Business,3762,15,12.0,1,1,3,4,1,5,4,5,3,4,5,1,5,5,Satisfied
9106,Male,44,Returning,Business,Business,3520,0,0.0,4,4,3,4,4,3,4,3,4,5,3,4,3,3,Satisfied
100563,Male,41,Returning,Personal,Business,486,36,30.0,2,2,3,3,3,5,3,2,4,1,5,2,5,3,Neutral or Dissatisfied
93268,Female,20,First-time,Business,Economy,806,7,5.0,2,2,5,2,2,4,4,4,4,4,4,2,4,5,Neutral or Dissatisfied
58684,Female,58,Returning,Personal,Economy,837,0,0.0,5,3,5,5,2,1,5,3,2,4,1,3,1,1,Neutral or Dissatisfied
110678,Male,43,Returning,Business,Business,605,5,0.0,4,4,3,3,4,4,3,4,4,2,4,4,4,4,Neutral or Dissatisfied
73891,Female,30,First-time,Business,Business,1062,0,7.0,4,4,5,4,1,5,1,3,1,1,4,4,1,4,Satisfied
96426,Male,53,Returning,Business,Business,302,68,64.0,1,1,3,4,1,4,4,4,5,4,4,1,4,4,Satisfied
75701,Male,54,Returning,Business,Business,2610,0,0.0,1,1,3,5,1,4,5,4,5,5,4,1,4,4,Satisfied
124865,Female,65,First-time,Business,Business,280,0,5.0,2,2,4,2,2,4,5,5,2,2,5,2,2,5,Neutral or Dissatisfied
112576,Male,57,Returning,Business,Business,2397,0,0.0,3,2,3,5,2,2,5,2,4,3,2,2,2,2,Satisfied
45657,Male,39,Returning,Personal,Economy,260,0,0.0,3,2,3,2,4,4,5,1,5,5,3,2,5,4,Neutral or Dissatisfied
77574,Male,26,First-time,Business,Business,689,0,0.0,2,2,5,2,3,4,1,2,1,1,4,2,1,5,Neutral or Dissatisfied
110041,Male,60,Returning,Business,Business,2173,123,121.0,1,1,5,4,1,5,5,5,3,5,5,1,5,5,Satisfied
17224,Female,39,Returning,Business,Economy,1092,0,0.0,1,1,5,5,1,4,5,3,5,5,4,5,5,3,Satisfied
116644,Male,55,Returning,Business,Economy Plus,337,0,0.0,2,3,4,3,3,2,3,4,3,3,3,3,3,3,Neutral or Dissatisfied
102163,Male,39,First-time,Business,Business,258,2,0.0,5,5,5,5,2,5,4,3,4,4,5,5,4,4,Satisfied
127164,Female,14,Returning,Personal,Economy,338,0,0.0,3,1,1,1,3,3,1,5,2,2,2,4,2,2,Neutral or Dissatisfied
10445,Female,49,Returning,Business,Business,2497,0,0.0,5,5,3,4,5,5,5,5,3,5,5,5,5,5,Satisfied
82239,Female,8,Returning,Personal,Economy,405,11,30.0,3,1,3,1,4,1,4,2,4,4,1,2,4,1,Neutral or Dissatisfied
96326,Male,22,First-time,Business,Economy,359,0,1.0,5,3,3,3,3,4,4,5,3,3,5,3,3,4,Neutral or Dissatisfied
39325,Female,33,Returning,Business,Economy Plus,67,42,41.0,3,3,4,5,3,5,5,5,5,5,5,5,5,3,Satisfied
27068,Female,17,Returning,Business,Business,1399,0,0.0,2,2,1,5,2,2,5,3,5,5,4,2,5,5,Satisfied
79093,Female,43,Returning,Personal,Economy,226,1,0.0,5,0,3,5,2,5,5,0,5,5,5,1,5,5,Neutral or Dissatisfied
86811,Female,23,First-time,Business,Economy,692,1,2.0,1,1,5,1,3,3,4,4,4,4,4,1,4,4,Neutral or Dissatisfied
24689,Male,32,Returning,Personal,Economy,761,0,12.0,5,4,1,4,5,2,4,5,4,4,3,3,4,5,Neutral or Dissatisfied
11455,Female,38,Returning,Business,Economy Plus,429,22,29.0,4,4,2,3,4,2,3,4,3,3,3,3,3,4,Neutral or Dissatisfied
30012,Female,41,Returning,Business,Business,160,0,0.0,3,3,3,3,3,2,2,2,4,1,2,2,2,2,Neutral or Dissatisfied
17570,Female,58,Returning,Business,Economy,1034,41,30.0,3,1,3,1,1,5,1,5,2,3,5,5,5,5,Satisfied
113999,Female,33,First-time,Business,Economy,999,33,19.0,3,3,1,3,4,1,1,4,1,1,4,3,1,3,Neutral or Dissatisfied
129469,Male,23,First-time,Business,Economy,1428,0,7.0,2,2,3,2,2,4,2,3,2,2,4,2,2,5,Neutral or Dissatisfied
35040,Female,46,First-time,Business,Business,1076,0,0.0,2,2,3,2,2,4,4,4,4,4,5,2,4,5,Satisfied
72362,Male,43,Returning,Business,Business,929,1,1.0,2,5,4,4,5,4,5,4,3,5,4,5,4,4,Satisfied
23997,Male,43,Returning,Business,Economy,562,0,0.0,3,3,4,4,3,4,4,1,4,4,4,4,4,3,Satisfied
68160,Male,16,Returning,Business,Economy,603,23,10.0,5,5,1,4,5,2,2,2,4,4,3,4,4,3,Neutral or Dissatisfied
73839,Male,51,Returning,Business,Business,1709,0,0.0,4,4,3,5,4,4,4,4,4,5,4,4,4,4,Satisfied
111192,Male,33,Returning,Business,Economy,1703,1,0.0,1,1,4,2,1,4,2,5,2,2,4,2,2,3,Neutral or Dissatisfied
46327,Female,60,Returning,Personal,Economy,420,0,0.0,2,5,2,4,3,1,3,5,1,2,1,5,1,1,Satisfied
104446,Female,33,Returning,Business,Economy Plus,1024,0,0.0,1,1,2,2,1,3,2,3,2,2,3,2,2,3,Neutral or Dissatisfied
61895,Male,30,First-time,Business,Economy Plus,2521,0,0.0,2,2,5,2,5,3,5,2,5,5,5,2,5,2,Neutral or Dissatisfied
99807,Male,34,Returning,Personal,Economy,632,0,0.0,5,3,3,3,4,3,2,3,2,2,2,3,2,2,Neutral or Dissatisfied
3730,Female,10,Returning,Personal,Economy,431,0,0.0,4,4,3,4,1,4,3,5,4,4,5,4,4,5,Neutral or Dissatisfied
4422,Male,59,Returning,Business,Business,762,0,0.0,1,1,3,5,1,3,5,3,3,5,3,1,3,3,Satisfied
807,Female,58,First-time,Business,Business,396,0,0.0,4,4,1,4,4,2,5,4,5,5,3,4,5,4,Neutral or Dissatisfied
77907,Female,56,Returning,Personal,Economy,456,0,4.0,4,2,3,4,3,5,4,2,3,3,5,2,5,5,Neutral or Dissatisfied
5788,Male,59,Returning,Business,Business,273,17,47.0,3,2,3,4,3,5,5,5,3,4,5,3,5,5,Satisfied
994,Female,38,Returning,Business,Business,3827,0,0.0,3,3,5,4,3,4,1,4,4,2,4,3,4,5,Satisfied
88813,Female,23,First-time,Business,Economy,581,10,25.0,2,3,2,3,3,3,1,4,1,1,3,3,1,4,Neutral or Dissatisfied
68359,Female,40,Returning,Business,Business,2072,0,0.0,5,4,3,4,5,4,5,4,4,2,4,5,4,4,Satisfied
27632,Male,38,Returning,Business,Economy Plus,937,0,0.0,2,2,2,1,2,4,1,2,1,1,2,1,1,2,Neutral or Dissatisfied
116664,Female,52,Returning,Business,Economy Plus,342,25,13.0,1,5,4,4,1,2,3,2,1,1,2,2,2,2,Neutral or Dissatisfied
112721,Female,16,Returning,Personal,Economy,723,41,38.0,5,2,2,2,4,3,2,4,2,2,4,2,2,5,Neutral or Dissatisfied
9230,Male,51,Returning,Business,Business,3848,0,26.0,2,2,1,2,2,3,2,3,4,1,3,1,3,1,Neutral or Dissatisfied
26105,Male,10,First-time,Business,Economy,591,0,3.0,0,4,4,4,3,4,3,4,2,2,5,4,2,5,Satisfied
39976,Male,52,Returning,Business,Economy,1404,0,0.0,3,5,1,2,3,4,2,2,2,2,4,2,2,3,Neutral or Dissatisfied
1732,Male,37,Returning,Business,Business,1692,30,38.0,4,4,2,4,4,3,4,3,2,3,3,3,3,3,Neutral or Dissatisfied
30071,Male,23,Returning,Personal,Economy,95,0,11.0,2,0,4,0,4,4,2,5,2,2,4,5,2,4,Satisfied
98686,Male,65,Returning,Personal,Economy,920,0,0.0,1,0,3,0,4,4,2,5,2,2,3,1,2,3,Neutral or Dissatisfied
35693,Female,20,First-time,Business,Economy,2586,95,104.0,2,2,4,4,3,5,4,4,4,2,3,2,1,4,Neutral or Dissatisfied
81675,Female,55,Returning,Business,Economy,907,19,11.0,3,3,1,4,3,2,3,2,3,4,2,2,2,2,Neutral or Dissatisfied
3424,Male,36,Returning,Personal,Economy,315,0,0.0,2,4,3,4,4,1,1,2,1,1,3,4,1,3,Neutral or Dissatisfied
97756,Male,64,Returning,Personal,Economy,587,0,0.0,4,5,3,5,2,4,2,2,2,2,4,5,2,5,Satisfied
51080,Female,35,Returning,Personal,Economy,89,0,0.0,4,0,4,0,1,3,3,2,3,3,5,4,3,5,Neutral or Dissatisfied
117223,Male,69,Returning,Personal,Economy,304,0,5.0,4,2,3,2,1,5,1,4,5,5,4,2,5,5,Neutral or Dissatisfied
103636,Male,44,Returning,Business,Business,251,22,20.0,1,1,5,4,1,4,5,4,4,2,4,1,4,4,Satisfied
90254,Female,25,First-time,Business,Business,879,3,0.0,2,4,2,4,4,1,4,4,4,4,3,4,4,4,Neutral or Dissatisfied
62655,Female,7,Returning,Personal,Economy,1744,4,22.0,5,1,5,1,4,4,1,4,4,4,4,1,4,4,Neutral or Dissatisfied
117857,Male,54,Returning,Business,Business,2975,0,0.0,1,1,4,5,1,4,5,4,5,5,4,1,4,4,Satisfied
103805,Male,27,Returning,Business,Business,1242,27,22.0,5,5,3,4,5,5,4,3,4,4,5,5,4,5,Satisfied
22459,Female,38,Returning,Personal,Economy,143,0,0.0,1,4,2,4,2,4,5,2,5,5,3,4,5,3,Neutral or Dissatisfied
111165,Female,59,Returning,Business,Business,1111,0,0.0,1,1,3,4,1,4,5,4,4,5,4,1,4,4,Satisfied
2291,Female,25,First-time,Business,Economy,691,14,13.0,4,4,4,4,4,4,5,4,5,5,3,4,5,3,Neutral or Dissatisfied
99308,Female,23,First-time,Business,Economy,448,4,0.0,2,3,3,3,1,1,3,2,3,3,1,3,3,1,Neutral or Dissatisfied
93116,Male,18,Returning,Business,Business,1066,8,11.0,2,2,5,4,2,5,4,4,4,4,4,2,4,5,Satisfied
54525,Male,29,Returning,Personal,Economy,925,0,0.0,4,2,1,2,4,5,4,1,4,4,1,2,4,2,Neutral or Dissatisfied
17766,Female,23,First-time,Business,Economy,1075,0,23.0,0,0,2,0,3,5,2,1,2,2,5,1,2,5,Neutral or Dissatisfied
2411,Female,39,Returning,Business,Business,1504,0,0.0,5,3,5,2,5,5,1,4,2,3,5,5,5,5,Satisfied
66411,Female,17,Returning,Business,Business,1562,0,0.0,1,1,4,2,1,2,1,3,1,1,4,1,1,4,Neutral or Dissatisfied
34991,Female,24,First-time,Business,Economy,1182,0,0.0,5,5,3,5,4,3,2,3,2,2,5,4,2,5,Neutral or Dissatisfied
28857,Male,22,Returning,Business,Business,954,0,0.0,2,2,5,2,2,5,2,3,2,2,3,2,2,2,Satisfied
17858,Male,48,Returning,Personal,Business,425,0,38.0,5,3,4,5,5,3,5,3,5,5,3,3,3,3,Neutral or Dissatisfied
12865,Male,53,Returning,Business,Economy Plus,489,16,6.0,2,3,3,2,2,1,2,4,2,2,3,2,2,3,Neutral or Dissatisfied
97083,Male,23,Returning,Business,Business,1390,4,17.0,3,3,3,5,3,4,5,5,5,5,4,3,5,4,Satisfied
2779,Male,52,Returning,Business,Business,764,3,0.0,3,3,5,4,3,5,5,5,5,3,5,3,5,5,Satisfied
42832,Female,44,Returning,Business,Economy,328,0,23.0,1,4,1,3,1,5,4,5,3,4,5,5,5,5,Satisfied
113777,Male,56,Returning,Personal,Economy,414,0,0.0,3,2,4,2,4,2,5,4,5,5,3,2,5,4,Neutral or Dissatisfied
66830,Female,42,Returning,Business,Business,1753,0,0.0,4,4,3,4,4,4,5,4,5,5,4,4,4,4,Satisfied
67524,Male,29,First-time,Business,Business,1235,0,3.0,2,2,2,2,4,1,4,5,4,4,3,2,4,3,Neutral or Dissatisfied
43834,Female,48,Returning,Business,Business,1845,0,0.0,4,4,2,2,4,4,2,4,4,5,4,4,4,4,Satisfied
104595,Female,52,Returning,Personal,Economy,369,0,0.0,1,2,4,2,2,4,3,2,3,4,4,2,4,4,Neutral or Dissatisfied
91234,Male,9,Returning,Personal,Economy,545,113,153.0,4,2,1,1,3,1,1,3,1,2,3,2,1,3,Neutral or Dissatisfied
30726,Male,52,Returning,Business,Business,1727,0,5.0,4,3,5,1,4,4,5,4,3,3,4,4,4,4,Satisfied
8844,Male,41,Returning,Business,Business,1371,31,60.0,5,5,3,4,5,3,4,3,1,2,3,3,3,3,Neutral or Dissatisfied
70672,Male,35,Returning,Business,Business,2978,13,12.0,4,4,4,3,4,4,4,4,4,4,4,4,4,4,Neutral or Dissatisfied
31702,Male,50,Returning,Personal,Economy,853,38,17.0,1,3,1,3,3,3,5,1,1,1,4,3,1,4,Neutral or Dissatisfied
9894,Male,39,Returning,Business,Business,508,13,13.0,1,1,5,4,1,4,5,4,5,2,4,1,4,4,Satisfied
15199,Female,44,Returning,Personal,Economy,461,0,0.0,4,2,2,4,4,5,3,2,2,4,5,2,5,5,Neutral or Dissatisfied
53521,Male,47,Returning,Personal,Economy,2419,9,40.0,2,3,3,3,2,5,3,2,3,3,4,3,2,2,Neutral or Dissatisfied
78175,Male,45,Returning,Business,Business,2058,0,0.0,2,2,4,4,2,4,5,5,4,2,4,2,4,4,Satisfied
108398,Male,46,Returning,Personal,Economy Plus,1838,0,0.0,5,1,4,1,3,3,5,2,5,5,5,1,5,5,Neutral or Dissatisfied
107040,Female,23,First-time,Business,Business,395,0,0.0,5,4,5,4,1,3,4,4,1,1,4,4,1,5,Satisfied
117686,Female,25,First-time,Business,Business,1059,0,0.0,1,0,5,1,3,5,4,5,3,3,4,0,3,5,Satisfied
43792,Male,48,Returning,Business,Business,2925,0,0.0,4,4,5,5,4,4,5,4,3,2,4,4,4,4,Satisfied
55349,Male,25,First-time,Business,Business,594,6,22.0,0,2,5,2,3,3,4,4,4,4,5,2,4,4,Neutral or Dissatisfied
14299,Female,42,Returning,Business,Business,3923,0,1.0,1,1,3,3,1,2,3,2,1,4,2,1,2,2,Satisfied
76863,Male,53,Returning,Business,Business,1927,5,0.0,2,2,3,3,2,4,4,4,3,3,4,2,4,4,Satisfied
124222,Female,49,First-time,Business,Business,1916,6,0.0,2,2,4,2,5,3,2,3,2,2,4,2,2,5,Neutral or Dissatisfied
119747,Male,64,Returning,Personal,Economy,1303,0,0.0,5,1,3,1,4,5,4,5,5,5,5,1,5,3,Neutral or Dissatisfied
114537,Female,49,Returning,Personal,Business,308,0,11.0,4,1,5,3,4,2,1,1,1,2,2,1,2,2,Neutral or Dissatisfied
42050,Male,51,Returning,Business,Business,106,0,1.0,1,1,2,3,1,5,2,5,4,2,5,1,5,4,Satisfied
72238,Male,39,Returning,Business,Business,919,0,0.0,3,3,3,4,3,5,4,5,4,5,5,3,5,5,Satisfied
128339,Female,22,First-time,Business,Economy,370,4,8.0,1,2,1,2,4,1,2,4,2,2,4,2,2,4,Neutral or Dissatisfied
30152,Female,49,Returning,Personal,Economy,204,0,0.0,5,3,5,2,1,1,4,3,5,2,1,3,1,1,Neutral or Dissatisfied
108535,Female,37,Returning,Personal,Economy,649,0,2.0,1,3,2,3,4,1,5,3,5,5,3,3,5,4,Neutral or Dissatisfied
23279,Female,42,Returning,Business,Business,862,15,5.0,5,5,2,3,5,4,3,3,2,2,4,5,4,4,Satisfied
112837,Male,40,Returning,Business,Business,3388,1,0.0,2,2,4,5,2,3,4,4,3,4,3,2,3,3,Satisfied
9564,Male,49,Returning,Business,Business,1755,0,0.0,1,1,3,5,1,4,5,4,4,5,4,1,4,4,Satisfied
125285,Male,23,First-time,Business,Economy,678,0,0.0,3,3,3,3,3,4,4,4,3,3,5,3,3,4,Neutral or Dissatisfied
79205,Female,28,Returning,Business,Business,1990,0,0.0,3,3,4,4,3,5,4,3,4,4,4,3,4,4,Satisfied
77084,Male,41,Returning,Personal,Economy,991,0,0.0,4,3,4,3,5,5,5,3,5,5,4,3,5,4,Neutral or Dissatisfied
41554,Female,50,First-time,Business,Economy,1235,5,12.0,2,2,4,2,3,3,4,2,4,4,3,2,4,4,Neutral or Dissatisfied
58822,Female,21,Returning,Personal,Economy,1005,0,0.0,4,4,4,4,4,4,4,3,2,2,5,3,2,4,Neutral or Dissatisfied
29464,Female,25,First-time,Business,Economy,1008,0,0.0,3,3,2,3,4,2,2,5,2,2,1,3,2,5,Neutral or Dissatisfied
128036,Female,59,Returning,Business,Business,1440,0,,1,1,3,3,1,2,3,2,1,1,2,2,2,2,Neutral or Dissatisfied
97994,Female,51,Returning,Business,Business,722,120,126.0,3,3,5,5,3,4,5,4,4,2,4,3,4,4,Satisfied
68314,Male,40,Returning,Business,Business,2165,0,0.0,4,4,5,5,4,3,5,3,3,5,3,4,3,3,Satisfied
60515,Female,42,Returning,Personal,Economy,862,0,0.0,4,4,3,5,2,2,5,4,5,3,2,3,2,2,Neutral or Dissatisfied
14509,Female,36,Returning,Personal,Economy,402,0,0.0,4,3,1,3,4,2,5,1,5,5,3,3,5,3,Neutral or Dissatisfied
33503,Male,51,Returning,Business,Economy,965,0,0.0,2,2,1,3,2,2,3,4,3,3,4,3,3,3,Neutral or Dissatisfied
71577,Female,39,First-time,Business,Business,1120,0,0.0,2,2,5,2,3,4,1,4,1,1,5,2,1,5,Neutral or Dissatisfied
50219,Male,53,Returning,Business,Economy,78,0,0.0,2,2,4,3,2,2,3,3,3,3,4,3,3,4,Neutral or Dissatisfied
117616,Male,39,First-time,Business,Business,347,0,0.0,4,4,3,4,2,2,3,2,3,3,2,4,3,1,Satisfied
116503,Male,27,Returning,Personal,Economy,358,0,0.0,4,2,5,2,1,4,1,3,1,1,5,2,1,5,Neutral or Dissatisfied
28067,Female,65,Returning,Business,Business,2631,0,0.0,1,1,3,3,1,5,3,1,3,3,1,3,4,2,Neutral or Dissatisfied
29596,Male,56,Returning,Business,Economy,1448,0,4.0,1,1,2,4,1,3,4,3,4,4,4,4,4,2,Satisfied
31595,Female,29,First-time,Business,Economy,602,9,7.0,2,3,4,3,3,3,4,3,4,4,4,3,4,4,Neutral or Dissatisfied
92097,Male,45,Returning,Business,Business,3992,0,0.0,4,4,5,3,4,5,5,5,4,2,5,4,5,5,Satisfied
111272,Male,40,Returning,Business,Business,2408,8,3.0,1,1,5,5,1,4,5,4,3,2,4,1,4,4,Satisfied
49071,Female,48,Returning,Business,Economy,337,0,0.0,5,1,2,3,5,5,1,5,3,3,5,5,5,5,Satisfied
95254,Female,53,Returning,Personal,Economy,187,25,22.0,5,2,4,3,1,1,1,2,4,3,1,2,1,1,Neutral or Dissatisfied
108042,Female,57,Returning,Business,Business,1979,30,15.0,5,5,1,3,5,1,4,1,2,2,1,1,1,1,Neutral or Dissatisfied
88183,Male,53,Returning,Business,Business,444,160,153.0,1,1,2,2,1,3,2,5,2,2,5,1,5,5,Satisfied
97085,Male,28,First-time,Business,Business,1129,0,0.0,3,3,3,3,3,4,1,3,1,1,5,4,1,4,Satisfied
104229,Female,44,Returning,Personal,Economy,680,6,0.0,5,1,4,5,1,3,5,1,3,4,3,1,3,3,Neutral or Dissatisfied
103580,Female,57,Returning,Business,Business,3590,68,67.0,5,5,4,5,5,4,5,4,3,4,4,5,4,4,Satisfied
48916,Male,26,First-time,Business,Economy,89,11,17.0,4,2,3,2,3,5,3,5,3,3,2,2,3,4,Neutral or Dissatisfied
43539,Male,30,Returning,Personal,Economy,643,20,28.0,4,2,3,2,3,4,2,4,2,2,4,3,2,4,Neutral or Dissatisfied
122,Male,17,Returning,Personal,Economy,562,3,6.0,4,4,3,4,3,4,3,2,4,4,4,4,4,5,Neutral or Dissatisfied
97522,Female,51,Returning,Business,Business,2174,55,50.0,4,4,4,2,4,3,1,3,3,5,3,3,3,3,Neutral or Dissatisfied
80156,Male,33,First-time,Business,Business,2586,0,0.0,4,4,3,3,5,4,3,5,3,4,3,4,5,5,Neutral or Dissatisfied
44377,Female,63,Returning,Business,Economy,229,21,42.0,3,3,4,4,3,5,2,5,1,4,5,5,5,5,Satisfied
128327,Female,39,Returning,Business,Business,1705,0,10.0,1,1,4,4,1,5,4,5,5,3,5,1,5,5,Satisfied
102409,Male,10,Returning,Personal,Economy,236,92,100.0,3,1,3,1,2,5,3,4,5,5,3,1,5,1,Neutral or Dissatisfied
102159,Female,37,Returning,Business,Business,258,0,0.0,2,2,4,3,2,3,3,3,3,3,3,3,3,3,Neutral or Dissatisfied
50457,Female,38,Returning,Business,Business,2376,0,0.0,3,3,2,4,3,5,4,5,4,5,5,3,5,5,Satisfied
104053,Female,38,Returning,Personal,Economy,1044,12,12.0,4,3,1,3,5,5,4,1,5,5,1,3,5,2,Neutral or Dissatisfied
118396,Male,44,Returning,Business,Business,338,0,0.0,1,1,4,4,1,4,4,4,5,2,4,1,4,4,Satisfied
6334,Male,37,First-time,Business,Business,296,0,0.0,3,3,4,3,2,5,4,5,4,4,5,3,4,5,Neutral or Dissatisfied
74845,Male,37,First-time,Business,Economy Plus,297,0,0.0,1,1,4,1,4,5,2,2,4,4,2,1,4,1,Neutral or Dissatisfied
15838,Male,48,First-time,Business,Business,1107,255,236.0,1,1,2,1,3,2,2,4,2,1,5,1,4,4,Neutral or Dissatisfied
48687,Female,54,Returning,Business,Business,89,5,0.0,1,4,5,4,4,5,5,5,5,4,5,4,5,5,Satisfied
127615,Male,47,Returning,Business,Economy,1773,0,0.0,2,2,4,2,2,1,2,3,2,2,3,2,2,4,Neutral or Dissatisfied
82089,Female,66,Returning,Business,Economy,1276,54,41.0,4,3,4,3,3,3,2,3,4,3,3,3,3,3,Neutral or Dissatisfied
36848,Female,62,Returning,Business,Economy Plus,369,155,163.0,2,2,1,1,2,3,1,4,1,1,3,1,1,3,Neutral or Dissatisfied
66973,Female,55,Returning,Business,Business,1794,0,0.0,4,4,3,4,4,4,4,4,3,2,4,4,4,4,Satisfied
34492,Male,46,Returning,Business,Economy,1990,2,7.0,2,2,2,5,2,2,5,3,5,5,1,5,5,4,Satisfied
52165,Male,37,Returning,Business,Economy,509,0,3.0,2,2,5,4,2,4,4,2,4,4,1,4,4,4,Satisfied
32377,Female,51,Returning,Business,Business,101,10,11.0,4,0,2,5,1,5,1,1,1,4,5,0,5,1,Satisfied
33655,Female,52,Returning,Personal,Economy,413,0,0.0,5,4,3,4,1,5,5,4,4,5,5,4,5,5,Satisfied
41226,Male,15,Returning,Personal,Economy,1042,0,0.0,3,2,2,2,4,4,3,1,2,2,4,2,2,4,Neutral or Dissatisfied
70172,Male,13,Returning,Personal,Economy Plus,460,25,18.0,4,3,4,3,1,4,5,3,5,5,5,3,5,4,Neutral or Dissatisfied
55822,Male,50,Returning,Business,Business,1416,5,28.0,4,4,5,4,4,3,4,3,3,5,3,4,3,3,Satisfied
113903,Female,25,Returning,Business,Business,2295,5,2.0,4,4,3,4,4,5,4,3,4,4,4,4,4,4,Satisfied
21922,Male,36,Returning,Business,Business,3539,133,158.0,3,1,4,4,1,5,4,1,4,4,3,1,1,5,Satisfied
91090,Female,62,Returning,Personal,Economy,545,0,0.0,5,2,1,5,5,1,5,2,4,2,1,2,1,1,Neutral or Dissatisfied
24140,Male,46,Returning,Personal,Business,151,0,1.0,5,4,3,5,3,4,4,4,3,5,4,4,4,4,Neutral or Dissatisfied
92425,Male,39,Returning,Business,Business,1947,27,14.0,3,3,4,3,3,4,5,4,5,2,4,3,4,4,Satisfied
59128,Male,13,Returning,Personal,Economy,1744,35,37.0,5,5,4,5,3,5,4,3,4,4,5,4,4,4,Neutral or Dissatisfied
119625,Female,26,Returning,Business,Business,1927,0,0.0,3,3,5,4,3,5,4,5,4,4,4,3,4,4,Satisfied
122234,Male,51,Returning,Business,Economy,541,6,14.0,3,3,2,2,3,3,2,1,2,2,2,2,2,3,Neutral or Dissatisfied
76923,Female,50,Returning,Business,Business,1727,0,0.0,1,1,3,4,1,5,5,5,3,2,5,1,5,5,Satisfied
72435,Male,57,Returning,Business,Business,2782,0,0.0,3,3,5,5,3,4,5,4,4,4,4,3,4,4,Satisfied
8485,Male,31,Returning,Business,Business,677,0,0.0,5,5,3,4,5,5,4,3,4,4,4,5,4,5,Satisfied
97868,Male,52,Returning,Business,Business,1875,0,0.0,3,3,3,4,3,3,5,3,4,5,3,3,3,3,Satisfied
14164,Male,18,Returning,Personal,Business,620,0,0.0,4,4,5,4,4,4,3,2,3,3,5,4,3,5,Satisfied
11618,Female,35,Returning,Personal,Economy,657,0,0.0,5,4,4,4,3,5,5,1,5,5,4,4,5,4,Neutral or Dissatisfied
79276,Female,42,Returning,Personal,Economy,2454,0,0.0,2,3,3,3,3,5,3,3,4,2,5,3,5,5,Neutral or Dissatisfied
27896,Male,40,Returning,Personal,Economy Plus,2329,0,0.0,4,3,1,1,1,3,1,3,1,3,2,3,3,1,Neutral or Dissatisfied
27483,Male,69,Returning,Business,Economy,679,0,0.0,1,1,1,5,1,3,5,2,5,5,4,5,5,5,Satisfied
9238,Male,35,Returning,Business,Business,3328,158,160.0,5,5,3,4,5,4,3,3,3,3,3,4,1,4,Neutral or Dissatisfied
66335,Male,54,First-time,Business,Business,986,0,0.0,1,1,3,1,3,5,1,2,1,1,5,1,1,5,Neutral or Dissatisfied
66634,Female,35,Returning,Business,Business,2286,24,17.0,1,1,4,5,1,5,4,5,3,5,5,1,5,5,Satisfied
10219,Male,35,Returning,Business,Business,2549,3,0.0,1,1,4,4,1,4,5,4,4,4,4,1,4,4,Satisfied
58308,Male,26,Returning,Business,Business,1739,8,15.0,3,3,3,4,3,4,4,4,4,4,4,3,4,5,Satisfied
129111,Female,9,Returning,Personal,Economy,2342,0,0.0,4,0,5,0,4,4,2,5,2,2,3,0,2,3,Satisfied
44087,Female,44,First-time,Business,Business,257,20,7.0,3,3,4,3,3,4,4,3,4,4,3,3,4,4,Neutral or Dissatisfied
30227,Female,47,Returning,Business,Economy,826,0,0.0,5,5,3,2,5,4,3,4,1,3,4,4,4,4,Satisfied
74784,Female,42,Returning,Business,Business,1464,0,0.0,4,2,3,5,2,5,4,5,5,3,5,2,5,5,Satisfied
29448,Male,74,Returning,Business,Business,1587,0,0.0,3,3,2,3,3,1,4,1,4,2,1,1,1,1,Neutral or Dissatisfied
69343,Male,30,Returning,Business,Business,3462,0,0.0,2,4,5,4,4,5,4,4,4,4,4,4,4,4,Satisfied
104006,Female,56,Returning,Personal,Economy,1363,0,0.0,4,2,4,3,4,5,3,2,4,3,5,3,5,4,Neutral or Dissatisfied
6387,Female,36,Returning,Business,Business,3937,10,5.0,5,5,3,4,5,4,3,4,3,5,4,4,4,4,Neutral or Dissatisfied
92273,Male,32,Returning,Business,Business,1900,0,0.0,3,3,3,3,3,3,3,1,3,3,3,3,3,2,Neutral or Dissatisfied
36424,Female,45,Returning,Business,Business,369,0,0.0,5,5,1,4,5,5,3,5,4,1,5,5,5,5,Satisfied
77312,Male,32,Returning,Business,Business,626,0,5.0,2,2,5,5,2,5,4,5,4,4,4,2,4,5,Satisfied
117784,Male,30,Returning,Business,Business,3370,33,24.0,2,2,5,4,2,3,4,5,4,4,4,2,4,4,Satisfied
19639,Male,37,Returning,Personal,Economy,642,69,52.0,4,1,4,1,4,3,2,2,2,2,3,1,2,4,Neutral or Dissatisfied
11040,Male,52,Returning,Personal,Economy,166,25,35.0,5,5,4,5,3,4,4,3,4,4,5,5,4,5,Satisfied
22462,Male,35,Returning,Personal,Economy,83,11,0.0,5,4,4,4,3,3,4,4,4,4,4,4,4,4,Neutral or Dissatisfied
102002,Female,38,Returning,Business,Business,628,0,15.0,2,2,3,5,2,5,5,5,4,4,5,2,5,5,Satisfied
65353,Female,50,First-time,Business,Economy,631,10,0.0,4,4,4,4,3,3,1,4,5,5,3,3,5,4,Neutral or Dissatisfied
62963,Female,20,First-time,Business,Economy,967,4,0.0,5,5,5,5,3,3,3,3,3,3,4,5,3,5,Satisfied
45692,Female,17,Returning,Business,Economy,896,0,0.0,2,2,1,4,2,4,5,5,4,4,2,4,4,2,Satisfied
54449,Female,31,Returning,Business,Business,2722,21,9.0,1,1,5,4,1,3,4,5,4,4,5,1,4,1,Satisfied
18642,Female,29,Returning,Personal,Economy,127,0,0.0,4,4,1,4,3,1,1,1,1,1,3,4,1,3,Neutral or Dissatisfied
109815,Male,37,First-time,Business,Business,1052,8,0.0,3,3,5,3,2,3,4,2,3,3,5,3,3,5,Neutral or Dissatisfied
68707,Male,42,Returning,Personal,Economy,175,27,24.0,5,3,4,3,2,3,5,4,5,5,5,3,5,5,Neutral or Dissatisfied
4539,Male,29,First-time,Business,Business,719,0,0.0,2,2,4,2,1,5,3,5,3,3,4,2,3,5,Neutral or Dissatisfied
82292,Male,17,Returning,Personal,Economy Plus,1481,5,5.0,3,1,4,1,4,5,5,3,5,5,5,1,5,5,Neutral or Dissatisfied
58934,Female,22,Returning,Personal,Economy,888,10,6.0,3,3,3,3,3,1,5,2,5,5,4,3,5,1,Neutral or Dissatisfied
12864,Male,47,Returning,Business,Economy Plus,528,205,187.0,3,3,3,3,3,4,3,3,3,3,4,3,3,2,Neutral or Dissatisfied
31279,Male,29,First-time,Business,Economy,533,0,0.0,2,4,3,4,3,4,4,1,5,5,4,4,5,4,Neutral or Dissatisfied
77894,Female,44,Returning,Business,Business,3596,0,0.0,4,4,5,4,4,5,5,5,3,4,5,4,5,5,Satisfied
119057,Female,14,Returning,Personal,Economy,2279,0,0.0,4,1,3,1,3,4,3,3,3,3,5,1,3,5,Neutral or Dissatisfied
71069,Female,25,Returning,Personal,Economy,978,0,0.0,5,1,5,1,2,5,1,3,1,1,4,1,1,4,Neutral or Dissatisfied
110714,Female,52,Returning,Business,Business,1105,16,6.0,2,2,3,2,2,2,3,2,2,1,2,2,2,2,Neutral or Dissatisfied
73587,Female,21,First-time,Business,Economy,192,0,0.0,4,4,5,4,1,4,1,5,4,4,4,4,4,4,Satisfied
58450,Male,44,Returning,Personal,Economy,733,113,94.0,3,2,1,2,3,5,3,2,3,3,4,3,3,2,Neutral or Dissatisfied
72137,Male,23,First-time,Business,Economy,731,0,0.0,1,1,3,1,3,4,2,4,2,2,3,1,2,4,Neutral or Dissatisfied
37797,Female,40,Returning,Business,Economy Plus,641,51,45.0,4,1,3,2,4,2,2,3,2,2,4,2,2,4,Neutral or Dissatisfied
67743,Male,27,First-time,Business,Economy,1431,18,11.0,2,2,1,2,3,2,2,2,2,2,3,2,2,3,Neutral or Dissatisfied
62182,Female,56,Returning,Business,Business,2565,4,0.0,4,4,5,5,4,4,4,4,4,2,4,4,4,4,Satisfied
7218,Male,60,Returning,Business,Business,135,14,30.0,5,5,5,5,5,4,4,4,5,5,4,5,4,5,Satisfied
30820,Male,61,Returning,Personal,Business,896,35,23.0,3,2,3,3,3,5,2,2,5,2,5,2,5,5,Neutral or Dissatisfied
42221,Female,42,Returning,Business,Business,817,0,0.0,4,4,4,4,4,3,3,2,2,3,3,3,3,3,Neutral or Dissatisfied
60183,Male,43,Returning,Business,Business,1777,0,0.0,3,3,4,5,3,5,4,5,5,3,5,3,5,5,Satisfied
17182,Female,61,First-time,Personal,Economy,643,0,0.0,4,2,4,2,1,4,5,5,5,5,5,2,5,4,Neutral or Dissatisfied
69053,Female,24,Returning,Business,Business,1389,18,0.0,4,4,3,2,4,4,2,2,2,2,3,2,2,3,Neutral or Dissatisfied
47241,Male,12,First-time,Business,Economy,599,0,0.0,0,5,4,5,4,3,4,5,4,4,4,5,4,4,Satisfied
102410,Female,30,Returning,Personal,Economy,226,4,0.0,4,3,5,3,1,4,4,5,4,4,5,3,4,5,Neutral or Dissatisfied
126218,Male,20,First-time,Business,Economy,507,34,36.0,4,2,2,2,3,1,3,5,3,3,4,2,3,4,Neutral or Dissatisfied
23012,Male,41,Returning,Business,Economy Plus,641,0,0.0,1,1,5,5,1,3,5,4,5,5,5,5,5,3,Satisfied
105703,Female,27,Returning,Business,Business,925,0,4.0,2,2,1,3,2,1,2,3,2,2,3,2,2,4,Neutral or Dissatisfied
37889,Male,54,Returning,Business,Economy,937,13,9.0,2,2,2,2,2,2,2,2,2,2,3,2,2,2,Neutral or Dissatisfied
31826,Female,24,First-time,Business,Economy,1233,0,0.0,4,4,5,5,1,5,5,4,5,4,1,4,4,4,Satisfied
16216,Female,39,Returning,Business,Economy Plus,277,0,0.0,2,2,3,3,2,2,3,5,3,3,2,3,3,4,Satisfied
75548,Female,54,Returning,Business,Business,3460,0,0.0,4,4,5,4,4,4,5,4,5,2,4,4,4,4,Satisfied
53913,Male,54,Returning,Personal,Economy,191,0,0.0,4,1,5,1,4,4,3,2,3,3,5,1,3,4,Neutral or Dissatisfied
99154,Male,54,Returning,Business,Business,1602,15,10.0,5,3,4,5,5,5,4,5,4,2,5,5,5,5,Satisfied
37783,Male,43,Returning,Business,Economy Plus,1035,29,17.0,4,4,2,4,4,5,4,5,4,4,2,4,4,4,Satisfied
15446,Female,43,Returning,Business,Business,164,0,0.0,3,3,4,2,3,4,1,3,2,2,4,1,4,1,Neutral or Dissatisfied
62932,Male,52,Returning,Business,Business,2565,9,7.0,4,4,5,4,4,4,5,4,5,3,4,4,4,4,Satisfied
93738,Male,31,Returning,Business,Business,368,0,4.0,2,2,5,4,2,5,4,3,4,4,4,2,4,5,Satisfied
95680,Female,26,First-time,Business,Business,237,15,11.0,2,2,2,2,3,3,5,4,5,5,3,2,5,2,Neutral or Dissatisfied
5140,Female,48,First-time,Business,Business,622,0,0.0,4,4,3,5,2,4,2,3,5,5,4,5,5,5,Satisfied
123774,Female,16,Returning,Personal,Business,546,0,10.0,3,1,5,1,3,1,1,5,1,1,5,1,1,4,Neutral or Dissatisfied
9461,Female,48,Returning,Personal,Economy,362,0,0.0,4,5,5,4,3,3,5,5,4,2,3,4,3,3,Neutral or Dissatisfied
108062,Male,45,Returning,Business,Business,1166,0,2.0,1,1,4,5,1,4,5,4,5,5,4,1,4,4,Satisfied
8499,Male,49,Returning,Business,Business,1696,28,14.0,4,4,4,5,4,4,4,4,5,4,4,4,4,4,Satisfied
109219,Male,36,Returning,Business,Business,255,0,0.0,1,1,1,4,1,1,3,1,2,2,1,1,1,1,Neutral or Dissatisfied
9722,Male,22,Returning,Personal,Economy,277,24,30.0,0,3,4,3,1,3,2,4,1,1,4,4,1,5,Neutral or Dissatisfied
100292,Female,27,First-time,Business,Business,1073,0,3.0,2,2,4,2,2,4,5,3,5,5,5,2,5,4,Neutral or Dissatisfied
34170,Female,52,Returning,Business,Business,2013,0,0.0,3,3,3,4,3,5,5,5,5,1,5,3,5,5,Satisfied
110216,Female,29,Returning,Personal,Economy,1310,15,3.0,5,1,5,1,1,5,4,5,4,4,5,1,4,5,Neutral or Dissatisfied
99802,Male,37,First-time,Business,Economy,184,0,0.0,2,0,2,0,4,4,5,2,2,2,3,1,2,3,Neutral or Dissatisfied
69774,Female,48,Returning,Business,Business,2454,0,39.0,1,1,2,2,1,4,2,4,2,2,4,2,3,4,Neutral or Dissatisfied
63977,Female,48,Returning,Personal,Economy Plus,1192,0,0.0,1,2,1,1,1,5,2,2,3,1,5,2,5,3,Neutral or Dissatisfied
39997,Female,45,Returning,Business,Business,525,19,31.0,4,3,3,4,3,5,5,5,3,5,5,3,5,5,Satisfied
47445,Male,38,First-time,Business,Economy,199,116,98.0,2,2,2,2,4,4,1,2,1,1,4,2,1,3,Neutral or Dissatisfied
67201,Female,43,First-time,Personal,Economy,929,0,3.0,5,5,5,5,1,4,5,3,5,5,4,4,5,4,Neutral or Dissatisfied
70548,Male,43,Returning,Business,Business,3221,0,39.0,1,1,5,5,1,4,5,4,5,3,4,1,4,4,Satisfied
80962,Male,39,Returning,Business,Business,3380,0,0.0,3,3,4,5,3,5,4,5,5,3,5,3,5,5,Satisfied
34382,Female,52,First-time,Business,Economy,612,46,34.0,5,3,3,3,5,1,1,4,1,1,2,3,1,5,Neutral or Dissatisfied
121964,Male,38,First-time,Business,Business,130,15,8.0,4,4,3,4,4,4,1,3,1,1,5,4,1,4,Neutral or Dissatisfied
11954,Female,69,Returning,Personal,Economy,781,0,0.0,5,2,4,4,4,4,5,2,4,3,4,2,4,4,Neutral or Dissatisfied
5759,Male,65,Returning,Personal,Economy,859,2,0.0,5,5,1,5,4,5,2,4,2,2,3,5,2,2,Satisfied
40185,Male,43,Returning,Business,Economy,402,5,15.0,5,5,1,4,5,5,4,4,4,4,3,4,4,2,Satisfied
38907,Female,30,Returning,Business,Business,205,0,0.0,5,0,3,2,4,3,2,5,2,2,4,0,2,3,Satisfied
70311,Female,37,First-time,Business,Business,334,7,0.0,4,4,3,4,1,5,5,5,5,5,5,4,5,5,Satisfied
8018,Female,50,Returning,Business,Business,2938,0,0.0,4,4,3,5,4,5,4,5,4,2,5,4,5,5,Satisfied
86224,Female,25,Returning,Business,Business,3431,0,12.0,5,5,3,2,5,3,2,2,2,2,3,2,2,3,Neutral or Dissatisfied
63434,Female,62,Returning,Personal,Economy,337,185,180.0,1,4,4,5,4,2,4,4,4,4,3,1,1,3,Neutral or Dissatisfied
112072,Male,59,Returning,Business,Business,1491,15,14.0,3,3,4,4,3,3,4,2,3,2,3,3,3,3,Satisfied
5810,Female,36,Returning,Business,Economy,273,0,0.0,2,2,1,4,2,3,5,1,5,5,3,5,5,3,Neutral or Dissatisfied
110444,Male,18,Returning,Personal,Economy,919,0,0.0,3,4,3,4,3,4,1,1,1,1,4,5,1,4,Satisfied
15544,Female,52,Returning,Business,Business,296,151,225.0,4,4,5,5,4,2,5,5,5,4,4,4,4,5,Satisfied
119397,Female,33,Returning,Business,Business,399,0,0.0,1,1,4,4,1,5,4,5,4,2,5,1,5,5,Satisfied
44199,Male,27,Returning,Personal,Economy,128,0,0.0,1,0,3,0,2,1,1,2,1,1,2,4,1,2,Neutral or Dissatisfied
13388,Female,60,Returning,Business,Economy,456,26,8.0,5,3,4,1,5,2,3,2,1,2,2,2,2,2,Satisfied
62269,Female,27,Returning,Personal,Economy Plus,2565,6,0.0,1,0,1,0,3,4,1,1,1,1,3,1,1,4,Neutral or Dissatisfied
86345,Male,53,Returning,Business,Business,1557,28,18.0,4,4,4,5,4,4,5,4,3,4,4,4,4,4,Satisfied
36535,Female,19,First-time,Business,Economy,1121,0,0.0,1,1,2,1,1,1,5,3,5,5,1,1,5,4,Neutral or Dissatisfied
27984,Female,20,Returning,Personal,Economy,2350,0,0.0,4,2,2,2,4,1,5,3,5,5,4,2,5,4,Neutral or Dissatisfied
127364,Male,42,Returning,Business,Business,868,0,0.0,5,4,3,4,5,5,5,5,4,2,5,5,5,5,Satisfied
14463,Male,11,Returning,Personal,Economy,674,0,0.0,5,3,4,3,3,5,1,3,1,1,5,3,1,5,Neutral or Dissatisfied
46369,Male,41,Returning,Business,Business,2533,0,0.0,1,1,4,4,1,1,4,2,2,4,1,1,1,1,Neutral or Dissatisfied
33620,Male,30,Returning,Business,Business,399,37,37.0,2,2,1,2,2,2,2,1,2,2,4,2,2,4,Neutral or Dissatisfied
15253,Female,34,Returning,Personal,Economy,529,0,0.0,5,1,5,1,1,4,1,2,1,1,2,1,1,4,Neutral or Dissatisfied
19819,Female,43,Returning,Business,Economy,528,0,0.0,4,1,2,4,4,4,4,4,5,2,4,4,4,4,Satisfied
113759,Male,31,Returning,Personal,Economy,223,30,42.0,0,2,3,2,3,4,1,4,1,1,4,2,1,4,Neutral or Dissatisfied
93703,Female,59,Returning,Business,Business,689,55,46.0,5,5,4,4,5,5,4,5,3,3,5,5,5,5,Satisfied
39682,Female,21,First-time,Business,Economy,612,0,0.0,2,2,2,2,3,4,1,2,1,1,3,2,1,3,Neutral or Dissatisfied
92943,Female,10,Returning,Personal,Economy,134,22,50.0,4,1,5,1,2,4,2,5,2,2,4,1,2,5,Neutral or Dissatisfied
87587,Male,64,Returning,Personal,Economy,432,0,0.0,2,1,4,1,4,3,2,5,3,3,4,1,3,4,Neutral or Dissatisfied
113364,Female,45,Returning,Business,Business,2293,0,0.0,2,2,5,5,2,4,4,4,4,4,4,2,4,5,Satisfied
56600,Male,54,Returning,Business,Business,3706,0,0.0,4,4,3,4,4,3,4,4,5,3,3,4,3,3,Satisfied
5819,Male,25,Returning,Personal,Economy,177,71,76.0,5,3,4,3,3,3,5,4,5,5,5,3,5,5,Neutral or Dissatisfied
72239,Female,42,Returning,Business,Business,2042,39,42.0,1,4,2,3,1,3,3,3,4,2,3,3,3,3,Neutral or Dissatisfied
15252,Female,20,Returning,Personal,Economy,529,0,0.0,4,2,4,2,4,4,1,5,1,1,5,2,1,4,Neutral or Dissatisfied
25247,Female,31,Returning,Business,Economy Plus,787,0,0.0,5,1,5,5,1,3,5,2,5,5,4,5,5,3,Satisfied
74519,Female,30,Returning,Business,Business,3038,1,0.0,3,3,4,3,3,5,3,3,3,3,5,3,3,5,Satisfied
120679,Female,62,Returning,Business,Business,3673,0,0.0,4,3,2,5,4,4,1,4,3,3,4,4,4,4,Satisfied
119045,Female,27,First-time,Business,Business,2279,0,0.0,5,5,4,5,5,4,5,5,5,5,4,5,5,4,Satisfied
63116,Female,20,First-time,Business,Economy,967,0,1.0,2,2,1,2,2,1,3,3,3,3,1,2,3,3,Neutral or Dissatisfied
94720,Male,53,Returning,Business,Business,1842,100,95.0,3,4,4,4,4,3,4,3,4,2,3,3,3,3,Neutral or Dissatisfied
1653,Female,48,Returning,Business,Business,3949,13,22.0,2,2,2,1,2,3,1,3,1,1,3,3,3,3,Neutral or Dissatisfied
65549,Male,51,Returning,Business,Business,3959,3,3.0,5,5,3,5,5,3,4,4,3,5,3,5,3,3,Satisfied
100574,Female,50,Returning,Business,Business,486,25,30.0,3,3,5,5,3,5,4,5,5,5,5,3,5,5,Satisfied
1491,Female,54,Returning,Business,Business,737,0,0.0,4,4,1,2,4,4,2,4,1,4,4,4,4,4,Neutral or Dissatisfied
37729,Female,60,Returning,Personal,Economy,1005,0,0.0,4,4,5,3,2,2,2,4,3,1,2,4,2,2,Satisfied
5567,Female,12,Returning,Personal,Economy,588,85,93.0,5,5,4,5,3,3,1,3,1,1,5,5,1,5,Satisfied
11069,Female,23,Returning,Personal,Economy,312,0,0.0,5,2,3,2,4,3,5,2,5,5,5,2,5,4,Neutral or Dissatisfied
77533,Male,44,Returning,Business,Business,1889,98,91.0,1,1,4,4,1,4,5,4,3,2,4,1,4,4,Satisfied
75199,Male,34,First-time,Business,Business,1744,12,0.0,3,3,5,3,2,5,2,4,2,2,5,3,2,5,Neutral or Dissatisfied
102071,Male,49,Returning,Business,Business,407,16,5.0,4,4,3,5,4,4,4,4,3,5,4,4,4,4,Satisfied
3876,Male,39,Returning,Business,Business,1819,61,75.0,5,5,3,4,5,5,4,4,5,5,5,5,5,5,Satisfied
54154,Female,31,Returning,Business,Business,1400,1,0.0,3,3,1,4,3,5,4,5,4,4,1,3,4,1,Satisfied
19493,Female,24,Returning,Business,Business,566,97,100.0,3,3,5,5,3,2,5,5,5,5,1,3,5,2,Satisfied
83126,Male,7,Returning,Personal,Economy,1145,0,0.0,3,2,1,2,3,4,5,1,3,3,2,2,3,3,Neutral or Dissatisfied
106107,Male,39,Returning,Business,Business,302,39,48.0,0,0,5,5,5,3,5,3,5,2,3,0,3,3,Satisfied
35800,Female,52,Returning,Personal,Economy Plus,200,0,0.0,4,0,3,5,4,4,3,0,5,5,4,4,4,5,Neutral or Dissatisfied
64770,Female,56,Returning,Business,Business,1916,0,0.0,4,4,3,4,4,4,4,4,3,4,4,4,4,4,Satisfied
34364,Male,20,Returning,Personal,Economy,427,1,19.0,2,3,1,3,3,1,4,4,4,4,4,3,4,3,Neutral or Dissatisfied
34599,Male,10,Returning,Personal,Economy,1617,33,31.0,2,3,4,3,4,1,4,3,4,4,3,3,4,4,Neutral or Dissatisfied
37764,Female,55,Returning,Business,Economy Plus,944,105,104.0,3,5,1,5,5,5,5,5,2,2,5,5,5,5,Satisfied
125015,Female,63,Returning,Personal,Economy,184,0,0.0,3,3,2,3,3,4,3,3,2,3,4,3,4,4,Neutral or Dissatisfied
94941,Female,40,Returning,Business,Business,3317,0,0.0,4,4,3,3,4,4,3,4,2,3,4,4,4,4,Satisfied
115870,Male,52,Returning,Business,Economy,337,0,0.0,1,2,4,5,1,4,5,5,5,5,2,5,5,4,Satisfied
29030,Female,37,Returning,Business,Business,2401,0,0.0,2,2,3,1,2,5,3,5,2,4,5,2,5,5,Satisfied
11478,Female,36,Returning,Business,Economy Plus,458,9,13.0,3,1,5,4,3,5,4,4,4,4,4,4,4,3,Satisfied
42308,Female,67,Returning,Personal,Economy,315,0,0.0,5,4,2,5,2,2,4,4,1,4,2,4,2,2,Neutral or Dissatisfied
54393,Male,19,Returning,Business,Business,305,0,0.0,3,3,1,2,3,3,2,5,2,2,3,2,2,3,Neutral or Dissatisfied
39450,Male,17,Returning,Personal,Economy,129,19,29.0,4,2,1,2,5,3,2,4,2,2,3,2,2,4,Neutral or Dissatisfied
43563,Female,24,Returning,Personal,Economy,637,45,53.0,4,1,4,1,3,4,1,1,1,1,4,1,1,4,Neutral or Dissatisfied
50057,Male,52,Returning,Business,Economy,326,0,0.0,4,4,1,4,4,3,4,4,4,4,1,4,4,1,Satisfied
72382,Female,31,Returning,Business,Business,2908,0,0.0,2,2,4,4,2,4,4,3,4,4,5,2,4,5,Satisfied
62125,Female,25,Returning,Business,Business,2434,0,0.0,3,3,1,2,3,1,3,5,3,3,4,3,3,2,Neutral or Dissatisfied
3684,Male,56,Returning,Business,Business,3373,21,42.0,5,5,4,5,5,5,4,5,3,2,5,5,5,5,Satisfied
100951,Female,40,Returning,Business,Business,1142,0,2.0,5,5,2,4,5,3,4,3,1,4,3,3,3,3,Neutral or Dissatisfied
77317,Male,46,Returning,Business,Business,3132,0,0.0,4,4,3,4,4,3,4,4,4,3,3,4,3,3,Satisfied
118490,Male,48,Returning,Business,Business,3938,11,5.0,0,0,3,4,4,4,5,4,4,5,4,0,4,4,Satisfied
117600,Female,63,Returning,Business,Economy,347,243,238.0,5,5,3,3,5,1,3,4,3,2,2,2,2,3,Neutral or Dissatisfied
66143,Female,49,Returning,Personal,Economy,583,0,1.0,4,1,3,5,3,2,5,1,5,2,2,1,2,2,Neutral or Dissatisfied
44947,Female,37,Returning,Business,Economy,397,0,0.0,5,5,3,4,5,1,4,2,4,4,2,4,4,5,Satisfied
63102,Male,45,Returning,Business,Business,846,0,0.0,3,3,4,5,3,3,4,4,5,5,3,3,3,3,Satisfied
57697,Male,53,Returning,Business,Economy,467,0,46.0,5,5,1,5,5,5,5,1,5,5,3,5,5,2,Satisfied
37035,Female,15,Returning,Business,Business,3746,0,0.0,2,2,4,4,2,1,4,5,4,4,1,2,4,3,Satisfied
38435,Female,30,Returning,Business,Business,2277,18,2.0,5,5,1,4,5,2,4,5,4,4,5,5,4,5,Satisfied
100989,Male,52,Returning,Business,Business,806,1,0.0,4,4,4,5,4,5,5,5,4,2,5,4,5,5,Satisfied
82461,Female,40,Returning,Personal,Economy,509,62,124.0,5,5,3,5,1,4,3,2,4,4,4,3,4,4,Neutral or Dissatisfied
52897,Female,63,Returning,Personal,Economy,1024,0,0.0,4,4,1,3,4,4,5,4,1,5,4,4,4,4,Satisfied
55894,Male,44,Returning,Business,Business,1903,0,1.0,5,5,5,5,5,4,4,4,4,5,4,5,4,4,Satisfied
68778,Female,47,Returning,Business,Business,926,0,0.0,3,4,4,4,3,5,5,4,3,5,5,3,5,5,Satisfied
42159,Male,18,Returning,Personal,Business,834,127,120.0,5,2,1,2,3,5,4,2,4,4,1,2,4,1,Neutral or Dissatisfied
119260,Female,34,Returning,Personal,Business,214,0,21.0,5,3,5,4,5,3,5,3,3,4,3,3,3,3,Neutral or Dissatisfied
12710,Female,33,Returning,Business,Business,3613,0,1.0,3,3,4,4,3,2,3,2,2,4,2,2,2,2,Neutral or Dissatisfied
96514,Male,47,Returning,Personal,Economy,436,8,4.0,4,2,4,2,1,5,4,2,4,4,4,2,4,5,Neutral or Dissatisfied
65377,Female,45,First-time,Business,Economy,231,0,0.0,4,3,1,3,3,1,5,2,5,5,3,3,5,4,Neutral or Dissatisfied
114446,Male,18,First-time,Business,Business,325,0,0.0,3,5,4,5,1,5,5,4,5,5,4,5,5,5,Satisfied
56028,Female,54,Returning,Business,Business,2586,0,0.0,2,2,4,4,2,5,4,3,4,4,4,2,5,5,Satisfied
115990,Female,28,Returning,Personal,Economy,333,31,24.0,5,3,4,3,4,5,3,5,3,3,5,3,3,4,Neutral or Dissatisfied
31374,Male,52,Returning,Personal,Economy,977,0,5.0,4,1,5,1,5,4,3,2,3,3,4,1,3,5,Neutral or Dissatisfied
83552,Female,24,First-time,Business,Business,1034,0,0.0,5,5,5,5,2,5,5,5,5,5,4,5,5,5,Satisfied
5409,Female,26,Returning,Personal,Economy,785,0,0.0,5,3,4,3,4,5,3,4,2,2,5,3,2,4,Neutral or Dissatisfied
34467,Male,48,Returning,Business,Economy,266,0,21.0,1,1,4,5,1,2,5,3,5,5,4,5,5,5,Satisfied
71679,Female,21,Returning,Personal,Economy,1182,0,0.0,3,3,3,3,1,5,2,1,2,2,1,3,2,4,Neutral or Dissatisfied
112657,Male,40,Returning,Business,Business,605,1,7.0,4,4,3,3,4,2,4,2,2,4,2,2,2,2,Neutral or Dissatisfied
82558,Male,42,Returning,Business,Business,528,0,0.0,5,4,3,4,5,5,5,5,5,3,5,5,5,5,Satisfied
87586,Male,61,Returning,Personal,Economy,432,45,40.0,1,1,3,1,3,1,5,1,5,5,4,1,5,3,Neutral or Dissatisfied
128711,Male,61,Returning,Business,Business,2242,0,0.0,2,2,4,4,2,2,5,2,4,4,2,2,2,2,Satisfied
128720,Male,50,Returning,Business,Economy,1104,0,0.0,4,4,2,4,4,2,4,3,4,4,3,4,4,2,Satisfied
122898,Female,25,Returning,Business,Business,650,0,1.0,2,4,4,5,2,3,5,3,5,5,4,2,5,4,Satisfied
111379,Male,25,First-time,Business,Business,1173,7,4.0,0,5,5,5,3,4,4,4,4,4,4,5,4,5,Satisfied
21145,Male,26,Returning,Personal,Economy Plus,106,0,0.0,4,2,4,2,1,3,3,3,2,2,5,2,2,5,Neutral or Dissatisfied
63688,Male,54,Returning,Business,Business,853,2,9.0,1,1,3,4,1,5,4,5,5,3,5,1,5,5,Satisfied
60926,Female,55,Returning,Business,Business,1740,114,171.0,4,1,4,4,1,3,4,5,4,4,3,1,5,4,Satisfied
41005,Female,7,Returning,Personal,Economy,1362,5,17.0,4,4,4,4,3,4,4,3,4,4,4,4,4,3,Neutral or Dissatisfied
128456,Male,62,Returning,Personal,Economy,621,1,7.0,4,3,4,3,3,4,5,4,5,5,4,3,5,5,Neutral or Dissatisfied
59747,Male,53,Returning,Business,Business,2687,20,7.0,5,5,5,4,5,5,4,5,5,2,5,5,5,5,Satisfied
66710,Female,59,Returning,Business,Business,402,201,186.0,5,5,1,1,5,5,1,4,1,1,2,1,1,4,Neutral or Dissatisfied
17804,Female,35,Returning,Business,Business,2846,31,59.0,3,3,1,3,3,2,3,2,2,4,2,2,2,2,Neutral or Dissatisfied
93645,Male,45,Returning,Business,Business,3750,0,0.0,3,5,4,5,5,4,5,4,3,3,4,5,4,4,Satisfied
35347,Female,35,First-time,Business,Economy,1047,0,0.0,3,3,3,3,3,4,3,2,3,3,4,3,3,3,Neutral or Dissatisfied
92168,Male,56,Returning,Business,Business,1979,40,21.0,1,1,4,3,1,4,5,4,5,2,4,1,4,4,Satisfied
111786,Male,68,Returning,Personal,Economy,1620,60,55.0,5,3,4,3,1,4,5,5,4,4,5,3,4,5,Neutral or Dissatisfied
82446,Male,28,Returning,Business,Business,3240,19,28.0,4,5,3,2,5,4,2,4,2,2,3,2,2,3,Neutral or Dissatisfied
53125,Male,20,Returning,Personal,Economy,2065,0,0.0,2,2,4,2,4,1,3,2,3,3,4,2,3,3,Neutral or Dissatisfied
91422,Female,53,Returning,Business,Business,3016,0,0.0,5,5,4,4,5,5,5,5,4,5,5,5,5,5,Satisfied
108930,Female,60,Returning,Personal,Economy,1075,0,1.0,4,0,5,4,1,2,4,0,3,3,2,0,2,2,Satisfied
102398,Male,70,Returning,Business,Economy,397,0,0.0,3,3,1,2,3,4,2,2,2,2,4,2,2,3,Neutral or Dissatisfied
53101,Female,44,Returning,Business,Business,1628,16,3.0,2,2,5,4,2,5,1,5,3,1,5,2,5,5,Satisfied
25829,Male,30,Returning,Business,Business,3439,25,18.0,1,1,5,5,1,5,5,5,5,5,1,1,5,1,Satisfied
100470,Female,42,Returning,Business,Business,2603,84,80.0,4,4,3,4,4,5,5,5,4,4,5,4,5,5,Satisfied
100023,Female,42,Returning,Business,Economy,289,0,0.0,2,4,3,3,2,3,3,3,1,4,3,3,3,3,Neutral or Dissatisfied
58322,Male,34,First-time,Business,Economy,1170,0,0.0,1,1,4,1,4,4,2,3,2,2,3,1,2,4,Neutral or Dissatisfied
57431,Male,40,Returning,Business,Business,3347,0,0.0,3,3,3,4,3,4,4,5,4,4,4,3,4,4,Satisfied
84328,Female,30,Returning,Business,Business,3498,0,0.0,5,5,2,3,5,4,3,1,3,3,4,3,3,4,Neutral or Dissatisfied
107155,Female,28,Returning,Business,Business,2048,21,13.0,3,3,5,4,3,3,4,3,4,4,5,3,4,5,Satisfied
121796,Female,27,First-time,Business,Business,366,0,2.0,4,4,5,4,2,4,1,4,1,1,5,4,1,4,Satisfied
127051,Female,79,Returning,Business,Business,338,0,0.0,4,4,3,3,4,4,3,4,4,3,4,4,4,4,Neutral or Dissatisfied
2052,Male,27,Returning,Business,Business,2341,0,0.0,3,3,3,4,3,5,4,4,4,4,5,3,4,5,Satisfied
74640,Female,38,Returning,Business,Business,1578,0,0.0,2,2,5,4,2,5,3,5,1,2,5,2,5,5,Satisfied
63539,Male,25,Returning,Personal,Economy,1009,14,7.0,4,5,3,5,4,5,1,3,1,1,5,5,1,5,Satisfied
76389,Female,44,Returning,Business,Economy,531,71,55.0,5,5,1,3,5,4,5,4,2,1,4,4,4,4,Satisfied
2043,Female,28,Returning,Business,Business,3019,0,0.0,3,3,3,4,3,5,4,5,4,4,4,3,4,5,Satisfied
65129,Female,12,Returning,Personal,Economy,282,0,0.0,3,3,2,3,4,1,5,1,1,1,4,3,1,1,Neutral or Dissatisfied
54797,Male,37,First-time,Business,Economy,775,0,4.0,1,1,2,1,1,2,4,3,4,4,2,2,4,3,Neutral or Dissatisfied
65863,Female,41,Returning,Personal,Economy,1389,12,0.0,5,3,3,3,2,3,3,1,3,3,4,3,3,5,Neutral or Dissatisfied
10094,Male,48,Returning,Personal,Economy,763,63,59.0,5,2,3,2,1,3,2,2,2,2,4,2,2,4,Neutral or Dissatisfied
75496,Female,11,First-time,Business,Business,2330,0,0.0,0,0,5,0,3,5,3,2,5,5,5,0,5,3,Satisfied
44260,Female,67,Returning,Personal,Economy,222,20,1.0,5,2,4,4,1,5,1,2,4,3,5,2,5,5,Neutral or Dissatisfied
70958,Male,44,Returning,Business,Business,3479,30,6.0,3,3,3,4,3,5,5,5,3,4,5,3,5,5,Satisfied
21480,Female,38,Returning,Business,Economy,331,65,50.0,1,2,1,2,1,4,2,5,2,2,2,2,2,3,Neutral or Dissatisfied
8560,Female,41,Returning,Business,Business,109,0,3.0,5,4,5,4,5,4,5,4,3,2,4,5,4,4,Satisfied
90121,Female,56,Returning,Business,Business,3714,0,0.0,1,1,5,4,1,4,5,4,3,3,4,1,4,4,Satisfied
38905,Female,46,Returning,Business,Business,2091,0,0.0,4,4,3,5,4,5,3,5,5,3,5,4,5,4,Satisfied
83188,Female,16,Returning,Personal,Business,1123,0,8.0,5,3,3,3,5,3,3,5,3,3,5,3,3,5,Neutral or Dissatisfied
810,Male,26,First-time,Business,Business,354,0,7.0,1,3,3,3,3,2,3,5,3,3,3,3,3,3,Neutral or Dissatisfied
48571,Male,9,Returning,Personal,Economy,853,39,36.0,3,1,1,1,3,2,3,1,3,3,4,1,3,1,Neutral or Dissatisfied
99659,Female,72,Returning,Business,Business,3184,0,0.0,3,2,1,3,2,4,4,4,2,1,4,2,4,4,Satisfied
36990,Male,30,First-time,Business,Economy,667,20,21.0,4,5,2,5,4,4,2,1,2,2,3,4,2,3,Neutral or Dissatisfied
41815,Male,63,Returning,Business,Economy,257,0,4.0,3,2,3,3,3,1,3,2,3,3,2,3,3,1,Satisfied
62218,Female,12,Returning,Personal,Economy,2454,0,0.0,2,2,3,2,3,2,1,2,2,2,3,2,2,3,Neutral or Dissatisfied
71542,Female,29,First-time,Business,Economy,1144,9,16.0,2,2,4,2,3,2,1,3,1,1,3,2,1,3,Neutral or Dissatisfied
49152,Female,48,Returning,Business,Business,337,0,0.0,2,2,1,4,2,4,4,4,2,3,4,2,4,4,Satisfied
9752,Female,42,Returning,Business,Business,1045,266,248.0,4,4,4,4,4,2,4,4,4,4,5,4,5,5,Satisfied
75305,Male,33,Returning,Business,Business,2504,0,8.0,4,4,4,4,4,4,4,5,4,4,4,4,4,5,Satisfied
93119,Male,40,Returning,Personal,Business,1066,0,0.0,5,3,3,4,1,3,5,3,5,3,3,3,3,3,Neutral or Dissatisfied
113971,Female,47,Returning,Business,Business,1728,1,43.0,3,3,4,3,3,3,4,2,4,2,3,3,3,3,Satisfied
63552,Female,57,Returning,Business,Business,1009,0,0.0,2,2,5,5,2,5,5,5,4,4,5,2,5,5,Satisfied
108656,Female,55,Returning,Business,Economy,1747,112,124.0,4,4,4,2,4,2,3,2,1,5,2,2,2,2,Neutral or Dissatisfied
15019,Female,32,Returning,Personal,Economy,557,81,63.0,4,3,4,3,3,5,3,3,3,3,5,3,3,4,Neutral or Dissatisfied
93123,Female,41,Returning,Business,Business,3230,25,20.0,4,4,3,4,4,5,4,4,3,4,5,4,5,5,Satisfied
74038,Female,60,Returning,Business,Business,1194,0,0.0,3,3,4,5,3,2,4,2,3,3,2,3,2,2,Satisfied
10502,Female,31,Returning,Business,Business,2270,18,11.0,3,5,3,5,5,5,4,3,5,5,5,5,5,4,Satisfied
121998,Male,54,Returning,Business,Business,185,25,24.0,3,4,5,4,3,5,5,5,3,5,5,3,5,4,Satisfied
94369,Female,39,Returning,Business,Business,3609,0,1.0,1,1,4,4,1,5,5,5,4,2,5,1,5,5,Satisfied
95473,Female,72,Returning,Business,Economy Plus,319,52,43.0,1,1,3,3,1,2,3,2,1,3,2,2,2,2,Neutral or Dissatisfied
112963,Female,55,Returning,Personal,Economy,1164,0,0.0,5,2,5,4,2,1,4,2,4,5,1,2,1,1,Neutral or Dissatisfied
97435,Female,34,First-time,Business,Economy Plus,587,1,0.0,1,1,4,1,2,1,3,4,3,3,2,2,3,2,Neutral or Dissatisfied
9965,Male,56,Returning,Business,Business,108,0,0.0,3,4,1,3,3,3,4,3,4,1,3,3,3,3,Neutral or Dissatisfied
117557,Female,42,Returning,Business,Business,3918,22,12.0,1,1,3,4,1,2,4,3,4,3,2,1,2,2,Satisfied
34977,Female,47,Returning,Business,Economy,273,10,1.0,5,5,4,1,5,4,3,4,5,4,4,4,4,4,Satisfied
17173,Female,26,First-time,Business,Economy,643,0,0.0,4,3,3,3,4,4,5,4,5,5,3,3,5,4,Neutral or Dissatisfied
100195,Female,27,Returning,Personal,Economy,717,0,0.0,5,2,5,2,3,1,4,5,4,4,4,2,4,3,Neutral or Dissatisfied
100335,Male,33,Returning,Business,Business,1130,14,2.0,2,2,5,4,2,2,4,5,4,4,4,2,4,3,Satisfied
98638,Male,55,Returning,Business,Business,3988,2,0.0,4,4,5,5,4,5,4,5,5,4,5,4,5,5,Satisfied
93094,Male,37,First-time,Business,Business,641,0,0.0,2,2,1,2,3,3,4,1,4,4,3,2,4,3,Neutral or Dissatisfied
26545,Female,34,Returning,Personal,Economy,990,0,0.0,5,2,4,2,5,3,5,3,5,5,4,2,5,5,Neutral or Dissatisfied
11260,Female,56,Returning,Personal,Economy,216,0,3.0,0,1,4,2,5,4,5,1,2,4,4,1,4,5,Neutral or Dissatisfied
125931,Female,65,Returning,Personal,Economy,920,0,0.0,4,4,4,4,1,1,5,4,5,3,1,4,1,1,Satisfied
41844,Female,36,Returning,Business,Economy Plus,462,0,0.0,4,4,4,5,4,1,3,1,3,3,5,3,3,5,Satisfied
105940,Female,42,Returning,Personal,Economy,1491,20,12.0,3,1,1,3,2,4,3,1,2,3,4,1,4,4,Neutral or Dissatisfied
127795,Male,51,Returning,Personal,Business,1044,0,0.0,5,1,2,1,3,2,5,1,1,5,2,1,2,2,Neutral or Dissatisfied
125228,Female,56,Returning,Business,Business,2040,2,4.0,4,4,4,5,4,4,4,4,4,5,4,4,4,4,Satisfied
103837,Male,36,First-time,Business,Economy,882,0,0.0,3,3,3,3,4,2,4,2,4,4,4,3,4,4,Neutral or Dissatisfied
114703,Male,52,Returning,Business,Business,337,7,1.0,0,0,5,4,2,2,4,3,4,3,2,0,2,3,Satisfied
15918,Male,25,First-time,Business,Economy,738,6,4.0,2,2,5,2,5,2,3,3,3,3,2,2,3,4,Neutral or Dissatisfied
127158,Male,28,Returning,Personal,Economy,621,26,19.0,3,1,5,1,4,4,3,2,3,3,2,1,3,2,Neutral or Dissatisfied
39847,Female,44,Returning,Business,Economy,272,0,0.0,5,4,1,4,5,4,1,5,4,2,4,5,4,4,Satisfied
98929,Male,37,First-time,Business,Business,543,0,0.0,3,3,5,3,1,5,4,5,4,4,5,3,4,4,Neutral or Dissatisfied
84195,Female,52,Returning,Business,Business,2253,0,0.0,1,1,4,4,1,4,5,4,4,2,4,1,4,4,Satisfied
72178,Male,29,Returning,Business,Business,594,0,4.0,2,4,3,5,2,5,5,2,5,5,5,2,5,5,Satisfied
21924,Female,48,Returning,Business,Economy,551,45,24.0,4,4,3,1,4,2,3,2,5,2,2,2,2,2,Satisfied
93361,Female,39,Returning,Business,Economy,624,4,0.0,1,1,4,4,1,5,4,2,4,4,3,4,4,3,Satisfied
87052,Female,29,First-time,Business,Business,640,12,0.0,2,2,5,2,4,5,3,3,2,2,4,2,2,5,Neutral or Dissatisfied
13817,Male,55,Returning,Business,Business,628,0,0.0,1,1,5,4,1,3,1,3,1,3,3,1,3,3,Satisfied
4011,Male,33,First-time,Business,Business,419,0,0.0,1,1,3,1,1,4,3,5,3,3,5,1,3,5,Neutral or Dissatisfied
91463,Female,29,First-time,Business,Economy,859,7,17.0,4,4,2,4,4,2,2,4,2,2,3,4,2,4,Neutral or Dissatisfied
28690,Female,36,Returning,Business,Economy,2182,0,0.0,2,2,5,3,2,2,3,5,3,3,2,3,3,3,Satisfied
68151,Male,59,Returning,Business,Business,3810,2,0.0,2,2,3,4,2,4,4,4,3,3,4,2,4,4,Satisfied
60031,Male,56,Returning,Personal,Economy,997,0,0.0,5,1,3,1,5,5,4,2,4,4,5,1,4,4,Neutral or Dissatisfied
53728,Male,49,Returning,Personal,Economy,1208,78,61.0,3,2,3,2,3,2,2,2,1,1,4,2,1,4,Neutral or Dissatisfied
25224,Female,32,Returning,Business,Economy,842,0,7.0,0,0,2,0,1,4,4,4,4,4,1,0,4,4,Satisfied
66501,Female,47,Returning,Business,Economy,447,0,0.0,4,4,2,2,4,1,2,1,3,1,1,1,1,1,Neutral or Dissatisfied
3955,Female,59,Returning,Business,Business,2914,0,0.0,4,4,5,1,4,5,5,5,3,1,5,4,5,5,Satisfied
125446,Male,27,First-time,Business,Business,2917,0,0.0,2,2,3,2,3,3,1,2,1,1,5,2,1,4,Neutral or Dissatisfied
31713,Male,67,Returning,Personal,Economy,967,265,259.0,5,3,5,5,4,4,5,4,5,3,3,3,3,5,Neutral or Dissatisfied
52277,Female,39,First-time,Business,Business,451,0,0.0,1,1,2,1,1,4,5,3,5,5,2,1,5,2,Neutral or Dissatisfied
12177,Male,50,Returning,Business,Economy,1075,172,154.0,3,3,1,1,3,4,1,4,1,2,3,2,4,4,Neutral or Dissatisfied
55288,Female,59,Returning,Business,Economy,1585,0,0.0,2,5,3,4,2,4,3,4,2,3,4,4,4,4,Satisfied
59265,Male,44,Returning,Business,Business,4963,0,0.0,5,5,4,4,5,2,4,3,4,5,4,5,3,4,Satisfied
28847,Female,44,Returning,Business,Economy,978,0,0.0,3,3,2,4,3,5,4,5,1,1,5,5,5,5,Satisfied
129150,Female,50,Returning,Business,Business,679,0,0.0,2,2,3,5,2,3,4,4,5,2,3,2,3,3,Satisfied
34487,Male,23,Returning,Business,Business,1990,4,0.0,5,5,4,5,5,3,5,3,5,5,2,5,5,5,Satisfied
3132,Female,60,Returning,Business,Business,2320,34,33.0,5,0,5,5,5,1,4,1,5,3,1,0,1,1,Satisfied
57254,Female,60,Returning,Business,Economy,804,0,0.0,2,2,4,3,2,2,4,2,3,2,2,2,2,2,Neutral or Dissatisfied
50951,Male,14,Returning,Personal,Economy,77,0,0.0,4,3,4,3,3,4,1,2,1,1,5,3,1,5,Neutral or Dissatisfied
72656,Female,67,Returning,Personal,Economy,1119,82,76.0,5,3,1,4,5,5,4,3,2,1,5,3,5,5,Neutral or Dissatisfied
122674,Female,57,Returning,Business,Economy,361,0,0.0,4,4,2,3,4,2,4,2,3,3,2,2,2,2,Neutral or Dissatisfied
82867,Male,25,First-time,Business,Business,594,19,60.0,0,2,3,2,4,4,5,4,5,5,4,2,5,4,Neutral or Dissatisfied
57030,Male,31,Returning,Business,Economy Plus,2425,0,0.0,4,2,1,1,2,1,1,3,1,1,4,1,3,4,Neutral or Dissatisfied
28439,Male,28,Returning,Business,Business,2496,0,0.0,4,2,3,3,2,4,3,5,3,4,1,2,2,5,Satisfied
109310,Female,28,Returning,Business,Business,1634,1,0.0,4,4,2,2,4,3,2,3,2,2,4,2,2,3,Neutral or Dissatisfied
100672,Female,63,Returning,Business,Economy,628,0,0.0,2,4,3,4,2,2,3,2,4,4,2,2,2,2,Neutral or Dissatisfied
1307,Male,53,Returning,Business,Business,2935,3,2.0,5,5,3,4,5,5,5,5,3,3,5,5,5,5,Satisfied
65339,Female,57,Returning,Business,Business,2875,26,25.0,3,3,3,5,3,5,4,5,4,4,5,3,5,5,Satisfied
8306,Female,51,Returning,Business,Business,3596,0,0.0,1,1,3,5,1,5,5,5,5,5,5,1,5,5,Satisfied
50437,Female,21,First-time,Business,Economy,337,1,0.0,0,2,5,2,5,5,1,3,1,1,4,2,1,1,Neutral or Dissatisfied
66804,Female,23,First-time,Business,Economy,731,5,0.0,3,3,4,3,1,4,4,3,4,4,4,2,4,5,Neutral or Dissatisfied
112268,Male,22,First-time,Business,Economy,1703,0,0.0,3,3,2,3,3,4,2,2,2,2,4,3,2,2,Neutral or Dissatisfied
88408,Female,27,Returning,Business,Business,2999,0,7.0,2,2,4,3,2,2,3,4,3,3,4,3,3,4,Neutral or Dissatisfied
117635,Female,56,Returning,Personal,Economy,872,1,0.0,1,1,3,2,2,4,3,1,4,1,4,1,4,4,Neutral or Dissatisfied
73859,Female,25,Returning,Personal,Economy,1810,0,0.0,4,1,3,1,4,4,1,5,4,4,5,1,4,4,Neutral or Dissatisfied
33219,Female,32,Returning,Business,Economy Plus,101,0,1.0,5,5,2,3,5,3,3,5,3,3,3,3,3,3,Neutral or Dissatisfied
100708,Female,38,First-time,Business,Business,328,0,0.0,3,3,3,3,3,4,1,3,4,4,4,3,4,4,Neutral or Dissatisfied
97552,Male,46,Returning,Business,Economy Plus,675,24,9.0,5,2,3,2,2,4,2,3,2,2,4,2,2,3,Neutral or Dissatisfied
101497,Female,71,Returning,Business,Business,2710,7,1.0,1,1,2,3,1,1,3,1,3,5,1,1,1,1,Neutral or Dissatisfied
35953,Female,38,Returning,Business,Business,2395,0,0.0,5,5,4,4,5,4,3,4,5,1,4,5,4,4,Satisfied
19627,Male,29,Returning,Business,Business,1672,0,0.0,4,4,3,3,4,1,3,5,3,3,3,4,3,4,Satisfied
20768,Female,21,Returning,Business,Business,534,0,0.0,3,3,2,4,3,2,4,5,4,4,3,3,4,3,Satisfied
118782,Male,66,Returning,Personal,Economy,647,0,0.0,5,3,2,3,2,3,5,1,5,5,2,3,5,1,Neutral or Dissatisfied
18525,Female,22,First-time,Business,Economy,262,0,0.0,0,3,2,3,4,3,4,1,4,4,4,3,4,4,Neutral or Dissatisfied
122176,Male,46,Returning,Business,Business,3486,0,0.0,4,4,5,5,4,4,4,4,5,5,4,4,4,4,Satisfied
86577,Female,29,First-time,Business,Economy,1269,26,30.0,5,5,3,5,3,2,4,2,5,5,3,4,5,4,Neutral or Dissatisfied
28163,Male,30,First-time,Business,Economy,834,0,0.0,1,1,1,1,4,4,2,4,1,1,3,1,1,3,Neutral or Dissatisfied
125956,Female,48,Returning,Business,Economy Plus,992,6,8.0,2,2,3,2,2,4,3,4,1,4,4,4,4,4,Neutral or Dissatisfied
115414,Female,44,First-time,Business,Business,447,8,15.0,0,0,4,5,1,5,1,4,1,1,4,5,1,4,Satisfied
115191,Female,39,First-time,Business,Business,446,2,0.0,2,2,3,2,5,4,3,3,3,3,5,2,3,4,Neutral or Dissatisfied
74959,Male,23,Returning,Business,Business,2831,0,0.0,1,3,1,3,1,4,3,4,3,3,4,3,3,3,Neutral or Dissatisfied
113615,Female,60,Returning,Personal,Economy,407,0,0.0,4,1,1,3,4,2,3,1,4,2,2,1,2,5,Neutral or Dissatisfied
60137,Female,38,First-time,Business,Economy,1012,0,0.0,1,1,2,1,3,3,2,4,2,2,3,1,2,3,Neutral or Dissatisfied
82851,Female,52,Returning,Business,Economy,594,0,0.0,1,1,1,3,1,1,2,1,2,3,1,1,1,1,Neutral or Dissatisfied
59530,Male,40,Returning,Business,Business,3117,2,0.0,1,1,2,4,1,1,3,1,1,4,1,1,1,1,Neutral or Dissatisfied
126862,Male,12,Returning,Personal,Economy,2125,37,21.0,1,5,1,5,3,3,2,3,2,2,4,5,2,3,Satisfied
73488,Female,45,Returning,Personal,Economy,1144,0,0.0,3,2,2,5,4,1,5,2,3,2,1,2,1,1,Neutral or Dissatisfied
121035,Male,18,Returning,Personal,Economy,920,0,0.0,5,4,4,4,3,4,4,5,4,4,4,5,4,4,Satisfied
23211,Female,23,Returning,Business,Business,326,30,34.0,3,3,2,4,3,1,4,4,4,4,2,3,4,3,Satisfied
75391,Male,30,First-time,Business,Business,2342,3,0.0,3,3,5,3,2,4,4,2,4,4,4,3,4,4,Neutral or Dissatisfied
61157,Female,40,Returning,Business,Business,967,0,0.0,1,1,4,5,1,5,4,5,5,3,5,1,5,5,Satisfied
6146,Female,24,Returning,Business,Business,501,59,70.0,1,1,3,4,1,5,4,4,4,4,5,1,4,5,Satisfied
118071,Female,68,Returning,Business,Economy Plus,1044,0,0.0,2,5,3,4,2,3,3,3,4,2,3,3,3,3,Neutral or Dissatisfied
52001,Male,70,Returning,Personal,Economy,1119,0,0.0,4,1,3,1,4,4,4,3,4,4,4,1,4,5,Neutral or Dissatisfied
77242,Male,31,Returning,Business,Economy,1590,0,1.0,3,3,1,3,3,3,3,1,3,3,4,3,3,4,Neutral or Dissatisfied
40297,Female,47,Returning,Personal,Economy,436,0,0.0,5,3,5,5,1,4,4,3,5,4,4,3,4,3,Neutral or Dissatisfied
29776,Male,28,Returning,Personal,Business,548,0,0.0,5,5,4,5,4,4,3,2,3,3,5,5,3,4,Satisfied
59035,Female,36,First-time,Business,Business,1846,2,15.0,2,2,3,2,4,3,4,2,4,4,4,2,4,3,Neutral or Dissatisfied
13052,Female,9,Returning,Personal,Economy Plus,374,0,51.0,3,4,1,4,4,2,2,4,2,2,3,4,2,3,Neutral or Dissatisfied
107700,Male,61,First-time,Business,Economy,405,0,32.0,2,2,1,2,3,4,5,1,5,5,4,2,5,4,Neutral or Dissatisfied
109209,Female,16,Returning,Business,Economy,793,0,0.0,4,4,4,3,4,2,1,4,3,3,4,3,3,4,Neutral or Dissatisfied
16460,Female,55,Returning,Personal,Economy,416,0,0.0,2,4,3,3,4,5,3,4,3,2,5,4,5,3,Neutral or Dissatisfied
210,Female,27,First-time,Business,Economy,213,6,4.0,2,4,4,4,1,2,2,1,2,2,1,4,2,1,Neutral or Dissatisfied
21339,Female,28,Returning,Business,Economy,674,23,7.0,2,2,2,4,2,2,4,4,4,4,1,4,4,2,Satisfied
24856,Female,33,First-time,Business,Business,356,0,3.0,3,3,4,3,5,3,3,5,3,3,5,3,3,5,Neutral or Dissatisfied
67901,Male,65,Returning,Personal,Economy,1235,0,0.0,5,4,5,4,1,5,5,5,5,5,4,4,5,5,Satisfied
39138,Male,37,Returning,Personal,Economy,190,0,0.0,4,2,3,2,1,3,1,3,1,1,4,2,1,5,Neutral or Dissatisfied
101543,Female,67,Returning,Personal,Economy,345,8,0.0,3,2,4,3,3,2,4,2,1,1,2,2,2,2,Neutral or Dissatisfied
102380,Female,29,First-time,Business,Economy,386,37,29.0,2,3,1,3,3,3,4,4,4,4,3,3,4,3,Neutral or Dissatisfied
34708,Female,39,First-time,Business,Business,209,83,75.0,2,2,4,2,1,2,3,3,3,3,4,1,3,5,Neutral or Dissatisfied
120799,Male,37,Returning,Business,Business,2060,0,0.0,5,5,5,5,5,5,4,5,3,2,5,5,5,5,Satisfied
114685,Female,36,Returning,Business,Business,1994,0,0.0,1,1,3,4,1,3,3,3,2,2,3,3,3,3,Neutral or Dissatisfied
26485,Male,48,Returning,Personal,Economy Plus,787,0,0.0,5,5,5,5,2,5,1,5,1,1,5,5,1,5,Satisfied
99054,Female,54,Returning,Business,Business,181,8,6.0,3,3,3,4,3,5,5,5,4,5,5,3,5,5,Satisfied
123042,Male,21,First-time,Business,Economy,468,17,39.0,0,2,5,2,4,3,4,2,4,4,4,2,4,5,Neutral or Dissatisfied
98486,Female,22,First-time,Business,Business,668,6,9.0,4,0,3,0,5,4,5,4,5,5,5,0,5,4,Satisfied
12550,Female,34,Returning,Personal,Economy,788,51,54.0,3,3,4,3,4,3,2,2,2,2,3,3,2,4,Neutral or Dissatisfied
16172,Male,22,Returning,Business,Business,277,116,177.0,3,3,3,3,3,5,3,4,3,3,2,3,1,3,Neutral or Dissatisfied
106323,Male,49,Returning,Business,Business,2516,0,0.0,3,3,3,4,3,5,4,5,3,3,5,3,5,5,Satisfied
15042,Female,34,First-time,Business,Economy,627,0,0.0,4,2,1,2,1,5,5,4,5,5,4,2,5,2,Neutral or Dissatisfied
38336,Female,24,Returning,Business,Business,2700,0,20.0,3,3,5,5,3,3,5,2,5,5,2,3,5,4,Satisfied
127675,Female,56,Returning,Personal,Economy,2153,16,1.0,4,3,3,3,3,3,5,3,4,4,3,3,3,4,Neutral or Dissatisfied
5707,Female,31,Returning,Personal,Economy,196,0,0.0,5,0,5,0,4,3,2,5,2,2,5,1,2,4,Neutral or Dissatisfied
45926,Male,59,First-time,Business,Economy,409,0,5.0,2,4,3,4,4,3,3,4,3,3,5,4,3,5,Satisfied
47073,Male,69,Returning,Personal,Economy,639,15,0.0,3,1,2,1,3,4,3,4,5,5,2,1,5,2,Neutral or Dissatisfied
125145,Male,30,First-time,Business,Economy,1999,4,0.0,2,2,3,3,2,3,3,5,3,3,2,3,3,1,Neutral or Dissatisfied
62868,Female,22,First-time,Business,Economy,712,29,25.0,2,2,3,2,3,1,5,3,5,5,3,2,5,2,Neutral or Dissatisfied
84605,Male,44,Returning,Business,Business,3024,0,0.0,4,4,4,5,4,4,5,4,5,3,4,4,4,4,Satisfied
48350,Male,24,First-time,Business,Economy,587,46,46.0,0,5,3,5,1,5,2,3,2,2,5,5,2,5,Satisfied
247,Male,11,Returning,Business,Business,719,38,,1,1,4,4,1,4,4,3,4,4,3,4,4,4,Neutral or Dissatisfied
53231,Female,60,Returning,Personal,Economy,589,54,84.0,4,2,3,5,2,5,5,2,4,3,5,2,5,5,Neutral or Dissatisfied
94488,Male,66,First-time,Business,Economy,562,0,0.0,0,1,3,1,4,3,4,3,4,4,3,1,4,3,Neutral or Dissatisfied
88723,Female,9,Returning,Personal,Economy,581,0,3.0,4,1,3,1,3,3,5,5,5,5,5,1,5,5,Neutral or Dissatisfied
15837,Female,57,First-time,Business,Economy Plus,1148,149,115.0,1,1,1,1,3,1,1,3,1,1,2,1,1,4,Neutral or Dissatisfied
65611,Male,32,Returning,Business,Business,3273,17,13.0,2,3,1,3,3,3,3,3,3,3,4,3,3,3,Neutral or Dissatisfied
129736,Female,32,Returning,Business,Business,308,0,0.0,3,3,4,5,3,4,5,2,5,5,5,3,5,4,Satisfied
92524,Female,67,Returning,Personal,Economy,1919,0,0.0,5,0,5,5,2,1,5,0,3,4,1,1,1,1,Neutral or Dissatisfied
118624,Male,54,Returning,Business,Business,338,0,7.0,2,2,2,4,2,3,4,2,3,4,3,3,3,3,Neutral or Dissatisfied
4569,Female,23,Returning,Personal,Economy,561,0,0.0,1,2,3,2,3,1,4,5,4,4,3,2,4,4,Neutral or Dissatisfied
2000,Female,56,Returning,Business,Business,351,0,0.0,4,4,4,5,4,4,4,4,5,4,4,4,4,4,Satisfied
85738,Male,39,Returning,Business,Business,3874,0,0.0,4,4,3,5,4,5,4,5,4,5,5,4,5,5,Satisfied
103448,Male,68,Returning,Business,Business,2255,3,0.0,3,5,4,4,5,4,4,4,3,5,4,5,4,4,Satisfied
124469,Female,27,Returning,Personal,Economy,980,0,9.0,4,2,4,2,4,1,1,1,1,1,3,2,1,3,Neutral or Dissatisfied
107361,Female,36,Returning,Personal,Economy,632,2,0.0,3,4,1,4,5,3,2,2,2,2,4,5,2,1,Satisfied
69306,Male,48,Returning,Business,Business,1547,0,0.0,3,3,5,5,3,4,5,5,5,2,4,3,4,4,Satisfied
4483,Male,62,Returning,Personal,Economy,1147,0,0.0,4,1,3,1,4,5,4,2,4,4,4,1,4,5,Neutral or Dissatisfied
44429,Male,42,Returning,Business,Economy,542,21,8.0,2,2,1,2,2,4,2,4,2,2,4,2,2,3,Neutral or Dissatisfied
30843,Male,26,Returning,Business,Business,2178,9,0.0,5,5,2,3,5,2,3,2,3,3,3,5,3,1,Satisfied
64995,Female,26,First-time,Business,Economy,551,0,0.0,4,3,5,3,5,4,2,1,2,2,5,3,2,2,Neutral or Dissatisfied
24779,Female,22,First-time,Business,Economy,447,0,1.0,3,4,1,4,4,5,2,5,2,2,1,4,2,3,Satisfied
38447,Female,43,Returning,Business,Business,1226,0,2.0,4,4,3,5,4,4,4,4,4,2,4,4,4,4,Satisfied
11943,Male,30,First-time,Business,Business,781,0,0.0,0,0,5,0,1,3,5,4,5,5,4,0,5,5,Satisfied
1017,Male,61,Returning,Business,Business,2400,0,3.0,2,2,4,3,2,4,3,5,3,4,4,2,4,4,Satisfied
68100,Male,55,Returning,Business,Economy,413,0,0.0,4,4,5,4,4,2,4,5,4,4,3,4,4,2,Satisfied
62191,Male,55,Returning,Business,Business,1065,0,0.0,3,3,2,4,3,4,1,4,3,1,4,3,4,4,Satisfied
119935,Male,34,Returning,Business,Business,868,0,0.0,4,4,5,4,4,4,4,4,4,3,4,4,4,4,Satisfied
28502,Female,28,Returning,Business,Business,2677,0,0.0,5,5,1,5,5,3,5,4,5,5,1,5,5,3,Satisfied
1564,Female,62,Returning,Personal,Business,140,0,0.0,4,1,2,5,5,4,4,1,5,4,4,1,4,4,Neutral or Dissatisfied
85731,Female,52,Returning,Business,Business,2032,0,8.0,4,2,5,4,4,4,5,4,3,5,4,4,4,4,Satisfied
119289,Female,37,Returning,Business,Business,3766,80,80.0,4,0,3,5,1,1,5,1,5,3,1,0,1,1,Satisfied
82234,Female,35,Returning,Personal,Economy,405,2,0.0,5,0,5,0,3,5,2,3,2,2,4,0,2,4,Satisfied
29710,Male,35,Returning,Business,Economy,2304,0,0.0,5,5,5,4,5,3,4,2,4,4,2,4,4,4,Satisfied
75273,Male,51,Returning,Personal,Economy,1744,0,0.0,0,3,4,3,3,3,1,5,1,1,5,3,1,5,Neutral or Dissatisfied
127744,Female,44,Returning,Business,Economy,255,10,11.0,1,1,2,2,1,3,3,2,4,3,3,2,3,3,Neutral or Dissatisfied
55273,Male,66,Returning,Business,Economy Plus,507,0,0.0,5,5,3,3,5,4,3,4,3,3,3,3,3,4,Neutral or Dissatisfied
45805,Female,30,First-time,Business,Economy,391,0,0.0,3,1,2,1,2,1,5,2,5,5,2,2,5,3,Neutral or Dissatisfied
31699,Male,44,Returning,Business,Economy,567,0,0.0,4,4,1,5,4,3,5,1,5,5,5,5,5,2,Satisfied
8997,Male,37,Returning,Business,Business,2214,28,19.0,1,1,1,3,1,4,3,3,1,2,4,4,4,4,Neutral or Dissatisfied
106369,Female,24,Returning,Business,Business,1624,0,0.0,1,1,3,3,1,3,3,2,3,3,3,3,3,3,Neutral or Dissatisfied
42431,Female,61,Returning,Business,Economy,1119,0,0.0,1,1,2,5,1,4,1,4,3,3,4,4,4,4,Satisfied
46198,Male,53,Returning,Personal,Economy,423,20,13.0,1,3,1,3,4,4,3,5,3,3,3,3,3,2,Neutral or Dissatisfied
44910,Female,58,Returning,Personal,Economy,1118,0,3.0,4,2,5,5,2,4,5,2,5,3,4,2,4,4,Neutral or Dissatisfied
16701,Female,13,Returning,Personal,Economy,169,71,60.0,4,3,4,3,3,4,4,4,4,4,4,3,4,4,Neutral or Dissatisfied
55683,Female,72,Returning,Business,Business,3408,6,0.0,3,3,5,5,3,5,4,5,5,4,5,3,5,5,Satisfied
17781,Female,30,Returning,Business,Business,986,0,0.0,1,1,2,4,1,4,5,1,5,5,3,1,5,3,Satisfied
72396,Male,56,Returning,Business,Business,1766,56,65.0,2,2,5,5,2,4,4,4,5,4,4,2,4,4,Satisfied
119070,Male,27,Returning,Business,Business,2534,0,0.0,2,2,3,4,2,3,5,3,5,5,4,2,5,4,Satisfied
82403,Female,63,Returning,Personal,Economy,500,0,0.0,4,3,3,5,3,1,4,3,5,4,1,3,1,1,Neutral or Dissatisfied
63875,Female,55,Returning,Business,Business,1158,0,0.0,2,2,3,4,2,4,5,4,4,4,4,2,4,4,Satisfied
41429,Male,17,Returning,Personal,Economy,809,21,6.0,3,3,4,3,3,3,5,2,4,4,2,3,4,3,Neutral or Dissatisfied
101770,Female,26,First-time,Business,Business,1521,0,0.0,5,5,4,5,4,4,2,4,2,2,4,5,2,4,Satisfied
57877,Female,50,Returning,Business,Business,2798,0,0.0,4,5,4,4,4,4,5,5,3,2,4,4,4,4,Satisfied
1249,Male,11,Returning,Personal,Economy,282,10,12.0,1,2,4,2,3,4,4,1,4,4,4,2,4,4,Neutral or Dissatisfied
116153,Female,29,Returning,Personal,Economy,337,0,4.0,4,5,5,5,1,5,4,3,4,4,5,5,4,4,Satisfied
95339,Male,39,Returning,Personal,Economy,293,0,10.0,4,3,5,3,3,5,5,5,5,5,5,3,5,4,Neutral or Dissatisfied
68442,Male,63,Returning,Personal,Economy Plus,1045,0,0.0,5,1,4,1,1,5,4,1,3,3,5,1,3,3,Neutral or Dissatisfied
58663,Male,46,Returning,Personal,Economy,867,0,0.0,5,3,2,3,3,2,2,5,2,2,4,3,2,2,Neutral or Dissatisfied
72360,Male,25,First-time,Business,Business,1017,0,0.0,0,5,3,5,3,5,3,3,3,3,5,5,3,4,Satisfied
57955,Female,33,Returning,Personal,Economy,1062,175,165.0,5,4,2,2,4,5,2,4,2,4,4,4,3,4,Neutral or Dissatisfied
103408,Female,38,First-time,Business,Economy,237,196,214.0,1,2,2,3,3,3,2,2,2,2,4,2,4,3,Neutral or Dissatisfied
124692,Male,25,First-time,Business,Business,399,0,0.0,4,1,5,1,1,5,4,3,4,4,5,1,4,4,Neutral or Dissatisfied
44272,Female,22,Returning,Personal,Economy,222,0,0.0,2,4,3,4,3,2,5,3,3,3,4,4,3,3,Neutral or Dissatisfied
123985,Female,47,Returning,Business,Business,2940,0,0.0,4,3,5,4,4,3,5,4,3,3,3,4,3,5,Satisfied
98435,Female,49,Returning,Business,Business,1910,0,0.0,5,5,3,3,5,5,4,5,5,3,5,5,5,5,Satisfied
117478,Female,57,Returning,Business,Business,507,26,18.0,4,4,3,5,4,4,5,4,5,2,4,4,4,4,Satisfied
52013,Male,39,First-time,Business,Economy,328,0,0.0,0,1,3,1,4,3,1,3,1,1,2,1,1,1,Neutral or Dissatisfied
18673,Male,23,Returning,Personal,Economy,201,0,0.0,3,3,1,3,3,2,5,1,5,5,4,3,5,3,Neutral or Dissatisfied
122054,Female,18,First-time,Business,Economy,130,34,44.0,2,1,4,1,4,1,3,3,4,4,3,1,4,3,Neutral or Dissatisfied
124056,Female,28,Returning,Business,Business,2153,14,0.0,3,3,5,4,3,3,4,4,4,4,4,3,4,3,Satisfied
85862,Female,52,Returning,Business,Business,2172,6,0.0,5,5,3,3,5,4,4,4,4,4,4,5,4,4,Satisfied
68711,Female,42,Returning,Personal,Economy,237,0,0.0,1,2,3,3,2,2,2,2,2,1,2,2,2,3,Neutral or Dissatisfied
78255,Male,52,Returning,Business,Business,903,0,0.0,1,1,3,4,1,2,4,2,2,1,2,2,2,2,Neutral or Dissatisfied
1988,Male,13,Returning,Personal,Economy,383,0,0.0,2,3,1,3,3,1,4,4,4,4,2,3,4,2,Neutral or Dissatisfied
87475,Female,59,Returning,Business,Business,2886,34,39.0,5,5,4,5,5,5,5,5,4,3,5,5,5,5,Satisfied
62065,Male,15,Returning,Personal,Economy,2586,0,0.0,5,1,3,1,3,5,5,5,5,5,5,1,5,3,Neutral or Dissatisfied
12258,Male,47,Returning,Business,Business,201,0,0.0,3,4,4,3,3,4,1,4,2,5,4,3,4,5,Satisfied
53632,Male,21,Returning,Personal,Economy,1874,35,14.0,1,2,1,2,1,2,3,2,3,3,1,2,3,2,Neutral or Dissatisfied
102751,Female,39,First-time,Business,Business,255,0,0.0,2,2,3,2,4,2,2,5,2,2,4,2,2,4,Neutral or Dissatisfied
63964,Male,60,Returning,Personal,Economy,1192,0,0.0,4,2,3,2,4,3,4,2,3,3,5,2,3,5,Neutral or Dissatisfied
98475,Male,40,Returning,Personal,Economy Plus,210,0,0.0,4,4,4,4,4,3,1,5,1,1,4,4,1,3,Satisfied
60119,Male,37,First-time,Business,Business,1050,0,0.0,1,1,3,1,2,5,3,5,3,3,5,1,3,5,Neutral or Dissatisfied
28899,Male,41,Returning,Business,Economy,978,0,0.0,3,3,4,2,3,1,2,4,2,2,4,2,2,3,Neutral or Dissatisfied
27443,Male,9,Returning,Business,Economy,605,0,0.0,3,3,2,1,3,4,3,1,1,1,2,1,1,3,Neutral or Dissatisfied
94554,Male,25,Returning,Business,Economy,496,3,0.0,3,3,3,2,3,2,4,3,1,1,3,1,1,4,Neutral or Dissatisfied
107426,Male,32,Returning,Personal,Economy,725,24,18.0,4,3,5,3,3,2,5,3,1,1,3,3,1,4,Neutral or Dissatisfied
105648,Male,45,Returning,Business,Business,2487,2,0.0,5,3,3,4,5,5,5,5,4,4,5,5,5,5,Satisfied
81471,Male,46,Returning,Business,Business,2074,27,45.0,4,4,4,3,4,4,2,3,3,3,4,4,4,4,Neutral or Dissatisfied
73287,Male,51,Returning,Business,Business,1182,24,27.0,2,2,4,5,2,2,4,2,4,2,2,2,2,2,Satisfied
115321,Male,50,Returning,Business,Business,3205,29,23.0,0,0,5,4,1,3,5,3,3,2,3,0,3,3,Satisfied
35656,Female,31,Returning,Business,Economy,2569,29,13.0,5,5,5,5,5,4,5,5,5,5,1,5,2,4,Satisfied
116182,Female,36,Returning,Personal,Economy,447,0,0.0,3,3,5,3,1,2,1,1,3,3,4,3,3,2,Neutral or Dissatisfied
93759,Female,20,First-time,Business,Economy,368,16,6.0,2,1,4,1,3,4,2,4,2,2,4,1,2,3,Neutral or Dissatisfied
70862,Male,30,Returning,Business,Business,3416,0,0.0,1,1,1,5,1,5,5,3,5,5,4,1,5,2,Satisfied
121669,Female,25,Returning,Business,Business,1872,0,0.0,2,2,5,4,2,5,4,4,4,4,1,2,4,3,Satisfied
35981,Female,66,Returning,Business,Business,3205,0,0.0,0,0,5,1,5,3,4,3,5,5,3,0,3,3,Satisfied
40042,Female,25,Returning,Business,Business,2075,0,1.0,5,4,2,2,5,2,2,3,2,2,2,5,2,5,Satisfied
102048,Male,23,First-time,Business,Economy,236,0,0.0,0,2,2,2,4,3,4,3,4,4,3,2,4,4,Neutral or Dissatisfied
7686,Female,34,Returning,Business,Business,2499,0,0.0,1,1,4,2,1,4,2,4,4,5,4,1,4,4,Satisfied
75705,Female,45,Returning,Business,Business,1934,110,101.0,5,5,2,2,5,3,1,3,2,5,3,3,3,3,Neutral or Dissatisfied
128961,Female,50,Returning,Business,Business,3207,9,0.0,5,5,3,3,5,1,3,1,4,1,1,1,1,1,Neutral or Dissatisfied
80795,Female,56,Returning,Business,Business,2301,0,0.0,5,5,3,4,5,5,5,5,5,5,5,5,5,5,Satisfied
24516,Male,22,First-time,Business,Economy,547,3,13.0,3,4,5,4,1,4,2,5,2,2,2,4,2,2,Satisfied
115787,Female,41,Returning,Business,Economy,296,0,0.0,3,3,3,2,3,1,2,1,2,2,4,2,2,4,Neutral or Dissatisfied
79132,Male,59,Returning,Business,Business,356,22,30.0,5,3,5,4,5,5,5,5,5,4,5,5,5,5,Satisfied
45707,Female,43,Returning,Business,Economy,836,115,167.0,4,4,4,4,4,4,4,1,4,4,1,4,4,5,Satisfied
76538,Male,55,Returning,Business,Business,516,211,231.0,3,3,5,5,3,5,5,4,5,5,3,3,3,4,Satisfied
101180,Male,62,Returning,Personal,Economy,583,7,3.0,2,3,1,3,3,4,5,3,5,5,3,3,5,4,Neutral or Dissatisfied
89078,Female,39,Returning,Business,Business,2139,44,46.0,3,3,4,5,3,4,5,4,3,3,4,3,4,4,Satisfied
25997,Male,45,Returning,Personal,Economy,577,29,20.0,5,2,3,2,3,4,5,5,5,5,4,2,5,4,Neutral or Dissatisfied
36619,Female,48,Returning,Business,Economy,721,0,0.0,4,4,1,5,4,3,1,3,4,1,3,3,3,3,Satisfied
89227,Male,67,Returning,Personal,Economy,1947,25,26.0,2,2,2,2,3,4,3,2,3,3,3,2,3,2,Neutral or Dissatisfied
77318,Female,27,Returning,Business,Business,588,0,0.0,5,5,5,5,5,5,5,5,5,5,4,5,5,5,Satisfied
17582,Female,27,Returning,Personal,Economy,1034,17,30.0,5,3,4,3,3,3,2,5,2,2,4,3,2,5,Neutral or Dissatisfied
25429,Male,17,Returning,Personal,Business,669,16,15.0,2,2,1,2,4,1,2,3,2,2,4,2,2,4,Neutral or Dissatisfied
111040,Male,70,Returning,Business,Business,1545,27,11.0,4,4,4,3,4,3,4,3,1,2,3,2,3,2,Neutral or Dissatisfied
62902,Female,54,Returning,Personal,Business,853,0,6.0,1,4,3,4,3,5,3,4,4,3,5,4,5,5,Neutral or Dissatisfied
63928,Female,53,Returning,Personal,Economy,1192,0,1.0,4,2,4,4,3,4,4,2,4,4,4,2,4,4,Neutral or Dissatisfied
59269,Male,27,Returning,Personal,Economy,4963,0,2.0,1,2,3,3,4,5,3,4,3,2,4,2,2,3,Neutral or Dissatisfied
109498,Female,25,Returning,Business,Business,2630,0,0.0,2,1,4,4,2,3,4,5,4,4,5,2,4,5,Satisfied
5041,Female,22,Returning,Business,Business,2857,46,51.0,1,1,1,4,1,1,4,2,4,4,3,4,4,3,Neutral or Dissatisfied
91314,Female,53,Returning,Business,Business,442,0,0.0,4,4,5,4,4,5,5,5,5,2,5,4,5,5,Satisfied
79818,Male,47,Returning,Business,Business,3094,0,3.0,1,1,4,4,1,2,4,3,4,5,2,1,2,2,Satisfied
115483,Male,55,Returning,Business,Business,1685,58,31.0,5,5,2,3,5,2,4,2,3,3,2,2,2,2,Neutral or Dissatisfied
74899,Male,43,Returning,Business,Business,2475,0,0.0,2,3,5,4,3,4,5,4,4,2,4,3,4,4,Satisfied
68592,Male,34,Returning,Business,Economy Plus,1616,0,0.0,1,1,1,3,1,4,4,2,4,4,3,4,4,4,Neutral or Dissatisfied
70194,Male,47,Returning,Business,Business,3464,0,5.0,3,3,3,5,3,4,4,4,5,2,4,3,4,4,Satisfied
92713,Female,39,First-time,Business,Business,1276,12,10.0,4,4,5,4,1,3,2,4,2,2,5,4,2,5,Satisfied
92890,Female,43,Returning,Business,Business,3486,0,11.0,1,1,4,4,1,5,5,4,3,2,5,1,5,4,Satisfied
120137,Male,39,Returning,Business,Business,1475,0,10.0,3,1,3,5,1,4,5,4,3,3,4,1,4,4,Satisfied
16795,Male,30,Returning,Business,Business,1017,0,0.0,5,2,5,5,5,2,5,1,5,5,5,5,5,3,Satisfied
7666,Female,29,First-time,Business,Business,767,0,0.0,3,3,5,3,4,4,2,4,2,2,4,3,2,5,Neutral or Dissatisfied
80876,Male,29,Returning,Personal,Economy,484,11,9.0,4,3,2,3,4,1,2,4,2,2,3,3,2,4,Neutral or Dissatisfied
123403,Female,40,Returning,Business,Business,1337,0,0.0,5,2,3,5,5,4,5,4,4,5,4,5,4,4,Satisfied
60395,Male,13,Returning,Personal,Economy,1452,130,118.0,4,2,2,2,2,3,4,5,2,2,3,2,2,4,Neutral or Dissatisfied
95658,Male,59,Returning,Personal,Economy,845,15,9.0,4,2,5,2,3,4,1,5,1,1,5,2,1,5,Neutral or Dissatisfied
128499,Male,7,Returning,Personal,Economy,304,0,0.0,4,4,2,4,4,4,5,4,5,5,2,4,5,3,Neutral or Dissatisfied
76644,Female,67,Returning,Personal,Economy,481,0,0.0,3,2,3,4,4,1,4,2,4,4,1,1,1,1,Neutral or Dissatisfied
102602,Male,58,Returning,Personal,Economy Plus,397,6,4.0,4,1,5,1,1,4,1,4,1,1,5,1,1,4,Neutral or Dissatisfied
112471,Male,63,Returning,Business,Business,557,66,70.0,2,2,1,3,2,3,4,3,1,1,3,3,3,3,Neutral or Dissatisfied
64171,Male,70,Returning,Personal,Economy,989,0,0.0,5,2,5,2,3,4,4,5,4,4,4,2,4,4,Neutral or Dissatisfied
23901,Female,59,Returning,Business,Economy,589,27,11.0,2,2,3,3,2,4,4,3,3,1,4,3,4,4,Neutral or Dissatisfied
63647,Male,35,First-time,Business,Business,651,16,0.0,2,2,3,2,3,5,1,4,2,2,5,2,2,5,Neutral or Dissatisfied
35842,Female,31,Returning,Business,Business,937,0,0.0,2,2,4,5,2,1,5,2,5,5,5,2,5,3,Satisfied
57446,Male,38,Returning,Business,Business,334,25,45.0,3,3,4,5,3,4,4,4,4,2,4,3,4,4,Satisfied
107267,Male,41,Returning,Business,Business,307,0,0.0,2,2,5,5,2,5,4,5,4,3,5,2,5,5,Satisfied
48618,Female,34,First-time,Business,Economy Plus,833,0,0.0,1,1,2,1,5,3,3,4,5,5,2,1,5,3,Neutral or Dissatisfied
120586,Male,49,Returning,Business,Economy,980,76,96.0,2,2,2,3,2,4,4,4,4,4,3,3,4,3,Neutral or Dissatisfied
121075,Male,26,Returning,Business,Economy Plus,992,9,1.0,1,2,2,2,1,4,3,2,2,2,4,2,2,4,Neutral or Dissatisfied
94407,Female,60,Returning,Business,Business,496,12,2.0,4,4,3,5,4,5,5,5,3,2,5,4,5,5,Satisfied
2586,Male,33,Returning,Personal,Economy,227,0,0.0,5,1,4,1,2,1,2,1,2,2,3,1,2,1,Neutral or Dissatisfied
80094,Female,41,Returning,Business,Business,2722,10,0.0,1,1,3,4,1,5,4,5,3,2,5,1,5,5,Satisfied
61725,Male,51,Returning,Business,Economy,1104,14,0.0,2,1,1,4,2,4,4,1,4,4,3,4,4,5,Satisfied
14087,Female,34,Returning,Business,Economy,371,0,0.0,4,4,3,1,4,3,1,3,1,1,3,1,1,2,Neutral or Dissatisfied
78884,Female,38,Returning,Personal,Economy Plus,449,67,45.0,5,3,5,3,1,4,2,3,2,2,4,3,2,4,Neutral or Dissatisfied
41361,Male,30,Returning,Business,Business,2992,0,13.0,4,4,4,4,4,4,3,4,3,3,3,4,3,1,Satisfied
43669,Female,55,Returning,Business,Economy,700,0,3.0,4,4,3,3,4,1,4,1,3,4,1,1,1,1,Neutral or Dissatisfied
79657,Male,76,Returning,Business,Business,362,0,0.0,4,4,4,3,4,3,3,3,4,4,3,3,3,3,Neutral or Dissatisfied
33759,Female,38,Returning,Personal,Economy,266,85,105.0,0,0,4,0,3,5,5,2,5,5,4,2,5,4,Neutral or Dissatisfied
94063,Female,43,Returning,Business,Business,1937,0,0.0,5,5,3,3,5,4,3,4,3,3,4,4,4,4,Neutral or Dissatisfied
105083,Female,34,Returning,Business,Business,277,0,0.0,2,4,4,5,4,5,4,5,3,5,5,4,5,5,Satisfied
9250,Male,24,Returning,Personal,Economy,100,0,0.0,5,3,3,3,3,5,5,4,5,5,4,3,5,5,Neutral or Dissatisfied
23403,Male,27,Returning,Personal,Economy,300,10,13.0,2,1,1,1,4,2,5,1,5,5,3,1,5,3,Neutral or Dissatisfied
89084,Female,58,Returning,Business,Business,1919,43,19.0,2,2,3,4,2,4,4,5,3,2,4,2,4,4,Satisfied
41938,Female,41,Returning,Personal,Economy,129,0,2.0,4,3,2,3,3,2,2,5,2,2,4,3,2,4,Neutral or Dissatisfied
12316,Male,48,Returning,Business,Economy,201,47,42.0,3,3,1,1,3,3,1,4,1,1,4,1,1,3,Neutral or Dissatisfied
89921,Male,18,Returning,Business,Business,1487,0,27.0,2,2,1,4,2,2,4,3,4,4,3,4,4,4,Neutral or Dissatisfied
60205,Male,60,Returning,Business,Business,1506,7,0.0,5,5,5,5,5,5,5,5,5,5,5,5,5,5,Satisfied
17215,Male,10,Returning,Personal,Economy,1107,0,0.0,2,4,4,4,3,3,4,5,4,4,4,4,4,3,Neutral or Dissatisfied
25132,Female,44,Returning,Business,Economy,1249,0,0.0,1,1,1,5,1,5,1,5,2,5,5,5,5,5,Satisfied
63994,Male,12,Returning,Business,Economy,612,9,3.0,3,3,2,2,3,4,1,3,2,2,3,2,2,2,Neutral or Dissatisfied
74747,Female,43,Returning,Personal,Economy,1235,19,9.0,2,3,4,3,3,1,2,3,4,4,1,3,1,1,Neutral or Dissatisfied
11620,Male,29,Returning,Personal,Economy,772,0,0.0,3,2,3,2,3,4,2,1,2,2,3,2,2,3,Neutral or Dissatisfied
128749,Male,8,Returning,Personal,Economy,2402,18,0.0,4,1,3,1,2,5,1,4,1,1,5,1,1,3,Neutral or Dissatisfied
89948,Male,61,Returning,Personal,Economy,1306,88,115.0,5,3,4,3,3,5,2,2,2,2,5,4,2,3,Satisfied
87820,Male,47,Returning,Business,Business,214,0,0.0,2,4,1,3,2,1,3,2,2,5,1,2,1,2,Neutral or Dissatisfied
29322,Female,21,Returning,Personal,Economy,834,0,0.0,4,1,4,1,5,3,5,5,5,5,5,1,5,4,Neutral or Dissatisfied
128301,Female,31,Returning,Business,Business,370,16,9.0,2,2,5,5,2,4,5,2,5,5,5,2,5,5,Satisfied
121624,Male,69,Returning,Personal,Economy,912,0,0.0,5,1,5,1,2,2,2,1,2,2,4,1,2,3,Neutral or Dissatisfied
74228,Male,19,First-time,Business,Economy,1007,0,0.0,3,3,5,3,2,4,2,3,2,2,4,3,2,4,Neutral or Dissatisfied
91162,Male,38,Returning,Personal,Economy,581,0,0.0,5,1,3,1,1,3,4,5,4,4,4,1,4,5,Neutral or Dissatisfied
67198,Male,33,Returning,Personal,Economy,964,2,2.0,5,3,5,3,2,3,1,4,1,1,5,3,1,5,Neutral or Dissatisfied
82497,Female,47,Returning,Personal,Economy,488,0,0.0,0,4,3,4,3,5,4,4,4,5,5,4,5,5,Neutral or Dissatisfied
66113,Female,27,First-time,Business,Business,583,0,0.0,1,1,4,1,3,4,4,3,3,3,5,1,3,4,Neutral or Dissatisfied
45217,Male,55,Returning,Business,Economy,1013,19,0.0,5,5,5,4,5,3,4,5,4,4,1,4,4,1,Satisfied
113906,Male,17,Returning,Personal,Economy,2295,3,0.0,3,2,4,2,3,2,4,3,4,4,2,2,4,2,Neutral or Dissatisfied
102727,Female,24,Returning,Personal,Economy,365,0,0.0,5,3,3,3,4,4,5,5,5,5,5,3,5,5,Neutral or Dissatisfied
92063,Male,27,Returning,Business,Economy,1589,29,7.0,5,5,4,2,5,3,2,1,2,2,3,2,2,4,Neutral or Dissatisfied
84146,Male,39,Returning,Business,Business,3107,0,0.0,1,3,5,5,1,2,4,2,5,4,2,1,2,2,Satisfied
78728,Female,42,First-time,Business,Business,432,17,11.0,3,3,5,3,4,5,5,2,5,5,5,3,5,4,Neutral or Dissatisfied
92241,Male,50,First-time,Business,Business,1670,18,3.0,2,2,3,2,3,4,2,3,2,2,5,2,2,3,Neutral or Dissatisfied
55250,Male,57,Returning,Personal,Economy,1009,26,27.0,5,3,4,3,3,3,4,3,4,4,4,3,4,5,Neutral or Dissatisfied
33462,Male,51,Returning,Personal,Economy Plus,2556,3,22.0,4,2,5,5,2,2,5,3,5,2,5,2,5,5,Neutral or Dissatisfied
85895,Female,40,Returning,Business,Business,761,0,0.0,5,5,3,5,5,5,5,5,5,4,5,5,5,5,Satisfied
48630,Female,45,Returning,Business,Business,1939,0,0.0,4,0,4,5,3,4,5,2,4,5,4,0,4,2,Satisfied
80751,Male,21,Returning,Personal,Economy,393,0,0.0,4,2,5,2,1,4,5,5,5,5,4,2,5,4,Neutral or Dissatisfied
51303,Female,54,Returning,Business,Economy Plus,109,0,0.0,2,2,4,4,2,5,1,5,1,4,5,5,5,5,Satisfied
62820,Female,48,Returning,Personal,Economy,2504,0,0.0,4,2,5,1,3,5,2,2,4,3,5,2,5,5,Neutral or Dissatisfied
122436,Male,59,Returning,Personal,Economy,1916,0,0.0,4,2,5,2,1,4,2,3,2,2,4,2,2,3,Neutral or Dissatisfied
15261,Female,32,Returning,Business,Economy Plus,529,11,0.0,3,3,2,2,3,3,2,5,2,2,4,2,2,3,Neutral or Dissatisfied
55525,Female,57,Returning,Business,Business,3516,20,53.0,4,4,4,4,4,4,5,4,5,3,4,4,4,4,Satisfied
112626,Male,7,Returning,Personal,Economy,602,1,0.0,1,2,2,2,4,4,4,2,4,4,4,2,4,3,Neutral or Dissatisfied
58581,Female,32,First-time,Business,Business,403,16,12.0,4,4,4,4,2,3,2,4,2,2,5,4,2,4,Neutral or Dissatisfied
122696,Female,51,Returning,Personal,Economy,361,0,0.0,5,3,5,5,3,1,4,3,5,3,1,3,1,1,Neutral or Dissatisfied
1799,Male,59,Returning,Business,Business,2111,0,0.0,5,5,4,4,5,4,4,5,4,3,4,5,4,4,Satisfied
34409,Female,51,Returning,Personal,Economy,612,0,0.0,3,2,4,3,3,3,3,2,3,2,3,2,3,3,Neutral or Dissatisfied
95414,Female,40,Returning,Personal,Economy,239,12,12.0,1,3,1,3,2,1,4,4,4,4,3,3,4,3,Neutral or Dissatisfied
61633,Male,34,Returning,Business,Business,1346,4,0.0,4,4,4,5,4,5,5,4,5,3,5,4,5,5,Satisfied
55387,Female,40,Returning,Personal,Economy,678,32,27.0,4,3,3,3,2,4,1,5,1,1,4,3,1,5,Neutral or Dissatisfied
128269,Male,47,Returning,Business,Business,2242,17,17.0,0,0,2,3,4,3,3,0,4,3,3,1,3,5,Neutral or Dissatisfied
35424,Female,61,Returning,Personal,Economy,1041,0,0.0,4,0,5,4,3,4,4,0,3,4,4,0,4,4,Satisfied
81175,Male,39,Returning,Business,Business,3240,12,25.0,4,5,4,4,4,5,4,5,3,5,5,4,5,5,Satisfied
24753,Male,51,Returning,Business,Business,2148,6,28.0,5,5,1,5,5,2,2,2,2,3,2,5,2,2,Satisfied
117437,Female,44,First-time,Business,Business,1107,13,14.0,0,0,4,1,1,3,3,4,3,3,5,1,3,5,Neutral or Dissatisfied
105230,Female,66,Returning,Business,Business,377,65,57.0,4,4,2,2,4,3,3,3,3,5,3,3,3,3,Neutral or Dissatisfied
56105,Female,79,Returning,Business,Economy,902,0,5.0,4,4,5,5,4,4,5,1,5,5,5,5,4,5,Satisfied
120708,Female,39,Returning,Personal,Economy,280,0,0.0,4,2,4,2,1,4,5,4,3,3,5,2,3,4,Neutral or Dissatisfied
16146,Female,36,Returning,Business,Economy,277,178,174.0,4,4,5,5,4,4,5,2,5,5,3,5,5,2,Satisfied
37152,Male,46,First-time,Business,Business,1189,0,0.0,3,3,1,3,3,3,3,2,3,3,3,3,3,3,Neutral or Dissatisfied
21452,Female,32,First-time,Business,Economy,399,0,0.0,0,2,5,2,5,3,3,5,3,3,1,2,3,2,Neutral or Dissatisfied
54707,Female,57,Returning,Business,Business,2201,10,1.0,2,3,2,2,2,4,5,5,4,1,4,2,4,4,Satisfied
65324,Male,40,Returning,Business,Business,631,0,0.0,1,2,4,4,1,4,4,4,4,5,4,1,4,4,Satisfied
120388,Male,40,Returning,Business,Business,449,1,16.0,2,2,5,5,2,4,5,4,4,3,4,2,4,4,Satisfied
31666,Male,58,Returning,Business,Economy,846,0,1.0,1,1,3,1,1,1,1,2,1,1,3,1,1,4,Neutral or Dissatisfied
24688,Female,27,First-time,Business,Economy,761,0,5.0,2,2,5,2,3,4,5,2,3,3,3,2,3,3,Neutral or Dissatisfied
126431,Female,15,Returning,Business,Economy Plus,631,0,0.0,5,0,5,5,1,4,3,2,3,3,3,0,3,2,Satisfied
117192,Male,29,Returning,Personal,Economy,646,17,3.0,2,2,3,2,4,2,3,1,3,3,4,2,3,4,Neutral or Dissatisfied
127646,Male,19,Returning,Personal,Economy,1773,0,0.0,2,2,3,2,2,3,5,3,5,5,2,2,5,1,Neutral or Dissatisfied
112404,Female,41,Returning,Business,Business,2632,26,11.0,4,4,4,5,4,4,5,5,4,3,4,4,4,4,Satisfied
108249,Female,22,First-time,Business,Economy,895,47,52.0,1,1,5,1,2,5,4,4,4,4,4,1,4,5,Neutral or Dissatisfied
73762,Male,8,Returning,Personal,Economy,192,0,0.0,5,1,3,1,2,5,3,3,3,3,5,1,3,4,Neutral or Dissatisfied
104724,Female,32,Returning,Business,Business,2695,6,13.0,5,2,4,4,5,5,4,5,4,4,4,5,4,5,Satisfied
71385,Female,9,Returning,Personal,Economy,258,36,43.0,1,3,3,3,3,2,1,4,1,1,4,3,1,3,Neutral or Dissatisfied
79305,Male,41,First-time,Business,Economy,903,0,0.0,2,2,4,2,3,3,1,2,1,1,3,2,1,4,Neutral or Dissatisfied
109101,Male,43,Returning,Personal,Economy,994,52,40.0,5,1,4,1,4,5,4,5,5,5,4,1,5,5,Neutral or Dissatisfied
126804,Male,41,Returning,Business,Business,2077,0,0.0,3,3,5,4,3,5,4,4,3,3,5,3,5,5,Satisfied
16704,Male,51,Returning,Business,Business,284,65,70.0,0,0,5,3,2,5,1,5,5,1,5,0,5,5,Satisfied
17435,Female,46,Returning,Personal,Economy,376,0,0.0,3,3,2,3,2,2,3,3,4,4,2,3,2,2,Neutral or Dissatisfied
18085,Male,40,Returning,Personal,Economy,488,0,0.0,3,2,5,2,1,4,5,5,5,5,4,2,5,3,Neutral or Dissatisfied
52970,Female,16,Returning,Personal,Economy,2306,0,0.0,4,1,4,1,1,4,4,5,4,4,4,2,4,5,Neutral or Dissatisfied
127521,Male,17,First-time,Business,Business,1009,41,37.0,4,5,5,5,3,4,1,4,1,1,4,5,1,5,Satisfied
46457,Female,33,First-time,Business,Business,73,0,0.0,4,4,4,4,5,5,4,2,4,4,4,4,4,5,Neutral or Dissatisfied
33093,Female,21,Returning,Personal,Economy,216,0,0.0,0,0,4,0,2,5,2,5,2,2,5,2,2,4,Neutral or Dissatisfied
87991,Female,46,Returning,Business,Business,581,19,29.0,3,3,4,5,3,5,5,5,5,5,5,3,5,5,Satisfied
112540,Female,30,Returning,Business,Business,862,7,36.0,2,2,4,5,2,5,5,2,5,5,5,2,5,4,Satisfied
104852,Male,36,Returning,Business,Business,3196,32,20.0,5,5,5,5,5,4,5,4,3,5,4,5,4,4,Satisfied
55761,Male,41,Returning,Business,Business,224,0,0.0,0,0,4,5,3,2,4,2,3,2,2,0,2,2,Satisfied
102266,Male,56,Returning,Business,Business,1904,1,0.0,1,2,2,4,1,1,4,2,3,2,1,1,1,1,Neutral or Dissatisfied
95331,Male,29,Returning,Personal,Economy,239,0,0.0,5,1,5,1,3,4,4,5,4,4,4,1,4,4,Neutral or Dissatisfied
9446,Male,38,Returning,Business,Economy,288,7,0.0,2,2,1,2,2,2,2,1,2,2,4,2,2,4,Neutral or Dissatisfied
120796,Female,39,Returning,Business,Business,2890,0,0.0,4,4,3,4,4,4,5,4,3,4,4,4,4,4,Satisfied
113551,Male,43,Returning,Business,Economy,197,0,0.0,5,5,1,3,5,1,2,2,2,2,4,3,2,4,Neutral or Dissatisfied
101671,Male,45,Returning,Personal,Economy,2106,9,0.0,5,2,3,2,4,1,2,5,2,2,3,2,2,5,Neutral or Dissatisfied
12976,Female,20,Returning,Personal,Business,374,0,0.0,3,1,1,1,5,2,5,1,5,5,1,1,5,4,Neutral or Dissatisfied
42557,Male,9,Returning,Business,Economy,694,0,16.0,1,1,1,1,1,3,2,4,1,1,3,1,1,4,Neutral or Dissatisfied
97558,Male,60,Returning,Business,Business,2948,16,14.0,3,3,4,5,3,4,4,4,5,3,4,3,4,4,Satisfied
129086,Male,30,Returning,Business,Business,2342,0,0.0,1,1,4,2,1,1,2,2,2,2,3,2,2,4,Neutral or Dissatisfied
54969,Male,20,Returning,Business,Business,1608,0,0.0,4,4,3,4,4,4,4,4,4,4,5,4,4,5,Satisfied
71867,Female,62,Returning,Personal,Economy,1726,153,,2,5,4,2,3,3,4,3,4,5,1,5,1,3,Satisfied
126518,Female,49,Returning,Business,Economy Plus,313,0,0.0,5,5,4,4,5,2,4,2,4,5,2,2,2,2,Neutral or Dissatisfied
79056,Female,57,First-time,Business,Economy,226,0,0.0,3,1,1,1,3,1,1,1,1,1,3,1,1,3,Neutral or Dissatisfied
50768,Female,14,Returning,Personal,Economy,77,0,0.0,4,0,4,0,4,5,5,3,5,5,5,3,5,4,Neutral or Dissatisfied
58502,Male,59,Returning,Business,Business,719,0,0.0,4,4,3,5,4,5,4,5,3,5,5,4,5,5,Satisfied
21095,Male,72,Returning,Business,Business,2723,0,0.0,5,5,2,3,5,4,3,4,2,3,4,4,4,4,Neutral or Dissatisfied
58465,Male,67,Returning,Personal,Economy Plus,733,2,0.0,4,4,2,4,3,1,1,3,1,1,3,4,1,3,Neutral or Dissatisfied
123597,Female,17,Returning,Personal,Economy,1773,0,34.0,3,1,1,1,4,1,5,5,5,5,4,1,5,4,Neutral or Dissatisfied
18093,Male,22,Returning,Business,Economy Plus,605,35,25.0,4,0,2,0,3,5,3,3,2,2,4,0,2,3,Satisfied
112742,Female,22,First-time,Business,Economy,697,38,20.0,3,3,1,3,3,1,1,5,1,1,4,3,1,3,Neutral or Dissatisfied
88989,Female,34,First-time,Personal,Economy,1184,0,0.0,5,1,4,1,3,4,4,5,4,4,4,1,4,3,Neutral or Dissatisfied
63231,Male,40,Returning,Business,Business,337,0,0.0,3,3,4,5,3,4,4,4,5,2,4,3,4,4,Satisfied
114507,Male,37,Returning,Business,Business,3869,0,0.0,0,0,5,5,3,2,5,5,3,3,2,0,2,5,Satisfied
119168,Male,46,Returning,Business,Business,2306,0,0.0,0,0,4,5,3,2,4,2,4,3,2,0,2,2,Satisfied
51471,Female,43,First-time,Business,Economy Plus,89,0,0.0,3,3,5,3,2,3,5,2,4,4,5,3,4,5,Neutral or Dissatisfied
11406,Female,26,Returning,Business,Business,2562,16,34.0,5,0,3,3,5,3,3,2,3,3,5,0,3,4,Satisfied
16130,Female,41,Returning,Personal,Economy,725,21,16.0,4,2,4,2,4,3,5,5,5,5,4,2,5,4,Neutral or Dissatisfied
102824,Female,26,First-time,Business,Business,342,0,0.0,5,2,4,2,2,5,5,4,5,5,4,3,5,4,Neutral or Dissatisfied
68239,Male,39,Returning,Business,Economy,432,0,2.0,4,4,2,2,4,2,3,1,3,3,3,3,3,2,Neutral or Dissatisfied
20389,Male,33,First-time,Business,Economy,588,36,28.0,0,2,1,2,3,4,2,3,4,4,2,2,4,5,Neutral or Dissatisfied
65381,Male,33,Returning,Personal,Economy,631,3,3.0,1,2,2,2,4,3,1,1,1,1,4,2,1,3,Neutral or Dissatisfied
77757,Female,45,Returning,Business,Economy,731,4,0.0,2,2,4,1,2,4,1,5,5,2,4,5,4,4,Satisfied
108213,Male,40,First-time,Business,Economy,777,14,13.0,2,2,1,2,4,3,4,1,4,4,3,1,4,3,Neutral or Dissatisfied
75759,Male,20,Returning,Personal,Economy,868,0,0.0,5,1,1,1,5,1,2,1,2,2,5,1,2,4,Neutral or Dissatisfied
84506,Male,49,Returning,Business,Business,2556,0,0.0,3,1,5,4,3,4,4,4,5,3,4,3,4,4,Satisfied
50482,Male,36,Returning,Business,Economy,262,0,0.0,3,3,4,4,3,3,3,2,3,3,2,3,3,2,Satisfied
46482,Female,12,Returning,Personal,Business,141,0,0.0,4,1,1,1,4,3,3,5,4,4,3,1,4,4,Neutral or Dissatisfied
81339,Female,47,Returning,Business,Economy,1299,0,0.0,5,5,3,3,5,3,4,3,4,1,3,3,3,3,Neutral or Dissatisfied
63845,Male,32,Returning,Business,Business,1212,0,2.0,4,4,1,4,4,2,3,3,3,3,4,3,3,3,Neutral or Dissatisfied
81483,Female,27,First-time,Business,Economy,528,0,0.0,0,4,4,4,4,5,1,5,1,1,4,4,1,1,Satisfied
13881,Male,60,Returning,Business,Economy,667,0,1.0,2,2,2,1,2,4,1,1,1,1,1,1,1,1,Neutral or Dissatisfied
66184,Female,40,Returning,Business,Business,2917,24,26.0,5,5,3,5,5,5,5,5,4,5,5,5,5,5,Satisfied
73544,Male,47,Returning,Personal,Economy,594,0,0.0,1,2,4,2,3,3,5,5,5,5,2,2,5,3,Neutral or Dissatisfied
90490,Male,48,Returning,Business,Business,3895,30,27.0,2,2,3,4,2,5,4,5,4,3,5,2,5,5,Satisfied
16882,Female,48,Returning,Business,Business,2392,0,0.0,3,2,3,3,3,2,4,2,2,1,2,2,2,2,Neutral or Dissatisfied
65467,Female,42,Returning,Business,Business,3764,0,0.0,1,1,4,4,1,3,4,3,3,5,3,1,3,3,Satisfied
57499,Male,28,First-time,Business,Business,1075,0,4.0,2,2,4,2,3,4,2,5,1,1,4,2,1,3,Neutral or Dissatisfied
67809,Female,45,Returning,Business,Economy,913,0,0.0,3,3,1,3,3,1,4,1,2,3,1,1,1,1,Neutral or Dissatisfied
104739,Male,58,Returning,Business,Business,1342,9,1.0,3,4,3,5,3,5,5,5,4,3,5,3,5,5,Satisfied
125532,Female,43,Returning,Business,Business,1557,0,0.0,3,3,4,4,3,4,4,4,3,2,4,3,4,4,Satisfied
115157,Female,53,Returning,Business,Business,2871,5,22.0,1,4,4,4,1,2,3,2,3,3,2,2,2,2,Neutral or Dissatisfied
29459,Male,19,Returning,Personal,Economy,421,0,3.0,4,4,3,4,1,5,1,3,3,3,3,4,3,5,Neutral or Dissatisfied
36220,Male,37,Returning,Business,Business,2599,0,0.0,1,1,3,3,1,5,5,4,5,5,5,1,5,5,Satisfied
98364,Female,55,First-time,Business,Economy,837,8,3.0,4,4,4,4,1,1,5,4,5,5,3,4,5,2,Neutral or Dissatisfied
110857,Female,46,Returning,Business,Business,2149,82,57.0,5,5,4,4,5,4,5,4,4,3,4,5,4,4,Satisfied
99176,Male,59,Returning,Business,Business,351,0,0.0,2,2,4,5,2,5,5,5,3,2,5,2,5,5,Satisfied
21372,Male,36,Returning,Business,Business,528,46,40.0,5,5,2,1,5,4,4,4,5,3,4,5,4,4,Satisfied
100492,Female,24,First-time,Business,Economy,580,5,3.0,1,2,4,2,3,1,4,5,4,4,3,3,4,2,Neutral or Dissatisfied
57500,Female,29,First-time,Business,Business,1075,0,0.0,0,0,3,0,3,5,3,5,3,3,4,0,3,4,Satisfied
71309,Male,45,Returning,Business,Business,1514,0,0.0,3,2,4,4,3,4,5,4,3,3,4,3,4,4,Satisfied
61647,Female,58,Returning,Business,Business,3391,1,0.0,1,1,5,4,1,4,4,4,4,4,4,1,4,4,Satisfied
81769,Female,33,Returning,Business,Business,1487,16,1.0,5,1,5,5,1,4,5,4,3,4,4,1,4,4,Satisfied
12525,Male,28,First-time,Business,Economy,828,4,0.0,2,2,2,2,4,3,3,4,3,3,3,2,3,4,Neutral or Dissatisfied
110519,Female,49,Returning,Business,Business,3490,11,3.0,3,3,3,4,3,2,4,2,5,4,2,3,2,2,Satisfied
76135,Male,43,Returning,Business,Business,689,13,5.0,2,2,3,5,2,5,5,5,3,4,5,2,5,5,Satisfied
56752,Male,59,Returning,Business,Business,997,0,0.0,4,4,4,4,4,4,5,5,4,4,4,4,4,4,Satisfied
6913,Male,27,Returning,Personal,Economy,265,0,0.0,4,1,3,1,3,1,5,5,5,5,1,1,5,4,Neutral or Dissatisfied
78350,Female,32,Returning,Personal,Economy,1547,0,0.0,5,1,3,1,3,5,3,4,3,3,5,1,3,5,Neutral or Dissatisfied
116082,Male,55,Returning,Personal,Economy,371,27,22.0,0,2,1,2,4,4,1,3,1,1,1,2,1,1,Neutral or Dissatisfied
37029,Male,34,Returning,Personal,Business,994,0,0.0,5,0,3,5,3,5,5,0,4,5,5,1,5,5,Neutral or Dissatisfied
75386,Female,55,Returning,Business,Business,2585,19,0.0,4,4,5,5,4,3,4,4,4,5,3,4,3,3,Satisfied
19292,Male,36,First-time,Business,Economy,196,0,0.0,0,1,3,1,3,5,5,4,5,5,3,1,5,1,Neutral or Dissatisfied
20059,Female,55,Returning,Personal,Economy,473,0,0.0,3,2,4,1,3,2,1,2,4,1,2,2,2,2,Neutral or Dissatisfied
28000,Male,26,Returning,Personal,Business,763,0,0.0,5,1,3,1,3,5,5,2,5,5,4,1,5,5,Neutral or Dissatisfied
89033,Male,30,Returning,Business,Business,1947,0,0.0,4,4,5,4,4,5,4,4,4,4,5,4,4,4,Satisfied
43190,Male,24,Returning,Business,Business,3073,0,0.0,1,1,3,5,1,3,5,2,5,5,3,1,5,4,Satisfied
15248,Male,7,Returning,Personal,Economy,445,8,20.0,2,2,3,2,3,2,3,4,3,3,3,2,3,3,Neutral or Dissatisfied
6348,Male,44,Returning,Business,Business,315,69,72.0,5,3,5,4,5,4,4,4,4,5,4,5,4,4,Satisfied
761,Male,48,Returning,Business,Business,3447,0,18.0,0,0,4,4,3,5,5,5,3,2,5,0,5,2,Satisfied
65772,Male,22,First-time,Business,Business,1389,3,2.0,0,5,3,5,3,3,3,4,3,3,4,5,3,4,Satisfied
32815,Female,49,Returning,Business,Economy,101,13,29.0,3,3,3,4,3,3,4,3,1,3,3,3,3,3,Neutral or Dissatisfied
73946,Male,32,Returning,Business,Business,2585,64,58.0,4,4,5,5,4,1,5,3,5,4,3,4,2,1,Satisfied
50195,Female,37,Returning,Business,Economy,266,0,0.0,2,2,2,4,2,2,4,4,4,4,1,4,4,2,Satisfied
95323,Male,69,Returning,Personal,Economy,239,5,0.0,3,4,1,4,2,1,2,5,2,2,3,4,2,3,Satisfied
38379,Female,11,Returning,Personal,Economy,1050,3,0.0,5,2,4,2,3,4,4,4,5,5,5,2,5,4,Neutral or Dissatisfied
7896,Female,22,First-time,Business,Economy,1020,0,0.0,3,3,5,3,4,4,3,5,4,4,4,3,4,4,Neutral or Dissatisfied
118500,Male,57,Returning,Business,Business,3852,89,75.0,3,3,4,4,3,4,5,4,3,5,4,3,4,4,Satisfied
110811,Female,56,Returning,Personal,Economy,990,65,68.0,5,4,5,4,1,3,5,4,3,4,3,4,3,3,Neutral or Dissatisfied
60294,Female,21,Returning,Personal,Economy,783,0,14.0,4,2,5,2,4,3,5,3,5,5,4,1,5,4,Neutral or Dissatisfied
111554,Female,49,Returning,Business,Business,2989,1,0.0,3,3,5,5,3,5,5,5,5,2,5,3,5,5,Satisfied
45398,Female,22,First-time,Business,Economy,458,18,6.0,0,3,5,3,3,5,4,4,4,4,5,2,4,4,Neutral or Dissatisfied
104803,Male,20,Returning,Personal,Economy,787,4,19.0,5,3,5,3,2,2,5,4,5,5,2,3,5,3,Neutral or Dissatisfied
20035,Female,37,Returning,Business,Business,2203,0,0.0,2,5,1,4,2,4,4,4,4,2,4,4,4,4,Neutral or Dissatisfied
4932,Female,51,Returning,Business,Business,334,23,25.0,5,5,3,5,5,4,5,5,5,5,4,5,4,4,Satisfied
123650,Male,51,Returning,Business,Business,3985,14,2.0,4,0,4,5,3,5,4,5,3,4,5,0,5,5,Satisfied
61119,Male,60,Returning,Business,Business,3967,2,9.0,5,5,5,5,5,4,5,5,4,2,4,5,4,4,Satisfied
30662,Male,45,Returning,Personal,Economy,770,12,20.0,4,2,5,2,3,3,1,2,1,1,4,2,1,4,Neutral or Dissatisfied
12412,Male,69,Returning,Business,Economy,305,0,0.0,1,1,3,4,1,5,4,2,4,4,3,4,4,2,Satisfied
59300,Female,58,Returning,Business,Business,2556,38,0.0,2,4,4,3,2,5,4,5,3,4,5,2,5,5,Satisfied
103406,Male,33,Returning,Business,Economy,237,0,0.0,5,5,1,2,5,2,2,1,2,2,4,2,2,4,Neutral or Dissatisfied
525,Female,30,Returning,Business,Business,134,61,58.0,2,2,5,4,2,5,5,4,4,4,4,2,4,5,Satisfied
7660,Male,57,Returning,Business,Business,767,0,3.0,5,5,4,5,5,4,5,4,3,5,4,5,4,4,Satisfied
72364,Female,57,Returning,Business,Business,2066,82,88.0,5,5,3,4,5,2,4,2,5,5,2,5,2,2,Satisfied
27660,Male,27,First-time,Business,Economy,1216,0,0.0,2,2,1,2,1,3,5,2,5,5,4,2,5,4,Neutral or Dissatisfied
101401,Male,16,Returning,Personal,Economy,486,30,17.0,2,4,1,4,4,4,2,2,2,2,3,4,2,3,Satisfied
115071,Female,51,Returning,Business,Business,2067,0,0.0,5,3,4,4,3,4,5,4,5,5,4,3,4,4,Satisfied
40662,Male,35,Returning,Business,Business,590,0,0.0,3,3,2,3,3,3,3,3,4,1,3,3,3,3,Neutral or Dissatisfied
2429,Male,41,Returning,Personal,Economy,604,12,12.0,4,3,4,3,4,3,1,2,1,1,4,3,1,5,Neutral or Dissatisfied
51548,Male,42,Returning,Business,Economy,493,75,68.0,3,3,3,2,3,3,2,2,2,2,4,2,2,5,Satisfied
73314,Male,27,First-time,Business,Business,1120,0,0.0,3,3,4,3,3,4,4,2,4,4,5,4,4,4,Neutral or Dissatisfied
51230,Female,56,Returning,Business,Economy Plus,109,31,28.0,1,3,4,3,1,5,1,5,2,2,5,5,5,5,Satisfied
95508,Female,43,Returning,Business,Economy Plus,189,13,11.0,2,2,4,3,2,1,3,1,2,4,1,1,1,1,Neutral or Dissatisfied
57995,Female,48,Returning,Business,Business,1943,0,0.0,1,1,4,5,1,5,5,5,5,3,5,1,5,5,Satisfied
112964,Female,28,Returning,Personal,Economy,1476,0,0.0,5,4,4,4,1,4,5,3,5,5,3,4,5,2,Neutral or Dissatisfied
64954,Female,64,Returning,Business,Business,224,0,0.0,5,5,3,4,5,4,4,4,4,3,4,5,4,4,Satisfied
74090,Female,41,Returning,Business,Business,3046,0,0.0,5,5,4,5,5,4,5,4,5,3,4,5,4,4,Satisfied
48925,Male,36,Returning,Business,Business,2053,34,35.0,5,5,2,4,5,4,4,4,3,5,4,5,4,4,Satisfied
16446,Female,15,First-time,Business,Economy,529,0,0.0,2,1,3,1,4,3,2,4,2,2,4,1,2,4,Neutral or Dissatisfied
33377,Male,55,Returning,Personal,Economy,2409,24,3.0,1,2,4,2,3,3,5,4,5,5,2,2,5,2,Neutral or Dissatisfied
47289,Female,26,Returning,Business,Business,3374,0,6.0,3,3,1,5,3,3,5,4,5,5,3,3,5,3,Satisfied
98118,Female,44,Returning,Business,Business,2041,14,2.0,5,4,4,2,5,4,3,4,4,1,4,4,4,4,Neutral or Dissatisfied
82689,Female,38,First-time,Business,Economy,632,5,16.0,3,2,4,2,2,2,1,2,1,1,2,1,1,3,Neutral or Dissatisfied
35346,Female,30,Returning,Business,Business,2654,12,11.0,1,1,3,2,1,4,2,3,2,2,3,2,2,4,Neutral or Dissatisfied
6436,Female,60,Returning,Personal,Economy,296,0,0.0,4,1,5,5,5,1,4,1,3,4,1,1,1,1,Neutral or Dissatisfied
113244,Female,46,Returning,Personal,Business,226,0,0.0,5,5,4,4,1,2,4,5,4,2,2,5,2,2,Satisfied
97742,Male,27,First-time,Business,Economy,587,36,26.0,2,2,4,2,4,3,2,4,2,2,3,3,2,3,Neutral or Dissatisfied
107506,Male,53,Returning,Personal,Economy,711,0,0.0,4,2,1,2,1,5,1,4,3,3,4,2,3,4,Neutral or Dissatisfied
114820,Female,56,Returning,Business,Business,447,4,0.0,5,5,4,4,5,4,5,4,3,2,4,5,4,4,Satisfied
14331,Male,50,Returning,Personal,Economy,429,0,0.0,0,3,5,3,5,5,3,5,3,3,5,3,3,5,Neutral or Dissatisfied
104201,Female,60,Returning,Personal,Economy,1310,58,44.0,5,3,5,4,3,4,5,3,3,3,4,3,4,4,Neutral or Dissatisfied
13409,Female,26,Returning,Business,Economy,409,12,39.0,2,2,3,4,2,1,4,4,4,4,2,4,4,2,Satisfied
12852,Female,33,Returning,Personal,Economy,641,0,0.0,4,4,4,4,4,3,4,3,4,4,4,4,4,4,Neutral or Dissatisfied
57331,Female,26,First-time,Business,Economy,414,43,57.0,4,3,4,3,3,2,1,1,1,1,4,3,1,3,Neutral or Dissatisfied
74251,Female,67,Returning,Business,Business,1709,0,0.0,4,4,1,2,4,2,4,2,3,1,2,2,2,2,Neutral or Dissatisfied
119976,Male,60,Returning,Personal,Economy,1009,0,0.0,5,1,1,1,5,1,2,4,2,2,1,1,2,2,Neutral or Dissatisfied
98396,Female,49,Returning,Business,Business,3374,1,0.0,2,2,3,4,2,3,5,2,5,2,3,2,3,3,Satisfied
70168,Female,50,Returning,Business,Business,460,0,0.0,5,5,5,5,5,4,5,4,5,2,4,5,4,4,Satisfied
76420,Male,50,Returning,Business,Economy,405,45,38.0,4,4,3,1,4,3,1,5,1,1,3,1,1,4,Neutral or Dissatisfied
65773,Male,58,Returning,Business,Business,1389,13,10.0,4,4,4,4,4,4,5,4,3,2,4,4,4,4,Satisfied
4989,Male,25,First-time,Business,Business,502,0,0.0,0,3,5,3,5,3,2,3,2,2,5,3,2,4,Neutral or Dissatisfied
36522,Male,44,Returning,Business,Business,3023,11,15.0,5,5,4,5,5,5,2,4,3,2,5,5,5,5,Satisfied
76019,Female,50,Returning,Business,Economy,237,0,5.0,5,5,4,3,5,2,4,2,4,5,2,2,2,2,Neutral or Dissatisfied
31563,Female,25,Returning,Business,Economy Plus,862,0,0.0,2,3,1,5,2,5,5,4,5,5,3,5,5,2,Satisfied
85830,Male,67,Returning,Personal,Economy,666,14,13.0,3,3,5,3,2,2,4,5,5,5,1,4,5,4,Neutral or Dissatisfied
23446,Male,45,Returning,Business,Economy,576,0,0.0,1,1,1,4,1,5,4,3,4,4,4,4,4,4,Satisfied
67508,Male,15,Returning,Business,Business,1235,0,16.0,5,1,4,4,5,5,4,3,4,4,5,5,4,4,Satisfied
83672,Female,34,First-time,Business,Economy,577,0,0.0,2,2,2,2,4,1,5,4,5,5,4,2,5,3,Neutral or Dissatisfied
76447,Male,34,Returning,Business,Business,481,2,14.0,2,2,3,5,2,5,5,5,3,5,5,2,5,5,Satisfied
4727,Female,47,Returning,Business,Business,2586,0,0.0,3,3,3,4,3,5,4,5,4,5,5,3,5,5,Satisfied
1624,Female,57,Returning,Business,Business,3765,0,0.0,2,2,3,5,2,5,4,5,3,4,5,2,5,5,Satisfied
106877,Male,11,First-time,Business,Economy,704,23,12.0,3,3,2,3,3,2,3,3,3,3,3,3,3,4,Neutral or Dissatisfied
10429,Female,48,Returning,Business,Business,312,0,2.0,5,5,3,5,5,5,4,5,4,3,5,5,5,5,Satisfied
97824,Female,36,First-time,Business,Business,395,0,0.0,2,2,4,2,1,5,1,4,1,1,5,2,1,4,Neutral or Dissatisfied
98397,Female,56,Returning,Business,Economy,462,0,0.0,3,3,3,4,3,1,4,1,3,4,1,1,1,1,Neutral or Dissatisfied
56786,Male,48,Returning,Personal,Economy Plus,937,0,0.0,2,0,3,0,4,3,1,1,1,1,4,0,1,3,Satisfied
77695,Male,16,First-time,Business,Economy,689,0,0.0,4,4,5,4,5,3,1,2,1,1,5,4,1,5,Neutral or Dissatisfied
71224,Male,24,Returning,Business,Business,2941,0,0.0,2,2,3,3,2,4,3,2,3,3,5,2,3,5,Satisfied
33884,Female,58,Returning,Personal,Economy,1105,3,3.0,5,3,5,5,4,3,1,3,5,5,3,2,3,3,Neutral or Dissatisfied
60385,Female,52,Returning,Business,Business,1452,1,0.0,5,5,5,5,5,5,5,4,4,3,5,5,5,5,Satisfied
34071,Female,37,Returning,Personal,Economy,1674,0,0.0,4,1,1,1,3,2,1,5,4,4,4,1,4,3,Neutral or Dissatisfied
80590,Male,62,Returning,Personal,Economy,1747,0,0.0,0,2,4,2,5,4,4,4,4,4,4,2,4,4,Neutral or Dissatisfied
127075,Male,18,Returning,Business,Business,1809,0,0.0,4,4,5,4,4,4,4,4,4,4,4,4,4,5,Satisfied
2977,Female,16,Returning,Business,Business,3063,0,0.0,5,5,1,4,5,1,4,2,4,4,3,4,4,3,Neutral or Dissatisfied
100056,Male,64,Returning,Personal,Economy,289,0,1.0,5,1,3,1,3,3,5,4,5,5,4,1,5,5,Neutral or Dissatisfied
122026,Female,42,Returning,Business,Business,3162,0,0.0,5,5,2,4,5,1,4,1,4,5,1,4,1,4,Neutral or Dissatisfied
43527,Female,21,First-time,Business,Economy,807,0,0.0,2,2,1,2,2,1,2,1,2,2,2,2,2,3,Neutral or Dissatisfied
94306,Female,54,Returning,Business,Business,496,0,5.0,2,2,4,5,2,4,5,4,3,2,4,2,4,4,Satisfied
77063,Female,43,Returning,Business,Business,2156,0,0.0,2,2,2,4,2,3,3,3,1,5,3,3,3,3,Neutral or Dissatisfied
79739,Female,48,First-time,Business,Business,749,6,0.0,4,4,4,4,4,3,2,5,5,5,5,4,5,5,Satisfied
12943,Female,10,Returning,Personal,Economy,794,0,0.0,1,3,1,3,3,3,2,2,2,2,2,3,2,2,Neutral or Dissatisfied
121676,Female,44,Returning,Personal,Economy,328,3,0.0,0,2,4,4,3,2,5,2,4,2,2,2,2,2,Neutral or Dissatisfied
99651,Male,45,Returning,Business,Business,2766,30,26.0,2,2,4,4,2,2,4,2,5,4,2,2,2,2,Satisfied
28865,Female,38,Returning,Business,Business,3776,0,0.0,4,4,2,5,4,2,3,2,4,3,2,4,2,2,Satisfied
111074,Female,18,Returning,Personal,Economy,197,15,34.0,5,1,2,1,5,5,1,2,1,1,2,1,1,5,Neutral or Dissatisfied
88128,Female,35,Returning,Business,Business,3490,0,0.0,1,1,4,4,1,5,4,5,4,3,5,1,5,5,Satisfied
97546,Female,30,Returning,Personal,Economy,462,0,0.0,4,3,5,3,2,3,2,2,2,2,4,3,2,5,Neutral or Dissatisfied
67939,Female,22,Returning,Personal,Economy,1235,14,0.0,0,3,3,3,1,4,4,5,3,3,4,3,3,4,Neutral or Dissatisfied
91553,Male,15,Returning,Personal,Economy,680,0,18.0,1,1,1,1,3,3,2,3,2,2,3,1,2,3,Neutral or Dissatisfied
41258,Male,56,Returning,Personal,Economy,1034,0,0.0,5,5,4,5,1,4,2,4,2,2,5,5,2,4,Satisfied
58839,Female,70,Returning,Personal,Economy Plus,1012,35,37.0,5,1,2,5,2,5,3,1,3,1,5,1,5,2,Neutral or Dissatisfied
85353,Male,69,Returning,Business,Economy Plus,696,0,0.0,2,2,4,2,2,1,2,5,2,2,4,2,2,3,Neutral or Dissatisfied
32345,Female,39,Returning,Business,Economy,201,0,0.0,5,5,4,4,5,4,4,5,4,4,5,4,4,1,Satisfied
99386,Male,42,Returning,Business,Business,337,0,0.0,2,2,5,4,2,4,5,4,4,3,4,2,4,4,Satisfied
122507,Female,41,Returning,Business,Business,3870,0,0.0,3,2,3,5,2,5,4,5,4,4,5,2,5,5,Satisfied
64172,Female,29,Returning,Personal,Economy,989,25,5.0,5,4,5,4,1,5,4,3,4,4,4,4,4,4,Satisfied
18741,Female,44,First-time,Business,Economy,1167,0,0.0,1,1,2,1,2,4,1,3,1,1,4,1,1,5,Neutral or Dissatisfied
65975,Female,21,First-time,Business,Economy,1372,10,0.0,3,3,1,3,3,3,5,1,5,5,4,3,5,3,Neutral or Dissatisfied
40580,Male,43,First-time,Business,Economy,391,0,0.0,2,3,4,3,3,4,3,3,3,3,4,3,3,3,Neutral or Dissatisfied
78019,Male,60,Returning,Business,Business,3441,0,0.0,1,1,1,1,3,2,3,4,3,3,2,0,2,4,Satisfied
73764,Male,68,Returning,Personal,Economy,192,0,1.0,1,4,4,4,4,3,4,4,4,4,4,4,4,4,Neutral or Dissatisfied
29818,Female,37,Returning,Business,Economy,123,7,8.0,4,5,3,4,4,4,4,4,4,4,2,4,4,4,Satisfied
13111,Female,51,Returning,Business,Economy,595,9,5.0,3,4,5,5,3,3,2,3,3,4,3,3,3,3,Satisfied
41015,Male,36,Returning,Personal,Business,1195,0,0.0,5,3,3,3,5,3,4,3,5,4,3,3,3,2,Neutral or Dissatisfied
78579,Male,23,Returning,Personal,Economy,630,0,0.0,4,3,4,3,1,4,1,3,1,1,4,3,1,5,Neutral or Dissatisfied
112219,Female,35,Returning,Business,Business,2125,63,55.0,1,1,1,3,1,3,4,3,4,1,3,3,3,3,Neutral or Dissatisfied
13779,Male,9,First-time,Business,Economy,837,12,18.0,4,4,3,4,4,2,5,4,2,2,3,3,2,3,Neutral or Dissatisfied
48577,Female,31,Returning,Personal,Economy,964,0,0.0,1,0,2,0,4,1,3,1,3,3,3,1,3,3,Neutral or Dissatisfied
66981,Male,39,Returning,Business,Business,1713,7,0.0,2,2,4,4,2,4,5,4,5,5,4,2,4,4,Satisfied
3857,Female,11,Returning,Personal,Economy Plus,650,0,0.0,1,2,4,2,2,4,3,1,3,3,1,2,3,2,Neutral or Dissatisfied
24130,Male,16,Returning,Personal,Economy,584,4,0.0,5,1,4,1,3,4,1,3,1,1,4,1,1,5,Neutral or Dissatisfied
103886,Female,29,Returning,Personal,Economy,869,11,7.0,1,3,2,3,3,4,2,1,4,4,3,3,4,3,Neutral or Dissatisfied
67365,Female,26,Returning,Business,Business,1516,0,0.0,3,3,3,5,3,4,5,4,5,5,4,3,5,5,Satisfied
101463,Female,64,Returning,Business,Business,1709,16,2.0,0,0,5,4,2,3,5,5,4,3,3,0,3,5,Satisfied
6529,Female,64,Returning,Personal,Economy,599,28,77.0,4,2,3,5,1,2,3,2,3,1,2,2,2,2,Neutral or Dissatisfied
75008,Female,34,First-time,Business,Business,236,0,0.0,1,1,5,1,2,4,2,5,2,2,4,1,2,4,Neutral or Dissatisfied
104700,Female,39,Returning,Business,Business,3933,0,0.0,2,2,4,4,2,5,5,5,5,2,5,2,5,4,Satisfied
69156,Male,54,Returning,Business,Business,187,0,0.0,5,5,5,5,5,5,5,5,4,2,5,5,5,5,Satisfied
58099,Female,58,Returning,Personal,Economy,589,1,0.0,4,3,4,4,2,3,4,3,4,3,3,3,3,1,Neutral or Dissatisfied
92439,Female,52,Returning,Business,Business,1919,0,1.0,4,4,4,5,4,5,4,5,3,2,5,4,5,5,Satisfied
22051,Male,35,Returning,Business,Economy,304,0,0.0,2,4,3,5,2,2,5,2,5,5,5,5,5,2,Satisfied
18586,Male,40,Returning,Business,Economy,190,0,0.0,4,4,1,1,4,4,1,3,1,1,3,1,1,3,Neutral or Dissatisfied
17515,Male,20,Returning,Personal,Economy,241,0,0.0,5,1,1,1,2,5,1,3,2,2,1,1,2,4,Neutral or Dissatisfied
73388,Female,21,Returning,Business,Economy,1197,107,141.0,2,2,5,2,2,3,5,2,5,4,3,5,2,3,Neutral or Dissatisfied
115223,Female,60,Returning,Business,Business,1532,35,28.0,3,3,3,4,3,5,4,5,5,2,5,3,5,5,Satisfied
118377,Female,23,Returning,Business,Business,621,0,3.0,3,3,4,5,3,5,5,3,5,5,5,3,5,4,Satisfied
116521,Female,13,Returning,Personal,Economy,308,0,3.0,4,2,4,2,3,3,2,4,2,2,5,2,2,4,Neutral or Dissatisfied
91874,Female,46,First-time,Business,Business,1185,7,0.0,5,5,4,4,4,5,5,2,5,5,4,4,5,4,Satisfied
114385,Male,48,Returning,Business,Business,853,16,12.0,1,3,4,4,3,4,4,4,3,2,4,3,4,4,Satisfied
990,Male,40,Returning,Business,Economy,396,7,30.0,4,4,1,4,4,1,4,1,4,4,2,4,4,3,Satisfied
108715,Female,27,First-time,Business,Economy,321,11,8.0,3,4,4,4,3,3,1,2,5,5,4,4,5,4,Neutral or Dissatisfied
15687,Female,61,Returning,Business,Economy,335,20,0.0,2,2,3,2,2,4,2,4,4,5,4,4,4,4,Satisfied
81469,Female,61,Returning,Business,Economy,528,0,0.0,3,3,4,2,3,3,2,3,2,5,3,3,3,3,Neutral or Dissatisfied
117786,Male,58,Returning,Business,Business,328,0,0.0,2,2,4,5,2,4,5,4,3,4,4,2,4,4,Satisfied
96693,Female,34,First-time,Business,Business,696,3,1.0,2,2,3,2,1,3,1,2,1,1,4,2,1,4,Neutral or Dissatisfied
110538,Male,13,Returning,Business,Business,3350,13,0.0,3,3,3,5,3,3,5,5,5,5,4,3,5,4,Satisfied
8624,Female,39,First-time,Business,Business,280,0,0.0,3,3,4,3,4,4,3,2,3,3,5,3,3,5,Neutral or Dissatisfied
41156,Female,68,Returning,Personal,Economy,140,5,0.0,4,0,2,3,3,1,4,0,3,5,1,2,1,1,Neutral or Dissatisfied
39260,Female,56,Returning,Business,Business,2881,0,18.0,1,1,1,3,1,3,3,3,3,5,3,1,3,1,Neutral or Dissatisfied
81386,Male,54,Returning,Business,Business,2238,8,0.0,2,2,5,4,2,4,4,4,5,5,4,2,4,4,Satisfied
43240,Female,35,Returning,Business,Business,1909,0,0.0,4,4,4,4,4,3,4,3,4,4,3,4,3,3,Satisfied
111347,Female,53,Returning,Business,Business,777,1,0.0,2,4,4,5,4,5,4,5,4,4,5,4,5,5,Satisfied
127233,Male,64,Returning,Personal,Economy,1460,0,22.0,4,2,5,2,4,4,3,3,3,3,5,2,3,5,Neutral or Dissatisfied
121245,Male,32,Returning,Business,Business,2075,0,0.0,3,3,1,3,3,4,3,3,3,3,4,3,3,4,Neutral or Dissatisfied
109773,Female,59,Returning,Business,Business,971,91,87.0,4,4,4,4,4,4,5,4,4,3,4,4,4,4,Satisfied
113161,Female,49,Returning,Business,Business,628,7,2.0,1,3,3,4,1,5,5,5,5,3,5,1,5,5,Satisfied
50979,Male,64,Returning,Personal,Economy,266,0,0.0,0,2,5,2,5,4,4,2,4,4,4,2,4,5,Neutral or Dissatisfied
63813,Male,41,Returning,Business,Business,3063,3,14.0,1,4,5,5,4,3,5,4,5,4,3,4,3,3,Satisfied
32875,Male,58,Returning,Personal,Economy,163,2,7.0,4,0,2,0,4,3,2,3,2,2,4,1,2,4,Neutral or Dissatisfied
3539,Male,13,Returning,Personal,Economy Plus,557,0,0.0,5,1,1,1,5,1,1,1,4,4,5,1,4,2,Neutral or Dissatisfied
27410,Male,54,Returning,Business,Business,954,0,0.0,4,4,1,4,4,3,4,3,3,3,3,3,3,3,Neutral or Dissatisfied
93555,Male,30,Returning,Business,Business,3090,0,0.0,5,5,3,4,5,3,4,3,4,4,5,5,4,4,Satisfied
34262,Male,47,Returning,Business,Economy,496,0,0.0,4,4,5,4,4,2,4,3,4,4,2,4,4,4,Satisfied
83965,Male,55,Returning,Business,Business,2145,1,15.0,1,3,3,5,1,1,5,2,3,2,1,1,1,1,Satisfied
76901,Male,31,Returning,Business,Business,630,0,0.0,1,1,1,4,1,5,4,1,4,4,2,1,4,1,Satisfied
86210,Male,51,Returning,Business,Business,2042,8,0.0,2,2,4,5,2,4,4,4,4,4,4,2,4,4,Satisfied
106918,Male,45,Returning,Business,Business,3950,25,0.0,4,4,4,3,4,1,4,1,2,3,1,1,1,1,Neutral or Dissatisfied
61434,Female,34,First-time,Business,Business,2288,84,64.0,1,1,4,1,1,4,4,5,4,4,5,1,4,3,Neutral or Dissatisfied
52142,Male,46,Returning,Business,Business,2805,96,111.0,1,1,4,4,1,2,4,2,3,5,2,2,2,2,Neutral or Dissatisfied
112827,Male,34,Returning,Business,Business,2369,0,0.0,1,1,3,5,1,4,5,4,3,5,4,1,4,4,Satisfied
53302,Male,40,Returning,Business,Economy,811,2,0.0,1,4,5,4,1,4,4,5,4,4,2,4,4,4,Satisfied
95041,Male,17,Returning,Personal,Economy,239,0,0.0,4,3,5,3,3,3,1,3,4,4,4,3,4,5,Neutral or Dissatisfied
105301,Male,41,First-time,Business,Economy,567,26,35.0,0,4,5,4,3,4,2,4,2,2,4,4,2,4,Neutral or Dissatisfied
39305,Male,42,Returning,Personal,Economy,67,0,0.0,5,1,4,1,4,3,1,5,2,2,5,1,2,4,Neutral or Dissatisfied
57960,Female,48,Returning,Business,Business,1911,30,2.0,3,5,4,4,3,5,5,4,4,5,5,3,5,5,Satisfied
114399,Female,45,Returning,Business,Business,1994,7,0.0,2,1,5,4,2,4,5,4,5,2,4,2,4,4,Satisfied
27194,Male,55,Returning,Personal,Economy Plus,2677,0,12.0,4,3,3,3,3,3,3,3,3,3,2,3,1,1,Neutral or Dissatisfied
129093,Female,30,Returning,Business,Economy,2446,0,3.0,1,1,4,4,1,2,4,4,4,4,4,4,2,4,Neutral or Dissatisfied
5141,Female,21,Returning,Business,Business,2739,4,12.0,4,5,4,4,5,5,4,2,4,4,4,5,4,4,Satisfied
100467,Female,35,Returning,Business,Business,580,0,6.0,2,2,3,5,2,4,4,4,4,2,4,2,4,4,Satisfied
117091,Male,41,Returning,Business,Business,3477,0,0.0,4,4,5,4,4,4,5,4,3,5,4,4,4,4,Satisfied
54944,Male,58,Returning,Business,Business,1608,0,0.0,1,1,5,4,1,5,4,5,4,5,5,1,5,5,Satisfied
71213,Male,57,Returning,Business,Business,3449,0,0.0,2,3,3,5,2,4,4,4,5,5,4,2,4,4,Satisfied
19849,Male,30,First-time,Business,Economy,693,0,0.0,3,3,3,3,4,2,5,5,4,4,2,3,4,4,Neutral or Dissatisfied
22019,Female,26,Returning,Business,Economy Plus,503,0,0.0,2,2,3,5,2,5,4,3,5,5,2,5,5,3,Satisfied
22761,Female,41,Returning,Business,Business,3901,0,0.0,4,4,4,2,4,5,5,5,5,2,5,4,5,5,Satisfied
29432,Male,43,Returning,Business,Business,2149,0,0.0,4,4,3,4,4,4,3,4,2,1,4,4,4,4,Satisfied
30557,Male,52,Returning,Business,Business,2014,56,55.0,1,1,1,4,1,3,3,3,3,5,3,3,3,3,Neutral or Dissatisfied
99700,Female,49,Returning,Personal,Economy,442,0,0.0,5,5,4,4,1,4,4,5,4,2,4,5,4,4,Satisfied
118065,Male,45,Returning,Personal,Economy,1044,32,18.0,5,2,2,2,4,3,2,4,2,2,1,3,2,4,Neutral or Dissatisfied
18829,Female,52,Returning,Business,Business,3442,0,0.0,2,2,2,3,2,3,4,3,2,4,3,3,3,3,Neutral or Dissatisfied
53217,Male,33,First-time,Business,Economy,589,0,0.0,1,3,3,3,3,3,4,5,4,4,3,2,4,4,Neutral or Dissatisfied
96450,Female,43,Returning,Business,Business,2825,16,10.0,1,1,5,4,1,5,5,5,3,3,5,1,5,5,Satisfied
47804,Female,33,Returning,Business,Business,412,0,0.0,2,2,2,5,2,5,5,5,2,4,5,2,5,5,Satisfied
46084,Female,29,First-time,Business,Economy,541,31,28.0,3,2,2,2,3,4,5,3,5,5,3,2,5,3,Neutral or Dissatisfied
63082,Female,23,Returning,Personal,Economy,862,7,0.0,2,3,3,3,3,2,2,3,2,2,3,3,2,3,Neutral or Dissatisfied
127017,Female,42,Returning,Business,Economy,304,0,6.0,5,5,4,4,5,2,3,2,1,5,2,2,2,2,Neutral or Dissatisfied
110950,Female,22,First-time,Business,Economy,404,11,10.0,2,2,1,2,4,2,5,5,5,5,4,2,5,3,Neutral or Dissatisfied
117320,Female,53,Returning,Personal,Economy Plus,370,12,10.0,2,2,3,3,3,1,4,2,2,5,1,2,1,1,Neutral or Dissatisfied
90716,Female,42,Returning,Business,Business,404,0,0.0,4,4,3,5,4,4,5,4,4,2,4,4,4,4,Satisfied
59231,Male,45,First-time,Business,Economy,649,6,0.0,1,2,1,2,2,3,5,5,5,5,1,2,5,1,Neutral or Dissatisfied
21790,Female,41,Returning,Business,Economy,241,0,3.0,4,5,2,2,4,4,3,5,3,3,1,2,3,1,Neutral or Dissatisfied
74002,Female,21,Returning,Personal,Economy,1972,0,0.0,2,1,3,1,3,3,1,3,1,1,3,1,1,4,Neutral or Dissatisfied
57663,Female,45,Returning,Personal,Economy,200,590,608.0,4,3,4,2,3,1,4,2,4,3,3,3,3,1,Neutral or Dissatisfied
100239,Male,49,Returning,Personal,Business,1011,9,4.0,1,2,1,3,4,4,4,2,1,4,4,2,4,2,Neutral or Dissatisfied
109001,Female,48,First-time,Business,Business,1041,42,39.0,3,3,5,3,4,3,3,3,3,3,4,3,3,5,Neutral or Dissatisfied
79674,Male,70,Returning,Personal,Economy,760,0,0.0,2,3,4,3,2,3,5,5,2,2,2,3,2,2,Neutral or Dissatisfied
25808,Male,28,Returning,Business,Economy Plus,762,0,0.0,4,4,1,5,4,1,5,3,5,5,2,5,5,3,Satisfied
47337,Male,36,Returning,Business,Business,1714,0,0.0,2,2,4,4,2,5,5,5,1,3,5,2,5,5,Satisfied
106115,Female,60,Returning,Business,Business,3336,0,3.0,4,4,5,5,4,2,4,2,3,4,2,4,2,2,Satisfied
124803,Female,37,Returning,Business,Business,3738,0,0.0,4,4,1,3,4,2,4,2,3,4,2,2,2,2,Neutral or Dissatisfied
55478,Female,35,Returning,Business,Economy Plus,1825,0,0.0,5,5,4,1,5,1,1,5,1,1,3,1,1,3,Neutral or Dissatisfied
79525,Female,39,Returning,Business,Business,762,37,36.0,5,5,5,5,5,5,5,5,5,5,5,5,5,5,Satisfied
125221,Female,57,Returning,Personal,Economy,651,7,0.0,4,4,5,3,1,3,3,4,1,2,3,4,3,3,Satisfied
43177,Male,63,Returning,Business,Economy,282,0,13.0,4,4,3,5,4,5,5,2,5,5,2,5,5,5,Satisfied
100745,Male,17,Returning,Personal,Economy,328,137,130.0,2,2,4,4,2,3,4,2,4,2,4,2,2,2,Neutral or Dissatisfied
741,Male,39,First-time,Business,Business,158,0,0.0,1,1,3,1,4,4,4,2,4,4,4,1,4,4,Neutral or Dissatisfied
23106,Female,35,Returning,Business,Business,3418,0,0.0,2,2,4,3,2,5,5,5,2,2,5,2,5,5,Satisfied
77231,Male,26,First-time,Business,Economy,1590,0,0.0,1,1,3,1,4,4,5,4,5,5,3,1,5,4,Neutral or Dissatisfied
108591,Female,26,Returning,Business,Business,696,9,0.0,4,4,4,5,4,3,5,3,5,5,5,4,5,5,Satisfied
105226,Male,41,First-time,Business,Business,377,17,10.0,1,1,5,1,3,5,1,5,1,1,5,1,1,5,Neutral or Dissatisfied
34357,Female,47,Returning,Business,Economy,541,7,0.0,1,1,4,3,1,5,4,5,2,3,5,5,5,5,Satisfied
36997,Female,11,Returning,Personal,Economy,899,24,27.0,4,5,4,5,4,5,3,2,3,3,5,5,3,4,Satisfied
126049,Male,41,Returning,Business,Business,3079,3,0.0,4,4,4,5,4,5,4,5,5,3,5,4,5,5,Satisfied
105085,Female,43,Returning,Business,Business,220,10,0.0,1,1,5,4,1,5,4,5,5,2,5,1,5,4,Satisfied
97910,Female,32,First-time,Business,Business,483,7,0.0,1,1,5,1,1,3,1,3,1,1,5,1,1,5,Neutral or Dissatisfied
107805,Female,20,First-time,Business,Economy,349,9,0.0,1,0,4,0,3,5,4,5,1,1,4,0,1,4,Satisfied
28852,Female,41,Returning,Business,Business,3636,0,0.0,1,1,5,5,1,4,4,4,2,3,4,1,4,4,Satisfied
14124,Female,41,Returning,Business,Economy,528,75,73.0,3,4,4,5,3,3,5,5,5,5,2,5,5,5,Satisfied
67978,Female,39,Returning,Business,Business,3235,11,0.0,2,2,5,5,2,5,4,4,5,2,5,2,5,5,Satisfied
12137,Male,43,Returning,Business,Business,986,0,0.0,4,2,4,4,4,5,4,5,3,2,5,4,5,5,Satisfied
9322,Male,28,Returning,Business,Business,3776,85,104.0,3,3,3,3,3,2,3,3,3,3,4,3,3,4,Neutral or Dissatisfied
125445,Female,59,Returning,Business,Business,2845,15,7.0,4,4,4,3,4,4,4,4,4,4,4,4,4,4,Satisfied
94082,Female,46,Returning,Business,Business,1979,0,0.0,5,0,5,5,4,1,4,1,4,3,1,0,1,1,Satisfied
8219,Female,20,Returning,Personal,Economy,402,0,0.0,5,3,3,3,1,4,4,5,4,4,4,3,4,5,Neutral or Dissatisfied
9966,Female,17,First-time,Business,Economy,534,183,196.0,2,4,4,4,3,3,4,4,4,4,1,4,1,4,Neutral or Dissatisfied
95656,Male,44,Returning,Business,Business,1514,24,6.0,4,4,3,3,4,3,4,3,4,3,3,3,3,3,Neutral or Dissatisfied
87854,Male,60,First-time,Personal,Economy,214,0,0.0,4,0,4,0,4,3,1,5,1,1,3,2,1,3,Neutral or Dissatisfied
100243,Female,52,Returning,Business,Business,3213,0,0.0,3,3,3,5,3,5,4,5,5,4,5,3,5,5,Satisfied
54570,Female,33,Returning,Business,Economy Plus,925,0,0.0,5,5,5,4,5,5,4,5,4,4,4,4,4,3,Satisfied
102309,Female,48,Returning,Business,Business,3461,9,19.0,0,0,5,5,1,4,5,4,3,5,4,0,4,4,Satisfied
58532,Female,48,First-time,Business,Business,719,19,18.0,3,3,3,3,4,5,1,4,1,1,4,3,1,5,Neutral or Dissatisfied
89162,Male,66,Returning,Personal,Economy,2139,0,1.0,5,2,5,2,4,3,5,2,5,5,5,2,5,4,Neutral or Dissatisfied
82646,Female,23,First-time,Business,Business,120,0,0.0,3,2,4,2,3,3,2,1,2,2,3,2,2,3,Neutral or Dissatisfied
29218,Male,30,First-time,Business,Business,859,0,4.0,4,4,3,4,2,4,3,5,3,3,4,4,3,5,Neutral or Dissatisfied
61035,Male,52,Returning,Personal,Business,1506,0,5.0,5,4,3,5,3,3,5,4,3,4,3,4,3,4,Satisfied
8811,Male,37,First-time,Business,Economy,122,0,0.0,0,4,1,4,1,5,1,4,1,1,3,4,1,4,Neutral or Dissatisfied
38661,Female,54,Returning,Business,Business,1204,0,0.0,1,1,2,1,1,5,5,5,3,2,5,1,5,5,Satisfied
98120,Female,40,Returning,Personal,Economy,472,0,0.0,3,1,1,1,4,3,2,4,2,2,3,2,2,2,Neutral or Dissatisfied
78896,Male,54,First-time,Business,Economy,1337,2,0.0,3,3,4,4,4,3,2,3,2,2,4,4,2,2,Neutral or Dissatisfied
5397,Male,37,Returning,Personal,Economy,812,27,38.0,1,3,1,3,4,2,2,1,5,5,3,3,5,3,Neutral or Dissatisfied
81788,Female,23,Returning,Business,Economy,1416,14,4.0,2,2,2,2,2,3,1,2,2,2,4,2,2,4,Neutral or Dissatisfied
27831,Female,66,Returning,Personal,Economy,1533,5,0.0,4,3,4,4,3,1,4,3,5,4,1,3,1,1,Neutral or Dissatisfied
87260,Female,25,First-time,Business,Business,577,11,7.0,5,3,4,3,4,4,2,5,2,2,4,3,2,4,Neutral or Dissatisfied
81900,Female,55,Returning,Business,Economy,680,0,0.0,3,3,3,3,3,1,3,1,4,1,1,1,1,1,Neutral or Dissatisfied
111677,Female,42,Returning,Personal,Economy,991,27,39.0,5,3,3,4,3,3,5,3,3,3,3,3,3,3,Neutral or Dissatisfied
10174,Male,42,Returning,Business,Business,3074,0,0.0,2,2,2,3,2,2,3,2,1,1,2,2,2,2,Neutral or Dissatisfied
116902,Female,39,Returning,Business,Business,2684,73,65.0,5,2,4,4,5,4,5,4,4,4,4,5,4,4,Satisfied
125859,Male,38,First-time,Business,Economy,992,14,4.0,4,4,1,4,2,4,4,2,4,4,2,4,4,2,Neutral or Dissatisfied
116945,Female,36,Returning,Business,Business,3179,11,7.0,2,2,3,5,2,4,5,4,5,3,4,2,4,4,Satisfied
83856,Female,24,Returning,Personal,Economy,425,7,8.0,2,4,2,4,4,2,4,2,4,4,3,4,4,3,Neutral or Dissatisfied
18039,Female,27,First-time,Business,Economy,488,12,4.0,3,4,4,4,2,4,5,2,5,5,3,4,5,4,Satisfied
46028,Female,42,Returning,Business,Business,991,43,81.0,5,5,5,4,5,4,2,4,2,2,4,5,4,4,Satisfied
15904,Female,59,Returning,Personal,Economy,660,4,0.0,2,4,3,4,3,2,3,4,2,4,2,4,2,2,Neutral or Dissatisfied
16705,Male,31,Returning,Business,Business,2609,18,12.0,5,3,2,5,3,3,5,4,5,5,2,3,5,3,Satisfied
56918,Female,29,Returning,Business,Business,2425,25,25.0,2,2,2,2,2,4,2,4,2,2,5,2,3,5,Satisfied
60503,Male,45,Returning,Personal,Economy,862,8,12.0,4,5,4,5,4,3,3,4,3,3,5,4,3,5,Satisfied
63646,Male,37,Returning,Business,Business,1972,0,0.0,1,1,4,5,1,5,5,5,5,5,5,1,5,5,Satisfied
126886,Female,58,Returning,Personal,Economy,2296,0,11.0,5,3,3,4,3,2,5,3,3,5,2,3,2,2,Neutral or Dissatisfied
40055,Female,32,Returning,Business,Economy Plus,866,2,0.0,0,0,1,0,1,3,3,5,5,5,3,0,5,2,Satisfied
3405,Male,30,First-time,Business,Business,213,0,0.0,2,2,3,2,4,2,1,5,1,1,3,2,1,3,Neutral or Dissatisfied
46304,Female,10,Returning,Personal,Economy,680,0,0.0,5,3,5,3,5,3,4,5,4,4,4,4,4,5,Satisfied
101676,Male,22,First-time,Business,Economy,1135,0,0.0,2,2,3,2,1,5,2,5,4,4,4,2,4,4,Neutral or Dissatisfied
44543,Female,25,Returning,Personal,Economy,157,1,0.0,1,5,3,5,3,2,3,5,3,3,3,5,3,3,Satisfied
21263,Male,37,First-time,Business,Economy Plus,503,24,27.0,1,1,1,1,2,4,5,5,5,5,5,1,5,2,Neutral or Dissatisfied
66608,Female,46,Returning,Personal,Economy,761,5,0.0,4,3,1,1,3,1,5,3,2,1,1,3,1,1,Neutral or Dissatisfied
127353,Female,29,Returning,Personal,Economy,507,0,0.0,3,5,4,5,3,1,1,3,5,5,3,5,5,4,Satisfied
93984,Female,35,Returning,Personal,Economy,1315,0,19.0,5,0,5,0,1,5,4,4,4,4,4,0,4,4,Satisfied
124059,Male,46,Returning,Business,Business,2153,0,0.0,4,4,5,3,4,4,4,4,4,5,4,4,4,4,Satisfied
96486,Male,59,Returning,Business,Business,302,15,8.0,4,4,3,5,4,4,4,5,4,5,4,4,4,4,Satisfied
2876,Male,12,Returning,Personal,Economy,409,35,43.0,5,2,5,2,4,4,2,2,2,2,4,2,2,5,Neutral or Dissatisfied
32752,Female,38,First-time,Business,Economy,101,0,0.0,1,3,1,3,3,2,1,1,4,4,4,3,4,4,Neutral or Dissatisfied
86947,Female,35,Returning,Business,Business,907,0,0.0,4,3,5,4,3,5,4,5,5,2,5,3,5,5,Satisfied
82240,Female,68,Returning,Personal,Economy,405,0,0.0,3,2,5,2,4,2,1,2,4,5,2,2,2,2,Neutral or Dissatisfied
129863,Male,51,Returning,Business,Business,308,0,0.0,4,4,4,5,4,5,5,5,4,3,5,4,5,5,Satisfied
15587,Male,64,First-time,Business,Business,229,0,0.0,3,3,1,3,4,2,1,1,1,1,4,3,1,4,Neutral or Dissatisfied
39730,Female,36,First-time,Business,Economy,298,0,0.0,2,4,1,4,4,4,3,3,3,3,3,4,3,3,Neutral or Dissatisfied
48888,Male,34,Returning,Business,Business,109,0,0.0,4,4,1,3,4,4,4,4,2,3,4,4,4,5,Satisfied
60550,Male,41,Returning,Business,Business,862,21,16.0,2,2,5,5,2,5,5,5,4,5,5,2,5,5,Satisfied
102543,Male,20,Returning,Personal,Economy,407,9,0.0,2,4,3,4,4,4,1,1,1,1,3,4,1,4,Satisfied
85657,Male,23,First-time,Business,Business,903,47,47.0,0,5,4,5,4,3,1,2,2,2,4,5,2,4,Satisfied
56430,Female,36,Returning,Business,Business,3783,0,0.0,5,5,3,4,5,3,3,3,3,2,3,3,3,3,Neutral or Dissatisfied
35265,Female,21,First-time,Business,Economy,1144,0,0.0,5,5,4,5,4,1,2,1,2,2,3,5,2,1,Satisfied
122283,Male,34,Returning,Personal,Economy,546,0,5.0,2,1,4,1,4,2,2,3,2,2,4,1,2,4,Neutral or Dissatisfied
41748,Female,24,First-time,Business,Economy,695,0,0.0,1,1,1,1,2,4,3,4,3,3,3,1,3,2,Neutral or Dissatisfied
42278,Male,45,Returning,Business,Business,1883,86,63.0,3,3,4,4,3,2,4,2,2,5,2,2,2,2,Neutral or Dissatisfied
54539,Male,59,Returning,Personal,Economy,925,12,6.0,4,1,3,1,5,3,2,2,2,2,4,1,2,5,Neutral or Dissatisfied
110877,Female,54,Returning,Business,Business,3430,13,2.0,5,5,5,5,5,5,5,5,5,3,5,5,5,5,Satisfied
94537,Male,27,First-time,Business,Business,189,0,0.0,0,0,4,0,5,5,4,4,4,4,5,0,4,4,Satisfied
63933,Female,32,Returning,Personal,Economy,1158,0,15.0,3,3,4,3,3,1,4,5,4,4,4,3,4,2,Neutral or Dissatisfied
4382,Male,17,Returning,Personal,Economy,607,0,0.0,4,4,3,4,5,3,2,5,2,2,4,5,2,4,Satisfied
128914,Female,51,Returning,Personal,Economy,2248,0,0.0,5,1,5,4,3,1,5,1,4,2,1,2,1,1,Neutral or Dissatisfied
98074,Female,29,Returning,Business,Business,1449,0,22.0,4,4,2,4,4,3,4,3,4,4,4,4,4,1,Satisfied
56611,Male,25,Returning,Business,Business,2803,10,14.0,3,3,2,1,3,4,1,5,1,1,4,1,1,3,Neutral or Dissatisfied
61906,Male,58,Returning,Business,Economy,550,0,0.0,5,2,2,3,5,3,3,2,3,3,4,3,3,3,Neutral or Dissatisfied
7352,Male,47,First-time,Business,Business,864,0,0.0,4,4,5,4,2,3,3,2,3,3,4,4,3,4,Satisfied
127449,Female,31,Returning,Business,Business,2075,32,18.0,2,2,4,4,2,4,4,4,4,4,5,2,4,5,Satisfied
52740,Male,29,First-time,Business,Economy,1310,0,0.0,1,1,1,1,3,4,4,5,4,4,3,1,4,3,Neutral or Dissatisfied
123955,Male,37,Returning,Personal,Economy Plus,541,0,0.0,5,2,3,2,2,3,3,5,3,3,5,2,3,5,Neutral or Dissatisfied
10637,Male,41,Returning,Business,Business,2798,0,0.0,3,3,3,4,3,4,5,4,3,5,4,3,4,4,Satisfied
109065,Female,38,Returning,Business,Business,3741,30,9.0,2,2,1,1,2,1,2,1,2,3,1,1,1,1,Neutral or Dissatisfied
77465,Female,36,First-time,Business,Economy,507,0,0.0,2,2,2,2,3,3,5,1,5,5,4,2,5,3,Neutral or Dissatisfied
125970,Male,29,First-time,Business,Business,631,37,20.0,3,3,5,3,3,4,3,4,3,3,5,3,3,4,Neutral or Dissatisfied
86088,Male,40,First-time,Business,Business,306,0,0.0,4,4,4,4,2,3,2,3,2,2,5,4,2,4,Satisfied
32562,Male,26,First-time,Business,Economy,102,0,0.0,3,2,1,2,3,4,5,1,5,5,2,2,5,1,Neutral or Dissatisfied
16633,Male,25,Returning,Business,Economy,488,19,8.0,3,3,4,5,3,2,4,3,5,5,5,5,5,1,Satisfied
69542,Female,46,Returning,Business,Business,2475,0,0.0,1,1,4,4,1,5,4,5,4,4,4,1,4,5,Satisfied
79065,Female,20,First-time,Business,Economy,356,0,0.0,0,2,3,2,3,1,1,2,1,1,4,3,1,4,Neutral or Dissatisfied
98904,Female,34,Returning,Business,Business,543,6,6.0,5,4,3,5,5,4,4,4,5,2,4,5,4,4,Satisfied
56934,Female,15,First-time,Business,Economy,998,51,31.0,3,3,5,5,2,2,5,2,5,3,3,3,2,3,Neutral or Dissatisfied
13194,Female,63,Returning,Business,Business,3075,2,0.0,4,2,4,2,2,3,3,3,2,4,3,2,3,3,Satisfied
110606,Male,24,First-time,Business,Economy Plus,488,3,0.0,2,0,4,0,3,2,2,5,3,3,3,1,3,3,Neutral or Dissatisfied
28529,Male,32,Returning,Business,Economy,2677,0,0.0,1,1,1,2,1,3,2,3,2,2,3,2,2,2,Neutral or Dissatisfied
80140,Male,41,Returning,Business,Business,2586,0,0.0,1,1,5,5,1,3,5,3,5,5,4,1,3,4,Satisfied
74239,Female,14,Returning,Personal,Economy Plus,888,0,7.0,4,3,2,3,4,2,1,1,2,2,4,3,2,4,Neutral or Dissatisfied
117637,Female,62,Returning,Personal,Economy,347,17,12.0,5,2,4,5,1,4,4,2,5,2,4,2,4,4,Neutral or Dissatisfied
31149,Female,47,Returning,Business,Business,1782,124,112.0,1,5,1,1,5,4,4,4,4,3,4,5,4,4,Satisfied
127982,Male,60,Returning,Business,Business,2329,0,17.0,5,5,1,5,5,5,2,5,4,5,5,5,5,5,Satisfied
47670,Female,27,First-time,Business,Economy,1211,0,0.0,2,2,1,2,3,3,2,3,2,2,4,2,2,3,Neutral or Dissatisfied
74574,Male,12,Returning,Business,Business,1464,0,0.0,4,4,2,3,4,3,3,4,3,3,3,3,3,4,Neutral or Dissatisfied
47981,Female,34,Returning,Personal,Economy,784,0,0.0,5,2,3,2,5,5,5,2,5,5,4,2,5,4,Neutral or Dissatisfied
2080,Male,18,First-time,Business,Economy,785,3,0.0,0,0,2,0,4,3,2,5,2,2,4,0,2,4,Satisfied
69570,Female,44,Returning,Business,Economy,2475,0,14.0,5,5,2,2,5,5,2,2,2,2,2,2,1,4,Neutral or Dissatisfied
46265,Male,28,Returning,Personal,Economy,594,36,52.0,4,1,1,1,4,3,3,1,4,4,4,1,4,2,Neutral or Dissatisfied
128946,Female,38,First-time,Business,Business,414,0,4.0,2,2,4,2,4,5,1,3,1,1,5,2,1,5,Neutral or Dissatisfied
58642,Male,77,Returning,Business,Economy,867,0,0.0,3,3,1,3,3,1,3,1,3,3,3,3,3,4,Neutral or Dissatisfied
13679,Male,24,First-time,Business,Economy,954,0,2.0,2,2,1,2,5,3,5,3,5,5,1,3,5,3,Neutral or Dissatisfied
42973,Male,56,Returning,Business,Economy,259,73,61.0,5,5,1,4,5,2,3,3,3,3,1,4,3,2,Satisfied
107073,Female,70,Returning,Personal,Economy,395,0,0.0,5,3,3,5,1,2,4,3,4,3,2,3,2,2,Neutral or Dissatisfied
126879,Female,17,Returning,Personal,Economy,2296,0,0.0,5,3,5,3,3,1,3,2,3,3,5,3,3,4,Neutral or Dissatisfied
122582,Female,54,Returning,Business,Business,2031,33,20.0,5,2,5,4,5,5,5,5,4,4,5,5,5,5,Satisfied
91404,Male,29,Returning,Personal,Economy,2218,8,6.0,2,2,1,2,4,4,2,5,2,2,4,2,2,4,Neutral or Dissatisfied
40038,Male,29,Returning,Business,Economy Plus,618,0,5.0,2,2,2,4,2,4,4,5,4,4,4,4,4,3,Neutral or Dissatisfied
56113,Female,27,Returning,Business,Business,1400,0,5.0,4,4,5,5,4,5,5,5,5,5,5,4,5,5,Satisfied
32834,Female,40,Returning,Personal,Economy,101,0,0.0,4,2,3,2,5,4,5,3,5,5,5,2,5,4,Neutral or Dissatisfied
19396,Female,21,First-time,Business,Economy,261,135,136.0,4,1,3,3,3,2,3,3,3,1,4,1,2,1,Neutral or Dissatisfied
63622,Female,39,First-time,Business,Business,1440,0,0.0,5,5,4,5,2,5,3,2,1,1,5,5,1,4,Satisfied
12048,Male,28,First-time,Business,Business,351,0,0.0,2,2,1,2,3,1,1,4,3,3,3,2,3,2,Neutral or Dissatisfied
41587,Female,21,Returning,Personal,Economy,1428,0,17.0,4,3,3,3,5,4,5,3,5,5,4,3,5,4,Neutral or Dissatisfied
88557,Female,30,Returning,Personal,Economy,406,0,1.0,1,2,4,2,4,3,1,3,1,1,3,2,1,4,Neutral or Dissatisfied
91246,Female,46,Returning,Personal,Economy,581,2,1.0,5,2,3,5,2,2,4,2,5,5,2,2,2,2,Neutral or Dissatisfied
27329,Female,53,Returning,Business,Business,697,5,24.0,3,3,2,3,3,4,4,4,4,2,4,3,4,4,Satisfied
129021,Female,54,Returning,Personal,Economy,2611,1,16.0,1,2,4,4,3,3,4,2,4,2,2,2,3,4,Neutral or Dissatisfied
116734,Female,18,Returning,Personal,Economy Plus,308,12,9.0,5,4,5,4,2,5,5,3,5,5,5,3,5,5,Neutral or Dissatisfied
27099,Male,51,Returning,Business,Economy,1721,0,0.0,3,3,3,2,3,4,2,1,2,2,3,2,2,2,Neutral or Dissatisfied
51928,Male,51,Returning,Business,Business,936,12,2.0,5,5,1,3,5,4,3,4,1,5,4,4,4,4,Neutral or Dissatisfied
106872,Female,49,Returning,Business,Business,704,16,0.0,1,1,4,5,1,5,5,5,3,2,5,1,5,5,Satisfied
58393,Male,24,First-time,Business,Economy,733,0,0.0,3,3,5,3,3,5,2,4,4,4,5,3,4,5,Neutral or Dissatisfied
20896,Male,51,Returning,Personal,Economy,961,0,0.0,5,1,5,1,5,3,3,3,5,5,4,1,5,4,Neutral or Dissatisfied
61750,Male,24,Returning,Personal,Economy,1635,41,70.0,4,3,4,3,5,5,2,3,2,2,5,3,2,5,Neutral or Dissatisfied
78244,Female,42,Returning,Business,Economy Plus,259,0,4.0,2,2,1,3,2,4,4,4,1,3,4,4,4,4,Neutral or Dissatisfied
90412,Female,42,Returning,Business,Business,3923,1,0.0,2,2,5,5,2,4,5,4,4,3,4,2,4,4,Satisfied
26647,Female,41,Returning,Business,Economy,270,0,0.0,5,5,2,4,5,1,4,5,4,4,4,4,4,2,Satisfied
100414,Male,57,Returning,Personal,Economy Plus,1052,0,0.0,5,2,5,2,3,3,2,5,2,2,4,2,2,5,Neutral or Dissatisfied
93864,Male,58,Returning,Business,Business,3084,16,12.0,1,1,4,4,1,3,5,4,5,3,3,1,3,3,Satisfied
76076,Female,49,Returning,Business,Business,2809,0,0.0,2,2,1,4,2,4,4,3,1,2,4,4,4,4,Neutral or Dissatisfied
102799,Female,24,First-time,Business,Economy,342,0,0.0,5,2,4,2,3,3,4,2,4,4,5,2,4,5,Neutral or Dissatisfied
106545,Male,27,Returning,Business,Business,3318,0,0.0,1,5,3,3,1,4,2,2,2,2,3,2,2,3,Neutral or Dissatisfied
83209,Female,21,Returning,Personal,Economy,1123,0,41.0,4,3,3,3,3,4,5,2,3,3,4,3,3,4,Neutral or Dissatisfied
41810,Male,34,Returning,Business,Economy,489,0,0.0,2,2,1,2,2,1,2,1,2,2,4,2,2,3,Neutral or Dissatisfied
70419,Male,31,Returning,Personal,Economy Plus,1562,0,0.0,5,2,3,2,2,3,2,4,2,2,5,2,2,5,Neutral or Dissatisfied
105502,Female,60,Returning,Business,Business,2954,0,0.0,5,5,3,4,5,2,5,2,5,5,2,5,2,2,Satisfied
59203,Female,39,Returning,Business,Business,1440,0,0.0,5,5,4,5,5,5,5,5,5,5,5,5,5,5,Satisfied
106804,Female,50,Returning,Personal,Economy,977,0,16.0,2,5,4,4,3,5,3,5,1,2,5,5,5,5,Satisfied
126559,Male,56,Returning,Business,Business,1558,33,18.0,1,3,5,4,1,4,4,4,5,2,4,1,4,4,Satisfied
81786,Female,35,Returning,Business,Business,1310,0,61.0,4,4,4,5,4,5,5,5,5,3,5,4,5,5,Satisfied
120319,Male,38,Returning,Business,Business,3194,1,42.0,5,5,3,4,5,1,3,1,2,5,1,1,1,1,Neutral or Dissatisfied
46788,Female,42,First-time,Business,Business,776,0,1.0,2,2,4,2,4,2,5,3,5,5,3,2,5,3,Neutral or Dissatisfied
83119,Female,29,Returning,Personal,Economy,957,0,0.0,1,1,3,1,3,2,3,5,3,3,4,1,3,4,Neutral or Dissatisfied
104288,Female,32,Returning,Business,Business,440,0,28.0,2,2,4,3,2,3,4,3,4,4,4,4,4,3,Neutral or Dissatisfied
3339,Female,49,Returning,Business,Business,3844,86,80.0,1,1,4,5,1,4,5,4,4,5,4,1,4,4,Satisfied
48015,Male,27,Returning,Personal,Economy Plus,838,0,0.0,3,4,4,4,3,2,5,1,5,5,3,4,5,4,Neutral or Dissatisfied
10630,Male,30,Returning,Business,Business,309,0,0.0,4,4,2,3,4,1,3,3,3,3,3,3,3,3,Neutral or Dissatisfied
4563,Male,38,Returning,Personal,Economy,561,0,0.0,5,4,5,4,5,5,5,4,5,5,5,4,5,5,Satisfied
54834,Male,37,Returning,Business,Business,2844,0,0.0,5,5,4,5,5,4,5,4,5,4,4,5,4,4,Satisfied
119777,Female,42,Returning,Business,Business,2666,2,54.0,1,1,2,4,1,2,4,3,1,4,2,2,2,2,Neutral or Dissatisfied
44623,Male,23,First-time,Business,Economy,67,70,72.0,0,0,3,0,2,3,2,2,2,2,4,0,2,5,Satisfied
20432,Male,33,Returning,Business,Economy Plus,196,0,0.0,0,0,5,0,4,2,1,5,1,1,4,0,1,2,Satisfied
121892,Female,19,Returning,Personal,Economy,366,0,0.0,3,1,1,1,3,1,1,5,1,1,2,1,1,2,Neutral or Dissatisfied
124007,Female,30,Returning,Business,Economy,184,4,23.0,1,4,1,2,1,2,2,2,2,2,3,2,2,4,Neutral or Dissatisfied
24757,Male,45,Returning,Business,Business,432,3,0.0,3,3,3,2,3,5,1,5,4,1,5,3,5,5,Satisfied
95599,Male,47,Returning,Business,Business,822,14,0.0,3,5,5,5,3,2,5,2,3,5,2,3,2,2,Satisfied
45251,Female,15,Returning,Personal,Economy Plus,1013,0,0.0,2,4,4,4,3,3,4,1,4,4,3,4,4,3,Neutral or Dissatisfied
76851,Male,30,Returning,Business,Economy,1195,19,21.0,3,3,2,4,3,4,4,1,4,4,4,4,4,3,Neutral or Dissatisfied
103550,Female,69,Returning,Personal,Economy,738,4,0.0,5,2,4,4,4,3,5,2,3,4,3,2,3,5,Neutral or Dissatisfied
22224,Male,52,Returning,Business,Economy Plus,565,10,0.0,3,3,5,5,3,1,5,1,5,5,4,5,5,1,Satisfied
128022,Female,44,Returning,Business,Business,1440,0,30.0,1,1,4,5,1,4,5,4,5,3,4,1,4,4,Satisfied
42844,Female,46,Returning,Business,Economy,328,0,0.0,1,5,3,4,5,4,3,4,2,3,4,4,4,4,Satisfied
103455,Female,69,Returning,Business,Economy,448,10,0.0,3,3,2,3,3,4,4,4,2,2,4,4,4,4,Neutral or Dissatisfied
54948,Female,9,Returning,Personal,Business,1379,23,17.0,4,1,2,1,3,5,2,1,2,2,1,2,2,1,Neutral or Dissatisfied
40544,Female,33,Returning,Business,Business,391,0,0.0,4,4,2,2,4,5,4,5,1,4,5,4,5,5,Satisfied
18994,Male,28,Returning,Personal,Economy,388,67,56.0,5,3,5,3,2,4,3,2,3,3,5,3,3,4,Neutral or Dissatisfied
17830,Female,24,Returning,Business,Economy Plus,931,4,0.0,1,1,1,5,1,1,4,4,5,5,4,5,5,2,Satisfied
108941,Female,48,Returning,Personal,Economy,1066,13,4.0,4,3,2,4,3,2,4,3,2,5,2,3,2,4,Neutral or Dissatisfied
18551,Female,19,Returning,Business,Business,3842,0,0.0,5,5,1,5,5,1,5,5,5,5,4,5,5,5,Satisfied
76894,Female,58,Returning,Business,Business,3158,0,0.0,3,3,3,4,3,3,4,4,5,5,3,3,3,3,Satisfied
89318,Male,35,First-time,Business,Business,1587,0,0.0,3,3,3,3,4,5,5,5,5,5,4,3,5,4,Neutral or Dissatisfied
38752,Female,65,Returning,Business,Business,3429,187,224.0,1,1,3,3,1,5,3,3,3,3,4,1,1,1,Satisfied
52764,Female,39,Returning,Business,Business,1874,41,26.0,1,1,4,5,1,5,2,5,3,4,5,1,5,5,Satisfied
98162,Female,23,Returning,Personal,Economy,562,2,,4,3,3,3,2,3,1,4,2,2,5,2,2,4,Neutral or Dissatisfied
85492,Female,53,Returning,Personal,Economy,106,3,2.0,5,3,3,2,2,1,5,3,1,2,1,3,1,1,Neutral or Dissatisfied
51020,Female,14,Returning,Personal,Economy,421,49,50.0,4,1,3,1,1,1,1,4,1,1,1,1,1,3,Neutral or Dissatisfied
44112,Female,33,Returning,Business,Economy Plus,257,0,0.0,3,3,2,1,3,4,1,4,1,1,4,1,1,3,Neutral or Dissatisfied
20669,Female,13,First-time,Business,Economy,552,0,0.0,0,0,1,0,2,1,5,4,5,5,5,1,5,2,Neutral or Dissatisfied
65827,Female,60,Returning,Business,Economy,1389,18,11.0,4,3,1,4,4,2,4,2,3,3,2,2,2,2,Neutral or Dissatisfied
122017,Female,21,First-time,Business,Business,185,0,0.0,5,0,4,0,5,5,3,4,3,3,5,0,3,4,Satisfied
100792,Male,15,First-time,Business,Economy,748,0,0.0,3,3,4,3,4,4,3,1,3,3,3,3,3,4,Neutral or Dissatisfied
33115,Female,43,Returning,Personal,Economy,163,35,34.0,5,3,1,5,5,1,3,3,4,4,1,3,1,1,Neutral or Dissatisfied
25762,Female,65,Returning,Personal,Economy,356,0,0.0,5,1,4,5,2,1,5,1,4,3,1,1,1,1,Neutral or Dissatisfied
13093,Male,53,Returning,Business,Business,595,18,13.0,5,4,4,3,5,5,4,4,4,5,5,5,5,5,Satisfied
92190,Female,40,Returning,Business,Business,1979,0,5.0,5,5,4,3,5,5,5,5,4,4,5,5,5,5,Satisfied
100454,Female,51,Returning,Business,Business,2865,12,0.0,3,3,3,5,3,4,4,4,5,5,4,3,4,4,Satisfied
88541,Female,46,Returning,Personal,Economy,515,14,20.0,5,3,5,5,5,2,4,3,3,5,2,3,2,2,Neutral or Dissatisfied
10233,Male,55,Returning,Business,Business,2252,0,0.0,5,5,1,4,5,4,3,4,1,2,4,4,4,4,Neutral or Dissatisfied
18479,Female,42,Returning,Business,Economy,285,0,0.0,4,4,5,1,4,4,5,4,3,5,4,4,4,4,Satisfied
64555,Male,53,Returning,Business,Business,247,0,2.0,5,5,4,5,5,5,5,5,5,3,5,5,5,5,Satisfied
63841,Male,14,First-time,Business,Business,1172,0,0.0,0,5,3,5,2,3,3,3,3,3,4,5,3,4,Satisfied
33814,Female,47,Returning,Business,Economy,1521,0,25.0,1,1,2,3,1,3,4,3,2,1,3,3,3,3,Neutral or Dissatisfied
37126,Male,25,First-time,Business,Economy,1237,183,196.0,1,1,2,2,3,3,2,1,2,1,5,1,3,2,Neutral or Dissatisfied
84422,Female,35,Returning,Personal,Economy,606,25,25.0,5,2,5,2,3,3,2,5,2,2,5,2,2,4,Neutral or Dissatisfied
46982,Female,38,Returning,Personal,Economy,853,11,22.0,4,3,5,3,4,4,5,5,5,5,5,3,5,4,Neutral or Dissatisfied
12502,Female,14,Returning,Personal,Economy Plus,192,10,8.0,5,0,5,0,4,5,4,4,4,4,5,2,4,5,Neutral or Dissatisfied
58638,Female,47,Returning,Business,Business,867,1,0.0,2,2,4,4,2,5,4,5,5,2,5,2,5,5,Satisfied
80457,Female,36,Returning,Business,Business,1299,0,4.0,4,4,3,5,4,5,5,5,3,4,5,4,5,5,Satisfied
23924,Male,57,Returning,Personal,Economy,579,0,0.0,5,0,5,0,3,2,1,3,1,1,2,1,1,5,Neutral or Dissatisfied
57297,Male,59,Returning,Business,Business,414,19,13.0,5,4,4,5,5,4,4,4,5,5,4,5,4,4,Satisfied
105633,Male,43,Returning,Business,Business,925,1,0.0,5,5,4,4,5,5,5,5,5,5,5,5,5,5,Satisfied
1840,Male,58,Returning,Personal,Economy,500,0,0.0,4,5,5,5,3,4,3,2,3,3,5,3,3,4,Neutral or Dissatisfied
119848,Male,45,Returning,Business,Business,512,0,0.0,2,4,3,4,2,4,1,4,5,3,4,2,4,4,Satisfied
31460,Male,32,Returning,Business,Economy,846,0,0.0,0,0,3,0,5,5,4,3,4,4,1,0,4,1,Satisfied
95352,Female,49,Returning,Personal,Economy,277,0,0.0,4,3,2,4,3,2,3,3,4,1,2,3,2,2,Neutral or Dissatisfied
94767,Female,39,Returning,Business,Business,323,0,0.0,4,4,5,4,4,5,4,5,5,3,5,4,5,5,Satisfied
50180,Female,22,First-time,Business,Economy,109,235,235.0,1,3,1,1,2,1,1,3,1,3,4,3,3,3,Neutral or Dissatisfied
22927,Female,37,Returning,Personal,Business,528,1,6.0,2,3,1,3,4,1,4,3,2,3,1,1,1,1,Neutral or Dissatisfied
126455,Male,50,Returning,Business,Business,1849,0,0.0,4,4,4,5,4,4,5,4,4,5,4,4,4,4,Satisfied
113790,Female,17,First-time,Business,Economy Plus,258,0,0.0,0,1,4,1,4,2,4,2,4,4,4,1,4,4,Neutral or Dissatisfied
99581,Male,32,Returning,Business,Economy,930,54,70.0,5,3,1,2,5,3,2,1,2,2,4,2,2,3,Neutral or Dissatisfied
45349,Female,55,Returning,Personal,Economy,188,0,0.0,5,3,3,5,2,5,5,3,4,3,5,3,5,5,Neutral or Dissatisfied
35526,Male,42,Returning,Personal,Economy,1056,16,27.0,5,4,4,4,3,4,4,1,4,4,1,4,4,3,Neutral or Dissatisfied
20825,Male,39,Returning,Business,Economy,515,6,0.0,4,4,2,2,4,2,2,4,2,2,1,2,2,4,Satisfied
10703,Female,54,Returning,Business,Business,2118,29,30.0,3,2,5,5,3,4,5,4,4,2,4,3,4,4,Satisfied
36277,Male,45,Returning,Personal,Economy,612,0,0.0,5,3,2,3,5,2,1,1,2,2,1,3,2,3,Neutral or Dissatisfied
17010,Female,9,Returning,Personal,Business,781,78,82.0,5,1,4,1,3,3,3,3,3,3,5,1,3,4,Neutral or Dissatisfied
117958,Male,46,Returning,Business,Business,365,40,31.0,3,3,4,3,3,2,4,2,2,5,2,2,2,2,Neutral or Dissatisfied
80408,Male,63,Returning,Personal,Economy,1416,0,0.0,3,2,4,2,3,2,2,2,2,2,4,3,2,5,Neutral or Dissatisfied
49294,Male,55,First-time,Business,Economy,193,27,24.0,4,3,4,3,1,1,1,2,4,4,2,3,4,5,Neutral or Dissatisfied
30392,Male,65,Returning,Personal,Economy,775,0,0.0,4,3,4,3,1,3,3,2,3,3,4,3,3,5,Neutral or Dissatisfied
78302,Female,70,Returning,Personal,Economy,1598,0,0.0,4,2,3,5,1,3,5,2,3,3,3,2,3,5,Neutral or Dissatisfied
32693,Male,37,First-time,Business,Business,216,1,0.0,2,2,3,2,3,1,1,2,1,1,3,2,1,1,Neutral or Dissatisfied
126758,Male,60,Returning,Personal,Economy,2402,14,11.0,0,1,3,1,1,3,2,3,2,2,4,1,2,4,Neutral or Dissatisfied
67150,Male,46,Returning,Business,Economy,529,53,52.0,3,3,4,5,3,3,5,4,5,5,5,5,5,2,Satisfied
118062,Male,51,Returning,Personal,Economy,1044,0,0.0,4,3,2,3,3,5,2,3,2,2,4,4,2,2,Neutral or Dissatisfied
22225,Female,29,Returning,Business,Economy Plus,773,0,12.0,5,5,2,4,5,4,4,2,4,4,2,4,4,2,Neutral or Dissatisfied
39088,Female,25,Returning,Business,Business,2297,0,0.0,4,4,3,2,4,2,2,1,2,2,4,2,2,3,Neutral or Dissatisfied
30495,Male,18,Returning,Personal,Economy,516,0,6.0,1,2,2,2,3,4,1,2,1,1,3,2,1,3,Neutral or Dissatisfied
114889,Male,41,Returning,Business,Business,1723,0,0.0,5,5,5,5,5,2,5,2,5,3,2,5,2,2,Satisfied
73816,Female,58,Returning,Business,Business,1725,0,0.0,2,2,5,4,2,5,4,5,5,3,5,2,5,4,Satisfied
84474,Male,54,Returning,Personal,Economy,1142,0,0.0,5,2,3,2,2,1,2,3,2,2,2,2,2,5,Neutral or Dissatisfied
122662,Female,48,Returning,Business,Business,2664,0,0.0,1,1,3,5,1,2,4,2,4,3,2,1,2,2,Satisfied
79140,Female,23,Returning,Business,Economy Plus,356,0,9.0,2,3,3,1,3,4,4,5,1,1,3,1,1,4,Neutral or Dissatisfied
102773,Male,28,Returning,Business,Business,3675,0,0.0,4,4,4,5,4,4,5,4,5,5,4,4,5,4,Satisfied
84577,Male,38,First-time,Business,Economy,1257,1,5.0,4,4,4,4,3,1,2,5,1,1,4,4,1,3,Neutral or Dissatisfied
24013,Male,39,First-time,Business,Economy,427,0,0.0,0,2,1,2,3,3,3,3,4,4,4,2,4,1,Neutral or Dissatisfied
10893,Male,39,Returning,Business,Business,224,3,3.0,1,1,3,5,1,5,4,5,5,4,5,1,5,5,Satisfied
120134,Female,29,Returning,Business,Business,1475,0,0.0,5,5,3,1,5,1,1,3,1,1,3,1,1,3,Neutral or Dissatisfied
91552,Female,31,Returning,Personal,Economy,680,0,0.0,3,2,3,2,4,3,5,3,5,5,4,2,5,3,Neutral or Dissatisfied
17905,Female,24,First-time,Business,Economy,900,0,0.0,2,2,1,2,2,1,3,3,3,3,2,2,3,5,Neutral or Dissatisfied
43004,Male,21,First-time,Business,Economy,391,4,2.0,1,2,2,2,2,4,5,5,5,5,2,2,5,2,Neutral or Dissatisfied
38987,Male,57,Returning,Business,Business,3887,0,0.0,4,4,3,4,4,5,4,4,4,2,5,4,5,5,Satisfied
65528,Male,17,Returning,Personal,Economy,1616,0,0.0,4,2,4,2,5,3,5,2,5,5,4,3,5,4,Neutral or Dissatisfied
50795,Female,47,Returning,Personal,Economy,110,0,0.0,2,3,4,4,4,5,3,3,1,5,5,3,5,5,Neutral or Dissatisfied
9837,Female,55,Returning,Business,Business,531,4,0.0,1,1,3,5,1,4,5,4,5,4,4,1,4,4,Satisfied
95222,Male,32,Returning,Personal,Economy,192,0,0.0,5,0,3,0,3,4,5,2,2,2,4,0,2,5,Satisfied
22363,Male,35,Returning,Business,Business,83,1,0.0,1,5,5,5,1,5,2,4,2,1,5,1,5,5,Satisfied
97722,Female,25,Returning,Personal,Business,587,46,35.0,5,3,3,3,1,4,4,5,4,4,5,3,4,4,Neutral or Dissatisfied
119549,Male,70,Returning,Personal,Economy,759,0,0.0,4,4,5,4,2,4,5,2,2,2,4,4,2,5,Neutral or Dissatisfied
82836,Male,14,Returning,Business,Business,2366,0,21.0,5,2,5,4,5,4,4,2,4,4,4,5,4,5,Satisfied
77610,Male,42,First-time,Business,Business,731,0,5.0,3,3,5,4,2,5,2,4,2,2,4,4,2,5,Satisfied
90568,Female,40,Returning,Business,Business,594,0,0.0,2,1,3,4,2,4,5,4,3,3,4,2,4,4,Satisfied
111850,Male,52,Returning,Business,Business,3947,0,0.0,3,3,3,4,3,2,5,2,3,5,2,3,2,2,Satisfied
33556,Male,33,First-time,Business,Economy,399,0,0.0,0,3,5,3,4,5,3,2,3,3,2,3,3,4,Neutral or Dissatisfied
55630,Female,26,Returning,Personal,Economy,1824,0,0.0,4,2,3,2,3,4,5,3,2,2,5,3,2,5,Neutral or Dissatisfied
85487,Female,39,Returning,Personal,Economy,332,0,0.0,3,3,1,3,4,2,3,4,3,3,3,3,3,3,Neutral or Dissatisfied
109395,Male,19,Returning,Personal,Economy,1046,31,24.0,2,5,1,5,4,3,5,5,5,5,4,4,5,3,Neutral or Dissatisfied
53184,Male,24,Returning,Business,Business,1532,2,3.0,3,3,1,4,3,4,4,5,4,4,3,4,4,4,Neutral or Dissatisfied
4465,Male,57,Returning,Business,Economy,605,21,18.0,3,3,3,1,3,4,1,5,1,1,3,1,1,4,Neutral or Dissatisfied
72424,Male,43,Returning,Business,Economy,929,0,0.0,2,5,1,4,5,4,3,2,3,3,4,4,3,4,Neutral or Dissatisfied
40868,Female,36,Returning,Personal,Economy,590,2,0.0,4,3,1,3,3,4,4,4,4,4,4,2,4,4,Neutral or Dissatisfied
18718,Male,53,Returning,Personal,Economy Plus,127,0,0.0,4,2,4,2,4,2,3,4,3,3,4,2,3,4,Neutral or Dissatisfied
37860,Female,43,Returning,Business,Business,3656,1,0.0,5,5,2,2,5,2,4,2,3,4,2,5,2,2,Satisfied
33937,Female,43,Returning,Business,Economy,1072,0,3.0,2,2,3,3,2,2,4,2,1,5,2,2,2,2,Neutral or Dissatisfied
124518,Male,40,Returning,Business,Business,1276,0,0.0,1,5,4,5,1,5,5,5,3,4,5,1,5,5,Satisfied
45598,Male,58,Returning,Business,Business,1521,0,16.0,1,1,4,3,1,1,3,1,1,5,1,1,1,1,Neutral or Dissatisfied
76171,Male,58,Returning,Personal,Economy,546,0,0.0,2,4,4,4,3,3,1,3,1,1,3,4,1,2,Neutral or Dissatisfied
121648,Female,56,Returning,Business,Business,2009,0,0.0,3,3,3,5,3,4,5,4,5,3,4,3,4,4,Satisfied
39500,Female,23,First-time,Business,Economy,1068,0,0.0,1,1,3,1,3,2,5,3,5,5,2,1,5,4,Neutral or Dissatisfied
64083,Female,65,Returning,Personal,Economy,919,0,0.0,1,1,3,3,3,3,3,1,1,3,3,1,3,1,Neutral or Dissatisfied
51920,Male,25,Returning,Business,Economy Plus,601,0,0.0,4,1,5,4,4,5,5,5,4,4,2,4,4,3,Satisfied
68351,Female,60,Returning,Business,Business,1598,0,0.0,3,5,5,5,3,4,4,4,5,4,4,3,4,4,Satisfied
41107,Female,37,Returning,Business,Business,224,22,27.0,3,3,3,4,3,4,4,4,3,2,4,1,4,1,Neutral or Dissatisfied
94946,Male,35,First-time,Business,Economy,187,1,0.0,4,3,2,3,4,3,1,4,1,1,3,3,1,3,Neutral or Dissatisfied
86414,Male,24,First-time,Business,Business,762,0,5.0,5,0,3,0,5,3,2,4,2,2,5,0,2,5,Satisfied
52263,Male,33,Returning,Business,Business,493,0,5.0,1,1,4,2,1,5,2,5,2,2,2,1,2,4,Satisfied
87826,Male,67,Returning,Business,Business,1558,12,4.0,2,2,3,1,2,2,2,3,4,4,2,1,2,1,Neutral or Dissatisfied
52218,Female,37,Returning,Business,Economy,493,0,0.0,3,2,2,5,2,3,5,5,5,5,4,5,5,1,Satisfied
34670,Male,59,Returning,Personal,Business,264,0,0.0,5,3,1,5,4,1,1,3,2,5,1,3,1,1,Neutral or Dissatisfied
76673,Female,60,Returning,Personal,Economy,481,0,2.0,2,1,4,3,3,3,3,1,3,4,3,1,3,3,Neutral or Dissatisfied
91083,Male,32,Returning,Personal,Economy,594,4,5.0,3,4,4,4,4,2,4,2,5,5,3,4,5,3,Neutral or Dissatisfied
46837,Female,58,Returning,Business,Economy,845,9,1.0,3,3,3,1,3,5,1,5,2,3,5,5,5,5,Satisfied
19298,Male,34,Returning,Business,Business,2688,0,11.0,5,5,2,4,5,2,4,2,3,5,2,2,2,2,Neutral or Dissatisfied
52333,Female,62,Returning,Business,Business,2356,0,0.0,3,3,2,4,3,4,4,4,2,3,4,3,4,4,Satisfied
24200,Female,23,Returning,Business,Business,3464,0,0.0,1,1,2,3,1,1,4,5,3,3,4,4,3,3,Neutral or Dissatisfied
61457,Male,39,Returning,Business,Business,2419,14,1.0,1,1,5,3,1,5,5,5,5,4,5,1,5,5,Satisfied
46366,Male,48,Returning,Business,Business,3918,0,0.0,4,2,4,3,4,3,2,3,1,1,3,3,3,3,Neutral or Dissatisfied
4730,Male,40,First-time,Business,Business,888,16,4.0,2,2,3,2,1,4,1,5,1,1,4,2,1,4,Neutral or Dissatisfied
88012,Female,39,Returning,Business,Business,3512,9,0.0,2,2,5,4,2,5,4,5,3,4,5,2,5,5,Satisfied
79665,Male,20,Returning,Personal,Economy,712,0,0.0,3,3,4,3,2,5,4,2,5,5,5,3,5,1,Neutral or Dissatisfied
94320,Male,54,Returning,Business,Business,2636,57,52.0,0,0,4,5,3,4,5,4,5,4,4,0,4,4,Satisfied
23288,Male,24,Returning,Business,Economy,641,0,0.0,4,5,5,5,4,2,5,2,5,5,5,5,5,1,Satisfied
41211,Female,69,Returning,Business,Business,1556,6,0.0,5,1,1,2,5,3,3,3,3,5,3,3,3,3,Neutral or Dissatisfied
27975,Female,30,Returning,Business,Business,2378,0,0.0,3,2,5,5,3,2,5,4,5,5,2,3,3,1,Satisfied
108008,Female,63,Returning,Personal,Economy,271,6,3.0,0,2,3,5,1,1,4,2,3,5,1,2,1,1,Neutral or Dissatisfied
34219,Male,57,Returning,Personal,Economy,1189,0,12.0,1,3,2,3,3,2,2,5,2,2,4,3,2,3,Neutral or Dissatisfied
49757,Female,21,First-time,Business,Business,373,10,13.0,0,4,2,4,1,5,2,5,2,2,1,4,2,4,Satisfied
72737,Female,27,Returning,Personal,Economy Plus,985,8,9.0,5,4,5,4,2,4,2,3,2,2,5,4,2,4,Neutral or Dissatisfied
35411,Female,53,Returning,Business,Business,544,31,18.0,4,2,4,5,4,2,5,2,5,4,2,4,2,2,Satisfied
105475,Female,42,Returning,Business,Business,3336,0,0.0,2,3,5,4,3,4,5,4,4,5,4,3,4,4,Satisfied
8465,Female,34,Returning,Personal,Economy,1379,17,1.0,4,0,4,0,3,5,4,5,4,4,5,0,4,3,Satisfied
104902,Female,52,Returning,Business,Business,1565,0,1.0,5,5,4,5,5,4,4,4,5,3,4,5,4,4,Satisfied
20917,Female,25,Returning,Business,Economy,689,0,0.0,1,1,2,4,1,5,5,1,4,4,1,4,4,2,Satisfied
29307,Female,37,Returning,Personal,Economy,933,0,0.0,4,4,3,4,5,5,5,3,5,5,5,3,5,4,Neutral or Dissatisfied
9433,Male,44,Returning,Business,Economy,299,0,0.0,4,4,3,2,4,3,2,1,2,2,3,2,2,4,Neutral or Dissatisfied
45896,Male,40,First-time,Business,Economy,563,55,69.0,5,5,3,5,4,1,1,3,1,1,3,4,1,3,Satisfied
88965,Male,31,Returning,Business,Business,3204,0,11.0,3,3,2,3,3,3,3,2,3,3,3,3,3,2,Neutral or Dissatisfied
11749,Female,21,First-time,Business,Economy,429,92,96.0,2,1,2,1,3,2,5,4,1,1,4,1,1,3,Neutral or Dissatisfied
26136,Male,22,Returning,Business,Economy,515,5,6.0,5,0,5,0,3,2,1,3,3,3,2,0,3,5,Satisfied
91831,Male,39,Returning,Business,Business,2735,0,0.0,5,5,4,5,5,4,5,4,4,4,4,5,4,4,Satisfied
110489,Male,33,Returning,Personal,Economy,925,0,16.0,5,3,4,3,2,3,3,4,3,3,5,3,3,5,Neutral or Dissatisfied
69198,Male,60,Returning,Business,Business,2569,0,0.0,3,3,3,5,3,4,5,4,3,2,4,3,4,4,Satisfied
39660,Male,23,First-time,Business,Business,224,10,13.0,0,0,3,0,3,2,1,5,1,1,4,0,1,2,Satisfied
48106,Male,66,Returning,Business,Business,259,0,0.0,5,4,4,2,5,4,2,4,2,3,4,5,4,4,Satisfied
100325,Male,29,Returning,Business,Economy,1034,10,20.0,3,3,3,2,3,4,2,4,2,2,3,2,2,2,Neutral or Dissatisfied
17876,Female,14,Returning,Personal,Economy,425,11,0.0,3,1,2,1,3,2,4,1,2,2,4,1,2,3,Neutral or Dissatisfied
129275,Male,18,Returning,Personal,Economy,2521,0,0.0,4,1,5,1,4,5,2,2,2,2,5,1,2,5,Neutral or Dissatisfied
13691,Male,23,Returning,Business,Business,1759,0,0.0,3,3,3,4,3,2,4,3,4,4,3,3,4,5,Satisfied
88964,Male,25,First-time,Business,Economy,1199,6,0.0,2,2,3,2,5,4,5,4,5,5,5,3,5,4,Satisfied
119206,Female,42,Returning,Business,Business,257,0,15.0,5,5,1,3,5,4,3,4,4,5,4,4,4,4,Neutral or Dissatisfied
65792,Male,57,Returning,Business,Business,1389,0,0.0,4,4,3,5,4,3,5,4,5,2,3,4,3,3,Satisfied
36890,Male,28,Returning,Business,Economy Plus,1182,31,20.0,0,0,5,0,2,3,3,5,3,3,4,0,3,2,Satisfied
38367,Male,17,Returning,Personal,Economy,1173,0,0.0,4,3,4,3,3,4,4,3,4,4,5,3,4,5,Neutral or Dissatisfied
67741,Male,27,First-time,Business,Business,1464,0,0.0,2,2,4,2,4,3,2,5,2,2,5,2,2,4,Neutral or Dissatisfied
42911,Male,55,Returning,Personal,Economy,422,0,9.0,0,3,4,3,1,4,2,5,2,2,5,3,2,5,Neutral or Dissatisfied
112172,Male,45,Returning,Personal,Economy,895,0,2.0,4,2,4,2,2,3,1,3,1,1,4,2,1,5,Neutral or Dissatisfied
113850,Male,32,Returning,Business,Business,1363,58,48.0,1,2,3,4,1,3,4,2,4,4,5,1,4,4,Satisfied
20023,Male,7,Returning,Personal,Business,473,87,78.0,2,3,3,3,4,2,1,1,1,1,4,1,1,4,Neutral or Dissatisfied
118668,Male,69,Returning,Business,Business,221,4,0.0,4,4,5,5,4,5,1,5,5,2,5,4,5,3,Satisfied
93230,Female,46,Returning,Personal,Economy,1460,21,19.0,5,3,3,4,5,4,4,3,5,2,4,3,4,4,Neutral or Dissatisfied
13820,Male,23,First-time,Business,Economy,628,0,0.0,4,4,1,4,3,2,2,1,2,2,2,4,2,3,Satisfied
120373,Male,46,Returning,Business,Business,3824,0,0.0,1,1,4,5,1,5,5,4,3,4,5,1,5,5,Satisfied
85728,Male,37,First-time,Business,Business,666,0,0.0,3,3,5,3,4,4,4,4,3,3,5,3,3,4,Neutral or Dissatisfied
35743,Female,21,First-time,Business,Business,653,0,0.0,1,2,1,2,4,1,4,2,4,4,4,2,4,3,Neutral or Dissatisfied
6352,Female,53,Returning,Business,Business,3451,0,0.0,0,0,3,5,3,3,4,3,3,3,3,0,3,5,Satisfied
4143,Male,43,Returning,Business,Business,544,0,0.0,2,2,4,4,2,5,4,5,3,4,5,2,5,5,Satisfied
19638,Female,32,Returning,Personal,Economy,717,119,142.0,5,2,3,4,2,1,3,4,3,2,3,2,2,3,Neutral or Dissatisfied
58910,Female,35,First-time,Business,Economy,888,87,99.0,2,2,1,2,3,1,2,3,2,2,3,2,2,3,Neutral or Dissatisfied
27868,Female,41,Returning,Business,Economy Plus,1448,0,0.0,4,4,1,3,4,5,4,5,2,1,5,5,5,5,Satisfied
109452,Female,58,Returning,Business,Business,2714,1,0.0,1,2,3,5,1,4,4,4,4,2,4,1,4,4,Satisfied
10347,Male,46,Returning,Business,Business,2460,0,0.0,5,5,3,5,5,5,4,5,3,4,5,5,5,5,Satisfied
7978,Female,49,Returning,Business,Business,3616,0,0.0,5,2,4,4,5,4,4,4,4,2,4,5,4,4,Satisfied
31851,Female,25,First-time,Business,Economy,1140,6,13.0,2,2,3,2,3,3,1,1,1,1,4,2,1,3,Neutral or Dissatisfied
18582,Male,50,Returning,Business,Economy,190,0,0.0,5,5,2,4,5,1,4,1,4,4,3,4,4,4,Neutral or Dissatisfied
84460,Male,64,Returning,Personal,Economy,290,0,10.0,5,4,5,4,2,5,3,2,3,3,4,4,3,4,Satisfied
111649,Male,34,Returning,Personal,Economy,1290,22,11.0,2,1,1,1,3,1,2,5,2,2,4,1,2,4,Neutral or Dissatisfied
26440,Male,24,First-time,Business,Economy,925,0,0.0,5,5,2,5,2,1,3,3,3,3,1,5,3,1,Satisfied
31611,Male,32,Returning,Business,Business,3712,0,0.0,2,2,4,5,2,3,5,4,5,5,5,2,5,4,Satisfied
46541,Male,70,Returning,Business,Business,3490,23,25.0,2,2,1,3,2,4,1,4,4,1,4,2,4,4,Satisfied
24174,Male,59,Returning,Business,Economy,302,0,0.0,3,3,1,4,3,5,4,2,4,4,2,4,4,4,Satisfied
60097,Female,27,First-time,Business,Business,1012,0,0.0,3,3,3,3,2,4,3,2,3,3,4,4,3,5,Neutral or Dissatisfied
75838,Female,59,Returning,Business,Business,1440,7,0.0,4,4,5,4,4,4,4,4,3,5,4,4,4,4,Satisfied
32641,Male,18,Returning,Business,Economy,102,0,0.0,1,4,4,5,1,4,5,2,5,5,4,5,5,1,Satisfied
39421,Female,33,Returning,Business,Business,1888,0,7.0,2,2,5,3,2,5,4,5,3,2,5,2,5,4,Satisfied
88411,Male,56,Returning,Business,Business,1929,0,0.0,2,4,3,4,2,4,5,5,4,4,4,2,4,4,Satisfied
11822,Male,46,Returning,Business,Business,986,3,34.0,1,1,4,4,1,4,5,4,4,2,4,1,4,4,Satisfied
77376,Male,37,First-time,Business,Economy,590,0,0.0,2,4,4,4,2,3,4,4,4,4,2,4,4,3,Neutral or Dissatisfied
26452,Female,57,Returning,Business,Economy,787,0,0.0,3,2,2,2,2,5,5,5,1,5,5,5,5,5,Satisfied
6711,Male,50,Returning,Personal,Economy,403,30,26.0,2,3,2,3,4,2,2,3,2,2,3,3,2,4,Neutral or Dissatisfied
63088,Female,44,Returning,Business,Business,2178,0,0.0,5,5,5,5,5,5,5,5,4,4,5,5,5,5,Satisfied
95875,Female,72,Returning,Business,Business,3555,27,10.0,3,3,1,2,3,2,2,2,2,2,2,2,2,2,Neutral or Dissatisfied
42542,Male,43,Returning,Business,Business,2718,6,0.0,1,1,3,4,1,1,4,2,3,4,1,1,1,1,Neutral or Dissatisfied
111184,Male,37,Returning,Business,Business,1703,0,0.0,4,4,3,3,4,4,5,5,3,3,4,4,4,4,Satisfied
88125,Male,50,Returning,Business,Business,444,9,11.0,1,1,3,4,1,2,4,2,4,3,2,1,2,2,Satisfied
57642,Female,66,Returning,Business,Economy,200,2,0.0,4,5,1,3,4,2,3,2,2,1,2,2,2,2,Neutral or Dissatisfied
102124,Male,35,Returning,Business,Business,197,16,7.0,1,1,5,4,1,5,5,5,5,4,5,1,5,4,Satisfied
1324,Female,48,Returning,Business,Business,3883,0,0.0,4,0,4,4,1,3,5,3,4,5,3,0,3,3,Satisfied
64473,Female,23,First-time,Business,Business,224,130,121.0,0,5,3,5,3,3,4,2,2,2,5,5,2,5,Satisfied
15066,Female,52,Returning,Personal,Economy,576,0,0.0,4,4,3,4,3,5,5,4,3,5,5,4,5,5,Neutral or Dissatisfied
84274,Female,49,Returning,Business,Business,334,0,0.0,3,3,3,4,3,5,5,5,5,5,5,3,5,5,Satisfied
84470,Female,21,First-time,Business,Business,1142,57,46.0,0,0,4,0,5,5,1,5,1,1,5,0,1,5,Satisfied
29468,Female,22,First-time,Business,Business,1216,0,0.0,0,5,5,5,3,4,5,5,3,3,5,5,3,5,Satisfied
123021,Male,58,Returning,Business,Business,590,0,4.0,1,3,3,5,1,1,4,2,4,3,1,1,1,1,Satisfied
32552,Male,38,Returning,Business,Business,101,0,0.0,5,5,4,5,5,5,5,5,2,4,5,5,5,4,Satisfied
43141,Female,27,Returning,Personal,Economy Plus,192,0,0.0,4,3,4,3,3,3,1,5,1,1,4,3,1,5,Neutral or Dissatisfied
62477,Female,41,First-time,Business,Business,1846,7,11.0,1,1,5,1,2,5,4,5,3,3,4,1,3,5,Neutral or Dissatisfied
15265,Male,55,Returning,Business,Business,3924,0,0.0,5,2,1,3,5,3,4,4,1,1,3,3,3,3,Neutral or Dissatisfied
109961,Female,45,Returning,Personal,Economy,1073,1,0.0,5,5,5,4,4,2,4,5,4,3,2,5,2,2,Satisfied
83651,Female,49,Returning,Business,Business,577,0,0.0,4,4,3,4,4,4,5,4,4,4,4,4,4,4,Satisfied
19395,Female,37,Returning,Business,Economy,261,0,0.0,5,5,1,4,5,5,4,5,4,4,5,4,4,1,Satisfied
67855,Female,65,Returning,Personal,Economy,1235,0,0.0,1,2,3,2,4,1,4,2,3,3,1,2,1,1,Neutral or Dissatisfied
16141,Female,47,Returning,Business,Business,277,157,143.0,3,3,4,4,3,4,4,5,4,4,3,3,4,5,Satisfied
108241,Female,56,Returning,Business,Business,1682,10,5.0,1,4,4,5,1,5,5,5,5,5,5,1,5,5,Satisfied
47468,Female,33,Returning,Personal,Economy,588,0,0.0,5,2,5,2,3,5,5,3,5,5,5,2,5,5,Neutral or Dissatisfied
11176,Female,21,Returning,Personal,Economy,201,0,0.0,4,3,1,3,3,3,1,3,3,3,4,3,3,2,Neutral or Dissatisfied
22966,Female,30,First-time,Business,Economy,817,0,0.0,3,3,1,3,4,1,1,3,1,1,4,3,1,4,Neutral or Dissatisfied
68536,Male,42,Returning,Business,Business,1013,20,91.0,3,3,4,3,3,3,4,3,2,4,3,3,3,3,Neutral or Dissatisfied
82230,Female,21,Returning,Business,Economy,405,0,0.0,3,0,5,0,3,2,5,4,5,5,5,0,5,4,Satisfied
91832,Male,59,Returning,Business,Business,626,0,0.0,4,4,4,4,4,4,4,4,3,5,4,4,4,4,Satisfied
65645,Female,20,First-time,Business,Economy,926,20,0.0,4,4,3,4,3,1,3,5,3,3,3,4,3,3,Neutral or Dissatisfied
117257,Female,44,Returning,Personal,Economy,451,0,0.0,5,4,4,5,4,1,4,4,5,4,1,3,1,1,Neutral or Dissatisfied
109133,Female,47,Returning,Business,Business,1685,0,6.0,3,3,3,4,3,4,4,4,4,2,4,3,4,4,Satisfied
19990,Female,30,Returning,Business,Business,646,17,7.0,3,4,2,5,4,2,5,2,5,5,1,4,5,4,Satisfied
100668,Female,46,Returning,Business,Business,677,104,104.0,4,4,3,5,4,4,5,4,4,3,4,4,4,4,Satisfied
126719,Male,45,Returning,Business,Business,2402,0,1.0,2,1,4,5,2,4,4,4,3,4,4,2,4,4,Satisfied
89834,Female,68,Returning,Personal,Economy Plus,950,0,0.0,1,4,2,1,1,3,2,4,4,1,3,4,3,3,Neutral or Dissatisfied
70533,Female,37,Returning,Personal,Business,1258,65,90.0,4,3,5,5,2,3,4,3,4,5,3,3,3,2,Neutral or Dissatisfied
50074,Male,46,Returning,Business,Economy,278,0,0.0,1,1,1,4,1,1,4,1,4,4,1,4,4,4,Satisfied
72472,Male,26,First-time,Business,Business,1017,0,0.0,2,2,5,2,5,3,5,4,3,3,5,2,3,5,Neutral or Dissatisfied
97326,Male,20,First-time,Business,Economy,347,29,41.0,2,4,4,4,4,3,1,5,1,1,3,4,1,3,Neutral or Dissatisfied
88152,Female,51,Returning,Business,Business,3589,0,0.0,3,3,5,4,3,4,4,4,4,4,4,3,4,4,Satisfied
25423,Male,35,First-time,Business,Business,669,7,12.0,3,3,5,3,3,4,2,5,2,2,4,3,2,5,Neutral or Dissatisfied
34091,Female,20,First-time,Business,Business,1129,0,0.0,0,0,4,0,3,3,5,4,5,5,4,0,5,4,Satisfied
129857,Male,21,First-time,Business,Business,337,46,43.0,4,4,5,4,1,5,5,2,5,5,4,4,5,4,Satisfied
99778,Male,28,First-time,Business,Business,584,22,14.0,2,2,3,2,1,4,3,3,3,3,5,2,3,4,Neutral or Dissatisfied
115660,Male,38,Returning,Business,Business,2700,75,78.0,4,4,4,2,4,2,3,2,2,5,2,2,2,2,Neutral or Dissatisfied
35368,Male,19,First-time,Business,Economy,972,0,0.0,2,2,2,2,4,4,1,5,1,1,4,2,1,3,Neutral or Dissatisfied
85982,Male,65,Returning,Business,Business,447,2,0.0,1,5,1,3,1,2,4,2,3,4,2,2,2,2,Neutral or Dissatisfied
112009,Female,21,Returning,Personal,Economy Plus,533,39,43.0,5,2,4,2,3,5,5,4,5,5,5,2,5,5,Neutral or Dissatisfied
58166,Female,46,Returning,Business,Business,1642,96,86.0,1,1,4,5,1,4,4,4,5,5,4,1,4,4,Satisfied
40923,Male,18,Returning,Personal,Economy,558,8,5.0,3,2,4,2,4,1,3,5,1,1,4,2,1,4,Neutral or Dissatisfied
26217,Female,24,Returning,Personal,Economy,270,44,41.0,0,5,4,5,1,5,2,5,2,2,4,4,2,4,Neutral or Dissatisfied
86916,Female,36,Returning,Personal,Economy,341,0,0.0,3,0,3,0,1,2,4,5,1,1,4,0,1,1,Satisfied
123698,Male,34,Returning,Personal,Economy,214,0,26.0,4,2,1,2,3,1,4,5,4,4,4,2,4,4,Neutral or Dissatisfied
17777,Male,31,Returning,Business,Business,1042,93,78.0,3,3,3,2,3,4,2,1,2,2,3,2,2,3,Neutral or Dissatisfied
4602,Male,39,Returning,Personal,Economy Plus,416,0,0.0,1,5,4,5,3,2,4,1,3,3,4,5,3,4,Satisfied
94737,Female,58,Returning,Business,Business,189,0,0.0,2,5,4,5,2,4,4,4,3,4,4,2,4,4,Satisfied
39651,Female,52,Returning,Business,Business,3005,13,11.0,0,0,2,3,4,4,3,0,4,5,4,1,4,4,Neutral or Dissatisfied
99755,Male,57,Returning,Personal,Economy,255,46,37.0,1,0,1,0,4,2,4,2,4,4,4,4,4,4,Neutral or Dissatisfied
82148,Male,26,Returning,Business,Business,3125,1,0.0,1,1,3,5,1,5,5,5,5,5,4,1,5,5,Satisfied
124507,Male,9,Returning,Personal,Economy,930,0,0.0,4,4,3,4,5,5,2,2,2,2,4,4,2,4,Neutral or Dissatisfied
6015,Male,57,Returning,Business,Economy,672,1,0.0,2,2,3,4,2,4,4,4,4,4,4,4,4,3,Neutral or Dissatisfied
96305,Male,21,Returning,Business,Business,1523,109,91.0,5,5,3,5,5,3,4,4,4,4,4,5,4,5,Satisfied
2028,Male,23,First-time,Business,Business,733,12,2.0,5,0,4,0,3,3,5,5,5,5,4,0,5,4,Satisfied
109556,Female,49,Returning,Personal,Economy,861,62,54.0,4,3,3,4,3,3,5,3,5,3,3,3,3,4,Neutral or Dissatisfied
80828,Male,22,First-time,Business,Economy,484,20,12.0,1,2,4,2,1,2,5,4,5,5,1,2,5,1,Neutral or Dissatisfied
48302,Male,39,First-time,Business,Economy,1499,0,12.0,4,4,5,4,4,5,4,4,4,4,2,4,4,4,Satisfied
42630,Female,42,Returning,Business,Business,2629,0,0.0,1,1,3,4,1,1,4,1,2,5,1,1,1,1,Neutral or Dissatisfied
2790,Male,44,Returning,Business,Business,765,0,7.0,5,2,4,2,5,3,3,3,2,4,3,3,3,3,Neutral or Dissatisfied
82563,Female,46,Returning,Business,Business,528,181,176.0,2,2,4,4,2,3,4,5,4,4,5,2,3,5,Satisfied
69019,Male,25,First-time,Business,Business,1389,0,0.0,1,4,5,4,2,4,1,4,2,2,4,4,2,5,Satisfied
56687,Male,48,Returning,Personal,Economy,1023,0,0.0,5,3,5,3,1,3,1,5,1,1,4,3,1,3,Neutral or Dissatisfied
80199,Male,26,Returning,Personal,Economy,2475,0,0.0,2,0,2,0,4,3,2,1,2,2,4,0,2,3,Satisfied
99662,Male,9,Returning,Personal,Economy,1050,1,0.0,2,3,1,3,3,4,5,4,5,5,3,4,5,3,Satisfied
97383,Male,35,Returning,Personal,Economy,347,18,19.0,4,2,5,2,3,3,1,2,1,1,5,2,1,4,Neutral or Dissatisfied
42058,Female,39,Returning,Personal,Economy,106,0,0.0,5,0,4,0,1,5,3,5,3,3,4,3,3,4,Neutral or Dissatisfied
59467,Female,53,Returning,Business,Business,758,0,0.0,5,5,4,5,5,4,5,4,5,4,4,5,4,4,Satisfied
58459,Male,53,Returning,Business,Business,733,0,0.0,5,5,5,4,5,3,4,3,4,5,3,5,3,3,Satisfied
73988,Female,43,Returning,Personal,Economy Plus,2330,0,0.0,4,2,3,3,4,5,3,3,3,2,5,2,5,5,Neutral or Dissatisfied
2829,Male,58,Returning,Business,Business,409,11,25.0,2,2,5,5,2,4,4,4,3,2,4,2,4,4,Satisfied
105954,Male,53,Returning,Business,Business,2329,24,39.0,1,1,4,5,1,5,5,4,4,5,5,1,5,5,Satisfied
36526,Male,24,First-time,Business,Economy,1220,0,2.0,4,4,2,4,3,2,2,3,2,2,1,4,2,5,Satisfied
15639,Female,37,First-time,Business,Economy Plus,283,61,50.0,2,2,3,2,3,1,1,5,1,1,4,2,1,4,Neutral or Dissatisfied
28119,Male,37,Returning,Business,Business,2012,0,0.0,3,3,1,2,3,2,3,1,3,2,2,2,2,2,Neutral or Dissatisfied
23132,Female,25,First-time,Business,Economy,300,0,0.0,4,5,5,5,3,1,4,3,4,4,5,5,4,5,Satisfied
114282,Female,41,Returning,Personal,Economy,957,0,0.0,5,3,5,3,4,3,3,3,3,3,5,3,3,5,Neutral or Dissatisfied
50071,Male,39,Returning,Business,Economy,373,2,4.0,5,5,4,5,5,3,5,4,5,5,2,5,5,1,Satisfied
107519,Male,46,Returning,Business,Business,2790,4,0.0,1,1,4,3,1,2,3,2,2,4,2,2,2,2,Neutral or Dissatisfied
32509,Female,26,First-time,Business,Economy,101,0,6.0,1,3,1,3,4,1,5,3,5,5,3,3,5,3,Neutral or Dissatisfied
73450,Male,20,Returning,Personal,Economy,1120,19,65.0,4,2,3,2,4,4,2,4,2,2,4,2,2,5,Neutral or Dissatisfied
86128,Male,25,First-time,Business,Business,356,0,0.0,5,4,4,4,3,3,2,3,2,2,4,4,2,4,Neutral or Dissatisfied
113560,Male,51,Returning,Business,Economy,226,41,34.0,3,3,1,2,3,4,2,5,2,2,2,2,2,3,Neutral or Dissatisfied
112863,Male,52,Returning,Business,Business,1242,5,0.0,1,1,5,5,1,5,4,5,5,3,5,1,5,5,Satisfied
125033,Female,28,Returning,Business,Business,2300,0,0.0,2,2,5,2,2,3,2,3,2,2,4,2,2,5,Satisfied
3740,Male,66,Returning,Personal,Economy,431,0,0.0,4,2,4,2,3,5,1,4,1,1,4,2,1,5,Neutral or Dissatisfied
72039,Female,41,Returning,Business,Business,3784,0,0.0,2,2,5,5,2,5,5,4,5,5,4,2,5,4,Satisfied
119365,Female,65,Returning,Personal,Business,399,0,0.0,5,1,4,5,4,3,4,1,4,5,3,1,3,3,Neutral or Dissatisfied
15396,Female,59,Returning,Business,Business,1833,0,14.0,4,4,1,4,4,1,4,2,1,4,1,2,1,2,Neutral or Dissatisfied
77099,Female,36,Returning,Business,Business,1481,0,0.0,3,3,4,4,3,5,4,5,5,2,5,3,5,5,Satisfied
113032,Male,72,Returning,Business,Business,569,41,34.0,5,5,4,4,5,5,5,5,4,3,5,5,5,5,Satisfied
30130,Female,12,Returning,Personal,Economy,31,12,8.0,4,3,5,3,4,1,1,1,1,1,1,3,1,2,Neutral or Dissatisfied
129543,Female,27,Returning,Business,Business,2342,8,0.0,1,4,2,3,1,1,3,2,3,3,3,3,3,2,Neutral or Dissatisfied
53479,Female,35,Returning,Business,Economy,2288,3,8.0,3,3,5,5,3,4,4,4,4,4,5,4,4,3,Satisfied
109119,Male,49,Returning,Personal,Economy Plus,849,0,0.0,3,2,4,2,1,5,1,5,1,1,4,2,1,5,Neutral or Dissatisfied
23844,Female,34,First-time,Business,Business,552,0,0.0,3,3,5,3,4,5,1,2,1,1,5,3,1,4,Neutral or Dissatisfied
126571,Female,58,Returning,Business,Business,1711,0,0.0,2,2,2,5,2,5,1,5,3,5,5,2,5,5,Satisfied
11326,Female,33,Returning,Personal,Economy,247,0,0.0,4,0,5,0,4,3,1,2,1,1,5,4,1,5,Neutral or Dissatisfied
127963,Female,61,Returning,Personal,Economy,1999,0,0.0,4,3,4,4,2,5,4,3,4,4,5,3,5,5,Neutral or Dissatisfied
67639,Female,19,First-time,Business,Economy,1188,0,0.0,4,4,4,4,3,3,3,3,3,3,4,4,3,4,Satisfied
69642,Male,53,Returning,Business,Business,569,18,14.0,3,3,5,4,3,4,5,4,5,3,4,3,4,4,Satisfied
104793,Male,40,Returning,Business,Business,3609,3,5.0,3,3,5,5,3,5,5,5,3,3,5,3,5,5,Satisfied
320,Female,21,First-time,Business,Business,853,0,0.0,1,3,1,3,3,2,3,4,3,3,3,2,3,3,Neutral or Dissatisfied
122823,Female,56,Returning,Personal,Economy,599,0,0.0,3,5,5,2,3,3,3,5,1,2,3,5,3,3,Satisfied
123448,Male,59,Returning,Business,Business,2296,8,0.0,1,5,5,4,1,4,4,4,4,4,4,1,4,4,Satisfied
43432,Female,43,Returning,Personal,Economy,913,0,13.0,4,3,3,5,4,1,4,3,5,3,1,3,1,1,Neutral or Dissatisfied
46572,Male,47,Returning,Business,Economy,141,142,158.0,3,3,5,5,3,2,5,5,5,5,4,5,3,5,Satisfied
77000,Female,45,Returning,Business,Business,3948,0,0.0,1,1,3,4,1,5,4,5,5,5,5,1,5,5,Satisfied
91208,Female,65,Returning,Personal,Economy,270,0,0.0,0,4,3,5,1,5,5,4,1,1,5,4,5,5,Neutral or Dissatisfied
66545,Female,44,Returning,Business,Business,2935,32,27.0,3,3,4,5,3,4,5,4,4,4,4,3,4,4,Satisfied
34926,Male,41,Returning,Business,Economy,187,274,310.0,3,3,3,3,3,5,3,2,3,3,4,3,1,2,Neutral or Dissatisfied
119310,Female,36,Returning,Business,Business,3643,0,0.0,5,5,4,5,5,5,4,5,3,3,5,5,5,4,Satisfied
60398,Male,10,Returning,Personal,Economy,1452,1,0.0,3,5,3,5,3,4,5,1,5,5,4,5,5,4,Satisfied
60726,Male,59,Returning,Personal,Economy,1605,0,10.0,4,2,4,2,3,3,4,3,4,4,4,2,4,5,Neutral or Dissatisfied
81426,Female,30,First-time,Business,Economy,448,0,0.0,3,3,2,3,5,3,1,1,1,1,5,3,1,3,Neutral or Dissatisfied
115797,Male,62,Returning,Business,Economy,446,39,34.0,2,2,3,4,2,5,4,1,4,4,1,4,4,5,Satisfied
16578,Male,40,Returning,Business,Business,472,0,0.0,2,2,2,1,2,4,5,4,3,1,4,2,4,4,Satisfied
42697,Male,46,Returning,Personal,Economy,627,0,0.0,5,3,5,3,1,5,2,4,2,2,5,3,2,4,Neutral or Dissatisfied
21741,Female,24,First-time,Business,Economy,563,28,22.0,5,3,1,3,4,2,1,1,1,1,2,3,1,3,Neutral or Dissatisfied
60353,Male,41,Returning,Business,Business,1024,2,0.0,4,2,4,5,2,4,5,4,4,3,4,2,4,4,Satisfied
92299,Male,53,Returning,Business,Business,2556,64,51.0,3,3,3,5,3,3,5,2,5,3,3,3,3,3,Satisfied
20555,Male,45,Returning,Business,Business,2891,0,0.0,5,5,5,2,5,5,1,5,3,2,5,5,5,5,Satisfied
10099,Male,49,Returning,Personal,Economy,961,343,338.0,4,2,4,4,4,2,4,4,4,2,4,2,3,5,Neutral or Dissatisfied
41060,Female,33,First-time,Business,Business,191,1,0.0,3,3,3,3,1,3,5,2,5,5,4,3,5,4,Neutral or Dissatisfied
5026,Female,48,Returning,Personal,Business,303,0,2.0,4,2,4,4,2,2,5,2,3,5,2,2,2,2,Neutral or Dissatisfied
96163,Female,26,Returning,Business,Business,546,0,0.0,2,2,4,4,2,3,4,3,4,4,5,2,4,4,Satisfied
70174,Female,42,Returning,Business,Business,258,183,187.0,0,0,4,5,3,2,4,4,4,4,3,0,3,4,Satisfied
35493,Female,67,Returning,Personal,Economy,950,0,0.0,1,2,3,2,4,3,4,2,3,1,3,2,3,3,Neutral or Dissatisfied
21001,Female,66,Returning,Business,Economy Plus,689,0,0.0,5,5,1,4,5,3,4,3,1,4,3,3,3,3,Neutral or Dissatisfied
16928,Female,17,Returning,Business,Business,820,5,2.0,4,3,2,4,4,3,4,1,4,4,1,4,4,2,Satisfied
6844,Male,41,Returning,Business,Business,2635,58,57.0,3,3,3,4,3,3,4,4,4,2,3,3,3,3,Satisfied
118620,Male,18,First-time,Business,Economy,338,62,58.0,3,0,2,0,3,3,5,3,5,5,4,1,5,4,Neutral or Dissatisfied
73255,Male,70,Returning,Business,Business,2594,0,0.0,2,2,4,4,2,1,4,1,2,3,1,1,1,1,Neutral or Dissatisfied
61069,Female,51,Returning,Business,Business,1546,32,14.0,1,1,5,4,1,4,4,4,4,2,4,1,4,4,Satisfied
1652,Male,24,Returning,Business,Business,3220,0,15.0,3,4,4,4,3,4,4,4,4,4,4,3,4,4,Satisfied
50418,Female,40,First-time,Business,Business,78,0,0.0,2,2,1,2,3,3,1,3,1,1,4,2,1,3,Neutral or Dissatisfied
34056,Female,22,First-time,Business,Economy,1303,0,0.0,2,2,4,2,1,5,3,4,3,3,5,2,3,3,Neutral or Dissatisfied
53626,Male,55,First-time,Business,Economy,374,0,10.0,4,4,2,4,2,5,2,1,2,2,5,4,2,3,Neutral or Dissatisfied
79285,Male,43,Returning,Business,Business,2248,0,0.0,5,5,4,4,5,3,4,5,4,4,4,5,5,5,Satisfied
89348,Male,35,Returning,Business,Business,1587,0,7.0,4,4,4,2,4,5,2,5,3,1,5,4,5,5,Satisfied
29136,Female,55,Returning,Personal,Economy,679,46,44.0,5,3,2,4,5,5,2,3,3,1,5,3,5,5,Neutral or Dissatisfied
2034,Female,59,Returning,Business,Business,812,0,3.0,2,2,5,4,2,2,5,2,4,4,2,2,2,2,Satisfied
3715,Female,42,Returning,Personal,Economy,544,0,0.0,3,3,3,3,3,2,3,3,3,4,2,3,2,2,Neutral or Dissatisfied
67327,Male,24,Returning,Personal,Economy Plus,985,0,0.0,4,2,3,2,4,5,3,3,5,5,5,3,5,5,Neutral or Dissatisfied
21130,Female,46,Returning,Personal,Economy,152,0,0.0,4,3,4,4,4,4,4,3,3,3,4,3,4,4,Neutral or Dissatisfied
26151,Male,25,Returning,Business,Business,1792,0,0.0,5,5,5,5,5,4,5,4,5,5,4,5,5,5,Satisfied
126547,Male,62,Returning,Personal,Economy,644,1,4.0,4,3,4,3,3,3,1,3,4,4,2,3,4,1,Neutral or Dissatisfied
53606,Male,25,Returning,Business,Business,1874,14,43.0,5,5,2,5,5,4,5,3,5,5,2,5,5,5,Satisfied
76910,Female,48,Returning,Business,Business,3114,0,0.0,5,5,3,5,5,4,4,4,5,4,4,5,4,4,Satisfied
128312,Male,42,Returning,Business,Business,2154,2,0.0,3,1,5,5,1,5,4,5,4,5,5,1,5,5,Satisfied
29734,Male,27,Returning,Personal,Economy,2552,2,0.0,4,3,3,3,1,2,5,2,5,5,5,3,5,5,Neutral or Dissatisfied
1579,Male,23,First-time,Business,Economy,237,24,29.0,3,2,4,2,4,4,4,2,4,4,4,2,4,3,Neutral or Dissatisfied
61508,Female,45,Returning,Personal,Economy,2288,0,0.0,4,2,4,4,4,3,3,2,2,3,3,2,3,3,Neutral or Dissatisfied
4202,Female,59,Returning,Business,Business,888,0,0.0,1,1,3,4,1,5,5,4,3,5,5,1,5,5,Satisfied
92117,Female,68,Returning,Personal,Economy,1535,0,13.0,1,3,1,2,3,2,3,3,1,1,2,3,2,2,Neutral or Dissatisfied
33940,Male,22,First-time,Business,Economy,1188,0,0.0,2,2,2,2,3,1,1,5,5,5,4,3,5,1,Neutral or Dissatisfied
24262,Male,70,Returning,Personal,Economy,302,0,0.0,4,2,3,2,3,1,5,4,5,5,4,5,5,3,Satisfied
35284,Female,27,Returning,Business,Business,1074,0,0.0,1,1,1,5,1,1,5,4,5,5,4,1,5,3,Satisfied
120887,Male,48,Returning,Business,Business,2915,0,0.0,4,4,5,4,4,4,5,5,5,3,4,4,4,4,Satisfied
86786,Female,55,Returning,Business,Business,2867,0,0.0,2,2,3,5,2,5,4,5,3,2,5,2,5,5,Satisfied
94232,Female,45,Returning,Business,Business,189,1,0.0,4,4,3,5,4,4,4,4,4,2,4,4,4,4,Satisfied
47952,Male,29,Returning,Personal,Economy,550,0,0.0,4,1,5,1,5,4,2,4,2,2,4,1,2,4,Neutral or Dissatisfied
61879,Female,27,Returning,Business,Business,2521,0,11.0,5,3,4,5,5,3,5,4,5,5,4,5,5,5,Satisfied
16405,Female,7,Returning,Personal,Economy,463,0,0.0,5,2,5,2,3,4,3,5,3,3,4,2,3,5,Neutral or Dissatisfied
119798,Female,56,Returning,Business,Business,912,6,12.0,5,5,3,4,5,4,5,4,4,2,4,5,4,4,Satisfied
83273,Female,27,Returning,Personal,Economy,1979,0,0.0,5,5,2,5,4,5,4,3,4,4,4,5,4,3,Satisfied
79371,Female,51,Returning,Business,Business,502,0,0.0,3,3,4,4,3,5,5,5,4,3,5,3,5,5,Satisfied
32095,Female,38,Returning,Business,Economy,163,0,0.0,5,5,4,5,5,3,5,5,5,5,2,5,5,2,Satisfied
57471,Male,50,Returning,Business,Business,3353,0,2.0,2,2,3,4,2,5,5,5,3,4,5,2,5,5,Satisfied
99491,Male,67,Returning,Personal,Economy,307,3,0.0,4,4,3,4,1,3,1,4,1,1,4,4,1,3,Neutral or Dissatisfied
84520,Male,41,Returning,Business,Business,2556,2,0.0,4,4,3,4,4,4,5,4,3,5,4,4,4,4,Satisfied
122345,Female,51,Returning,Business,Business,529,0,0.0,2,4,3,4,2,3,5,3,3,4,3,2,3,3,Satisfied
79659,Female,40,Returning,Business,Economy,349,0,1.0,4,4,3,1,4,3,1,5,1,1,3,1,1,3,Neutral or Dissatisfied
100610,Male,56,Returning,Business,Business,1670,0,0.0,1,1,5,4,1,4,4,4,3,2,4,1,4,4,Satisfied
67117,Female,19,Returning,Business,Economy,1121,3,0.0,2,2,1,2,2,2,3,4,2,2,3,2,2,3,Neutral or Dissatisfied
119568,Male,15,Returning,Business,Business,857,0,9.0,1,1,5,5,1,5,5,4,5,5,4,1,5,5,Satisfied
68450,Male,39,Returning,Business,Business,1303,0,0.0,3,2,4,4,3,4,5,4,5,2,4,3,4,4,Satisfied
79612,Female,53,Returning,Business,Economy,749,52,35.0,4,4,4,3,4,2,3,2,2,2,2,2,2,2,Neutral or Dissatisfied
37839,Female,23,First-time,Business,Economy,937,0,0.0,0,0,2,0,1,5,4,4,4,4,3,0,4,2,Satisfied
43737,Female,31,Returning,Personal,Business,626,0,0.0,5,3,5,3,4,3,2,3,2,2,5,3,2,5,Neutral or Dissatisfied
35751,Male,46,Returning,Business,Business,1608,0,0.0,1,1,5,4,1,5,5,5,3,2,5,1,5,5,Satisfied
97311,Male,32,First-time,Business,Business,872,7,10.0,4,4,5,4,1,4,5,4,4,4,4,4,4,5,Neutral or Dissatisfied
10871,Female,37,Returning,Business,Business,140,6,0.0,5,5,3,4,5,4,5,5,5,4,4,5,4,5,Satisfied
55284,Male,29,Returning,Business,Business,1608,11,0.0,4,4,3,4,4,3,4,4,4,4,4,4,4,4,Satisfied
60945,Male,53,Returning,Business,Business,888,33,45.0,5,5,4,4,5,1,3,1,3,3,1,1,1,1,Neutral or Dissatisfied
16875,Male,48,Returning,Business,Business,708,35,43.0,4,4,3,3,4,3,3,3,3,5,3,3,3,3,Neutral or Dissatisfied
9004,Female,48,Returning,Business,Business,1729,0,0.0,5,5,2,2,5,4,3,4,3,3,4,4,4,4,Neutral or Dissatisfied
83916,Male,42,Returning,Business,Economy Plus,752,46,47.0,1,1,4,2,1,3,2,4,2,2,2,2,2,1,Neutral or Dissatisfied
117198,Female,53,Returning,Personal,Economy,338,0,0.0,5,4,3,5,3,4,5,4,4,2,4,1,4,3,Neutral or Dissatisfied
60301,Male,50,Returning,Business,Business,2436,0,0.0,4,4,1,4,4,4,4,4,4,1,4,4,4,4,Neutral or Dissatisfied
76958,Female,14,First-time,Business,Economy,1990,0,0.0,2,2,1,2,3,2,2,2,2,2,4,2,2,2,Neutral or Dissatisfied
67344,Male,11,Returning,Personal,Economy,1471,0,0.0,4,4,5,4,4,4,5,4,5,5,4,4,5,3,Neutral or Dissatisfied
41527,Male,29,First-time,Business,Economy,1464,9,2.0,4,4,2,4,4,3,4,1,4,4,1,4,4,1,Neutral or Dissatisfied
104451,Male,47,Returning,Personal,Business,1015,24,39.0,2,1,4,3,2,3,3,1,4,1,3,1,3,3,Neutral or Dissatisfied
122786,Male,59,Returning,Business,Business,3770,0,0.0,5,5,4,5,5,4,5,4,3,5,4,5,4,4,Satisfied
1831,Female,70,Returning,Personal,Economy,408,0,0.0,5,5,5,4,5,3,4,5,3,2,3,3,3,3,Neutral or Dissatisfied
56045,Female,44,First-time,Business,Economy,2475,0,0.0,2,2,3,3,4,5,3,4,3,2,4,2,3,3,Neutral or Dissatisfied
22849,Male,54,Returning,Personal,Economy,302,41,30.0,4,3,4,3,3,3,1,5,1,1,4,3,1,4,Neutral or Dissatisfied
94610,Male,39,First-time,Business,Economy,239,4,0.0,2,1,1,1,4,2,4,4,4,4,3,1,4,3,Neutral or Dissatisfied
19048,Male,20,First-time,Business,Economy,304,91,119.0,2,3,4,3,3,2,2,3,2,2,2,3,2,3,Neutral or Dissatisfied
48398,Male,11,Returning,Personal,Economy,522,0,0.0,5,3,4,3,5,5,1,2,3,3,4,3,3,5,Neutral or Dissatisfied
52206,Female,34,First-time,Business,Economy,751,0,2.0,3,3,1,3,2,3,5,1,5,5,3,3,5,5,Neutral or Dissatisfied
108841,Female,49,Returning,Business,Business,2139,9,1.0,5,5,5,5,5,5,5,5,3,5,5,5,5,5,Satisfied
40650,Male,48,Returning,Business,Business,532,0,0.0,1,1,3,5,1,5,5,4,3,2,5,1,5,5,Satisfied
125984,Male,59,Returning,Personal,Business,507,14,37.0,1,3,4,4,4,3,4,3,2,1,3,3,3,3,Neutral or Dissatisfied
16619,Male,34,Returning,Personal,Economy,1008,0,0.0,1,4,4,4,2,3,4,3,4,4,2,4,4,2,Neutral or Dissatisfied
72983,Female,52,Returning,Business,Business,2607,0,0.0,4,4,3,5,4,4,4,4,3,4,4,4,4,4,Satisfied
114065,Female,40,Returning,Business,Business,1892,0,0.0,1,1,5,5,1,4,4,4,3,3,4,1,4,4,Satisfied
40795,Female,36,First-time,Business,Economy,588,0,0.0,0,3,1,3,4,4,3,4,3,3,3,3,3,3,Neutral or Dissatisfied
117943,Female,52,Returning,Business,Business,3011,0,0.0,5,5,5,4,5,5,4,5,4,4,5,5,5,5,Satisfied
77807,Female,53,Returning,Personal,Economy,689,0,0.0,4,2,2,4,3,3,3,2,3,2,3,2,3,3,Neutral or Dissatisfied
68459,Female,56,Returning,Business,Business,1067,1,16.0,1,2,5,5,1,5,4,4,5,5,5,1,5,5,Satisfied
41244,Female,18,Returning,Business,Business,643,0,8.0,5,5,1,4,5,1,4,2,4,4,3,5,4,3,Satisfied
62006,Male,47,Returning,Business,Business,2586,190,185.0,4,4,3,3,4,3,3,3,3,3,4,4,4,5,Satisfied
78275,Female,41,Returning,Business,Business,1598,0,0.0,1,1,5,3,1,5,5,5,4,4,5,1,5,5,Satisfied
19497,Female,35,Returning,Business,Economy,508,0,0.0,4,2,1,5,4,3,5,4,5,5,2,5,5,4,Satisfied
25984,Female,37,First-time,Business,Economy,577,0,28.0,3,4,3,4,2,5,5,5,5,5,5,4,5,1,Neutral or Dissatisfied
58375,Male,23,First-time,Business,Economy,733,0,0.0,3,3,5,3,5,3,3,4,1,1,4,4,1,5,Neutral or Dissatisfied
2367,Female,57,Returning,Personal,Economy,925,5,1.0,4,1,5,4,1,5,5,1,3,3,5,1,5,5,Neutral or Dissatisfied
8178,Male,42,Returning,Business,Business,125,192,185.0,1,1,1,1,1,4,1,2,1,1,2,1,4,3,Neutral or Dissatisfied
68518,Female,24,First-time,Business,Economy,678,74,147.0,3,3,5,5,2,5,5,3,5,3,3,3,2,2,Neutral or Dissatisfied
90441,Female,23,First-time,Business,Business,240,0,11.0,0,0,3,0,4,3,1,5,1,1,4,0,1,5,Satisfied
46612,Male,28,First-time,Business,Economy,152,8,0.0,1,1,4,1,3,1,4,4,4,4,2,1,4,3,Neutral or Dissatisfied
73163,Male,42,Returning,Business,Economy,1145,0,0.0,4,1,4,4,1,3,3,5,3,3,4,4,3,5,Satisfied
6916,Male,65,Returning,Personal,Economy,265,0,0.0,5,0,3,0,3,3,2,5,2,2,5,1,2,5,Neutral or Dissatisfied
100207,Female,26,First-time,Business,Economy,762,8,12.0,3,3,2,3,3,1,5,5,5,5,3,3,5,3,Neutral or Dissatisfied
9734,Male,26,Returning,Personal,Economy,926,138,144.0,5,2,5,5,1,5,5,4,5,2,3,2,4,4,Neutral or Dissatisfied
92740,Male,75,Returning,Business,Business,898,24,1.0,5,5,3,4,5,1,3,1,2,4,1,1,1,1,Neutral or Dissatisfied
2168,Female,55,Returning,Business,Business,3103,23,18.0,3,3,3,4,3,4,5,4,4,5,4,3,4,4,Satisfied
69151,Male,29,Returning,Business,Economy Plus,2248,12,25.0,5,5,2,2,5,3,2,2,2,2,1,2,3,3,Neutral or Dissatisfied
69621,Female,31,Returning,Personal,Economy Plus,2475,0,1.0,5,1,3,3,3,4,3,5,3,1,3,1,3,5,Neutral or Dissatisfied
50382,Male,32,Returning,Business,Business,1552,108,176.0,4,4,2,2,4,2,2,2,2,2,4,2,3,1,Neutral or Dissatisfied
127074,Female,36,First-time,Business,Economy,304,1,10.0,4,3,1,3,3,4,5,3,5,5,3,3,5,3,Neutral or Dissatisfied
26712,Female,8,Returning,Personal,Economy,581,0,10.0,5,3,5,3,4,5,4,5,4,4,5,2,4,5,Neutral or Dissatisfied
37980,Female,51,Returning,Personal,Business,1185,19,3.0,5,2,5,5,1,4,5,2,4,2,4,2,4,4,Neutral or Dissatisfied
91946,Female,22,Returning,Personal,Economy,2475,0,0.0,4,0,1,0,3,4,4,2,4,4,3,1,4,4,Neutral or Dissatisfied
7837,Female,45,Returning,Personal,Economy Plus,710,0,0.0,5,1,4,4,4,3,5,1,3,2,3,1,3,3,Neutral or Dissatisfied
54832,Female,48,Returning,Business,Economy,862,10,15.0,3,3,3,2,3,3,2,3,3,2,3,3,3,3,Neutral or Dissatisfied
5121,Female,38,Returning,Business,Business,3055,0,70.0,1,4,5,5,1,5,5,5,3,4,5,1,5,5,Satisfied
15489,Male,59,Returning,Personal,Economy,306,0,0.0,2,2,2,2,3,1,5,2,5,5,4,2,5,4,Neutral or Dissatisfied
41283,Male,41,Returning,Personal,Economy,788,7,2.0,4,2,4,2,5,5,2,3,2,2,4,2,2,4,Neutral or Dissatisfied
60059,Male,41,Returning,Personal,Economy Plus,997,5,0.0,5,2,5,2,4,5,1,4,1,1,5,2,1,4,Neutral or Dissatisfied
46404,Female,36,Returning,Business,Business,1757,59,52.0,2,2,4,3,2,2,4,2,2,3,2,2,2,2,Neutral or Dissatisfied
39048,Male,24,First-time,Business,Economy Plus,313,0,3.0,0,5,4,5,2,4,3,3,2,2,3,4,2,1,Satisfied
72371,Male,47,Returning,Business,Business,985,0,0.0,1,1,4,4,1,5,4,5,5,2,5,1,5,5,Satisfied
119501,Male,60,Returning,Business,Business,759,0,0.0,2,2,5,5,2,2,4,2,5,3,2,2,2,2,Satisfied
34951,Male,26,Returning,Personal,Economy,187,0,0.0,4,2,4,2,3,5,1,3,1,1,4,2,1,3,Neutral or Dissatisfied
91879,Female,42,Returning,Personal,Business,2475,11,0.0,1,5,3,1,1,2,1,5,1,2,2,5,2,2,Satisfied
68361,Male,47,Returning,Business,Business,2072,0,1.0,4,4,4,5,4,5,5,4,3,3,5,4,5,5,Satisfied
84674,Male,27,Returning,Business,Business,2182,9,4.0,3,3,5,4,3,3,4,3,4,4,4,3,4,4,Satisfied
33811,Male,24,Returning,Business,Economy,1521,14,0.0,2,2,3,5,2,1,5,1,5,5,2,5,5,5,Satisfied
47290,Female,38,Returning,Business,Economy,584,0,0.0,1,1,4,3,1,1,2,1,2,2,3,2,2,3,Neutral or Dissatisfied
40590,Male,49,Returning,Business,Economy,391,0,3.0,3,3,4,4,3,4,4,5,4,4,3,4,4,4,Neutral or Dissatisfied
54185,Male,36,Returning,Business,Business,3613,0,0.0,5,5,1,4,5,3,4,5,5,4,3,5,3,3,Satisfied
53990,Female,53,Returning,Business,Business,1825,0,0.0,5,5,3,3,5,1,2,2,4,3,1,1,1,1,Neutral or Dissatisfied
83565,Female,52,Returning,Business,Business,936,0,0.0,4,4,3,5,4,4,4,4,4,4,4,4,4,4,Satisfied
41454,Male,42,Returning,Business,Business,2824,0,8.0,1,1,3,5,1,5,4,5,5,4,5,1,5,5,Satisfied
36689,Female,65,Returning,Personal,Economy,1121,6,4.0,5,2,3,4,4,4,4,2,3,5,4,2,4,1,Neutral or Dissatisfied
25169,Male,44,First-time,Business,Economy,369,0,0.0,0,3,1,3,2,1,4,1,4,4,5,3,4,1,Neutral or Dissatisfied
102932,Female,52,Returning,Personal,Economy,436,8,6.0,4,1,3,4,1,5,5,1,3,5,5,1,5,5,Neutral or Dissatisfied
46167,Male,17,Returning,Personal,Economy,604,0,0.0,5,0,3,0,2,4,3,5,3,3,4,0,3,4,Satisfied
116850,Female,52,Returning,Business,Business,1778,25,26.0,2,2,5,5,2,5,4,5,3,2,5,2,5,5,Satisfied
128952,Male,40,First-time,Business,Business,236,0,5.0,5,5,5,5,2,4,4,4,4,4,5,5,4,4,Satisfied
56743,Female,65,Returning,Personal,Economy,1065,0,3.0,5,2,3,4,4,5,5,2,4,2,5,3,5,5,Neutral or Dissatisfied
121603,Male,18,Returning,Personal,Economy,936,0,0.0,5,3,4,3,3,3,5,3,5,5,4,3,5,5,Neutral or Dissatisfied
37803,Female,68,Returning,Personal,Economy Plus,950,28,22.0,1,2,2,1,1,3,1,2,3,3,3,2,3,5,Neutral or Dissatisfied
98235,Male,22,First-time,Business,Economy,1136,2,0.0,3,3,3,3,4,4,4,5,4,4,5,3,4,4,Neutral or Dissatisfied
129810,Male,9,Returning,Personal,Economy,337,0,0.0,4,2,3,2,3,5,1,5,1,1,4,2,1,5,Neutral or Dissatisfied
31395,Female,55,Returning,Business,Economy,1199,0,0.0,2,2,1,1,2,4,5,4,3,2,4,4,4,4,Satisfied
102719,Male,29,Returning,Personal,Economy,255,0,0.0,4,2,2,2,4,3,4,3,4,4,4,2,4,3,Neutral or Dissatisfied
112487,Male,61,Returning,Personal,Economy,948,1,0.0,0,0,4,0,1,4,2,4,2,2,5,0,2,5,Satisfied
123726,Female,31,Returning,Business,Business,214,0,3.0,5,5,3,5,5,5,5,5,5,5,5,5,5,5,Satisfied
43658,Male,59,Returning,Business,Economy,695,0,4.0,4,4,3,5,4,3,5,4,5,5,3,5,5,3,Satisfied
119794,Male,41,Returning,Business,Business,1605,0,0.0,5,5,4,4,5,5,5,4,3,5,5,5,5,5,Satisfied
86190,Female,59,First-time,Business,Business,226,0,0.0,3,3,4,3,3,3,3,4,5,5,4,3,5,4,Neutral or Dissatisfied
9828,Male,54,Returning,Business,Business,1523,20,21.0,2,2,3,4,2,5,5,5,3,5,5,2,5,5,Satisfied
115344,Female,39,Returning,Business,Business,325,0,0.0,2,4,3,5,4,4,5,4,3,5,4,4,4,4,Satisfied
79168,Female,31,Returning,Personal,Business,2422,3,0.0,5,2,5,5,3,2,5,5,5,2,4,2,3,4,Neutral or Dissatisfied
76719,Male,38,Returning,Business,Business,534,0,21.0,1,1,5,5,1,4,4,4,5,5,4,1,4,4,Satisfied
75874,Female,28,First-time,Business,Economy,1972,0,0.0,5,5,3,4,4,3,4,2,4,4,3,4,4,2,Neutral or Dissatisfied
42390,Female,56,Returning,Business,Economy Plus,451,0,0.0,4,4,4,3,4,5,4,5,1,3,5,5,5,5,Satisfied
21673,Female,22,First-time,Business,Economy,746,26,3.0,0,0,2,0,3,2,3,3,3,3,2,0,3,5,Satisfied
19100,Female,60,Returning,Business,Economy,265,0,0.0,1,4,1,2,1,3,1,4,2,5,3,4,3,3,Satisfied
2427,Female,42,Returning,Personal,Economy,604,27,34.0,4,3,2,5,5,3,4,3,3,3,3,3,3,3,Neutral or Dissatisfied
111743,Male,12,First-time,Business,Economy,1154,5,18.0,3,3,2,3,3,4,1,4,1,1,4,3,1,3,Neutral or Dissatisfied
62422,Male,40,Returning,Business,Business,2329,0,0.0,2,2,4,3,2,5,4,5,4,5,5,2,5,5,Satisfied
13187,Female,34,Returning,Business,Business,419,0,0.0,4,4,5,4,4,4,2,4,3,4,4,4,4,4,Satisfied
75351,Male,7,Returning,Personal,Economy,2556,7,0.0,5,4,3,4,4,3,3,4,3,4,5,4,5,5,Satisfied
9377,Female,13,Returning,Personal,Economy,401,0,11.0,5,2,5,2,1,4,5,4,5,5,5,2,5,4,Neutral or Dissatisfied
3081,Female,46,Returning,Business,Economy,678,0,0.0,2,2,3,4,2,2,4,2,1,1,2,2,2,2,Neutral or Dissatisfied
22112,Male,36,Returning,Business,Economy,694,0,0.0,4,4,4,4,4,4,4,2,4,4,5,4,4,4,Satisfied
124271,Male,41,Returning,Business,Business,3847,0,0.0,5,5,5,5,5,2,4,2,4,4,2,5,2,2,Satisfied
323,Male,59,Returning,Business,Business,3674,0,0.0,2,2,3,5,2,4,5,4,4,2,4,2,4,4,Satisfied
87293,Male,12,Returning,Personal,Economy,577,13,1.0,2,5,1,5,4,3,2,2,2,2,4,5,2,4,Satisfied
63379,Male,57,Returning,Personal,Economy,337,8,0.0,1,4,1,4,1,4,2,3,2,2,2,4,2,1,Neutral or Dissatisfied
73700,Male,43,Returning,Business,Business,204,0,0.0,5,5,5,4,5,4,4,4,5,2,4,5,4,4,Satisfied
44478,Male,36,Returning,Business,Business,589,25,13.0,3,3,2,3,3,5,1,5,1,1,5,3,5,5,Satisfied
184,Male,44,Returning,Business,Business,2497,0,0.0,4,0,3,5,2,1,4,1,5,4,1,0,1,1,Satisfied
6693,Female,54,Returning,Business,Business,315,0,0.0,2,2,3,5,2,5,5,5,5,4,5,2,5,5,Satisfied
33025,Female,69,Returning,Personal,Economy,102,0,0.0,3,3,4,4,1,5,3,3,4,5,5,3,5,5,Neutral or Dissatisfied
121298,Female,42,Returning,Business,Business,1009,0,0.0,1,1,5,5,1,5,5,5,3,2,5,1,5,5,Satisfied
6255,Male,10,Returning,Personal,Economy,413,0,0.0,4,2,3,2,3,3,2,3,2,2,5,2,2,5,Neutral or Dissatisfied
63505,Male,27,Returning,Personal,Economy,1956,0,0.0,1,1,1,1,4,2,1,1,1,1,4,1,1,4,Neutral or Dissatisfied
127524,Female,51,Returning,Business,Business,3016,0,0.0,4,4,5,4,4,5,4,5,5,3,5,4,5,5,Satisfied
23960,Male,25,Returning,Business,Business,2814,0,0.0,3,3,2,4,3,2,4,1,4,4,3,3,4,2,Satisfied
15260,Female,11,First-time,Business,Economy,529,15,15.0,3,4,4,4,4,4,4,5,4,4,4,4,4,4,Neutral or Dissatisfied
126575,Male,13,Returning,Personal,Economy,1558,0,0.0,4,4,1,4,3,1,3,2,3,3,3,4,3,2,Satisfied
102569,Female,72,Returning,Business,Economy Plus,223,16,9.0,1,1,2,4,1,2,4,2,2,3,2,2,2,2,Neutral or Dissatisfied
40372,Female,25,First-time,Business,Economy,1250,0,6.0,2,2,2,2,2,5,5,1,5,5,5,2,5,4,Neutral or Dissatisfied
23980,Female,47,Returning,Business,Business,2309,0,0.0,4,2,4,4,4,4,4,4,3,5,4,4,4,4,Satisfied
92600,Male,35,Returning,Business,Business,2218,0,8.0,5,5,4,1,5,2,2,2,4,1,2,2,2,2,Neutral or Dissatisfied
32059,Female,61,Returning,Business,Business,163,0,0.0,1,5,1,2,5,4,3,4,3,1,4,5,4,4,Satisfied
102365,Female,53,Returning,Business,Business,2859,0,0.0,5,5,4,5,5,4,5,4,5,4,4,5,4,4,Satisfied
101598,Female,58,Returning,Business,Business,1371,11,0.0,1,1,4,5,1,4,5,4,4,2,4,1,4,4,Satisfied
35026,Male,48,Returning,Business,Economy Plus,740,125,136.0,2,2,4,4,2,1,4,5,4,4,4,4,2,5,Satisfied
86514,Female,44,Returning,Personal,Economy,762,21,25.0,5,3,5,5,2,5,5,3,3,5,5,3,5,5,Neutral or Dissatisfied
81945,Female,27,Returning,Business,Business,1535,0,10.0,3,3,3,4,3,3,4,2,4,4,5,3,4,4,Satisfied
10028,Female,42,Returning,Business,Business,2996,6,14.0,3,3,4,4,3,4,4,4,5,2,4,3,4,4,Satisfied
39376,Female,26,Returning,Business,Business,1700,0,0.0,1,1,3,3,1,3,3,5,3,3,5,1,3,2,Satisfied
56174,Male,56,Returning,Business,Economy,1000,88,125.0,1,1,4,1,1,1,1,1,1,1,4,1,1,4,Neutral or Dissatisfied
128249,Male,51,Returning,Business,Business,370,2,0.0,5,3,4,4,5,4,4,4,5,3,4,5,4,4,Satisfied
290,Male,39,First-time,Business,Business,1250,0,0.0,1,1,4,1,2,4,1,5,1,1,4,1,1,4,Neutral or Dissatisfied
100448,Female,14,Returning,Personal,Economy,1180,0,5.0,4,1,3,1,3,4,1,4,1,1,5,1,1,5,Neutral or Dissatisfied
121632,Female,39,First-time,Business,Business,936,0,1.0,2,2,3,2,1,4,4,3,5,5,5,2,5,4,Neutral or Dissatisfied
96642,Male,48,Returning,Business,Economy,972,0,0.0,3,3,1,2,3,1,2,4,2,2,3,2,2,3,Neutral or Dissatisfied
81224,Female,64,Returning,Personal,Economy,1426,48,75.0,1,1,2,2,3,4,2,1,2,3,4,1,4,4,Neutral or Dissatisfied
18674,Male,30,Returning,Personal,Economy,201,27,25.0,1,3,1,3,4,3,2,1,2,2,3,3,2,4,Neutral or Dissatisfied
115630,Male,68,Returning,Business,Business,446,0,0.0,2,2,3,3,2,4,4,4,1,2,4,4,4,4,Neutral or Dissatisfied
16738,Female,46,Returning,Personal,Economy,1167,6,27.0,5,3,1,4,2,5,1,3,4,5,5,3,5,5,Neutral or Dissatisfied
108558,Female,29,Returning,Business,Business,735,18,10.0,4,3,5,4,3,3,4,5,4,4,5,3,4,4,Satisfied
85006,Male,45,Returning,Business,Business,1590,0,8.0,2,2,5,4,2,5,4,5,5,5,5,2,5,5,Satisfied
29729,Male,63,First-time,Business,Economy Plus,1297,0,19.0,4,4,2,2,2,1,2,4,2,4,4,4,1,4,Satisfied
100125,Male,57,Returning,Business,Business,1763,0,0.0,1,1,5,5,1,3,4,3,3,3,3,1,3,3,Satisfied
87823,Male,39,First-time,Business,Business,214,5,0.0,5,5,1,5,5,5,1,1,1,1,3,5,1,5,Satisfied
46227,Male,45,First-time,Business,Economy,679,0,0.0,3,3,3,3,4,1,3,2,4,4,3,2,4,4,Neutral or Dissatisfied
57493,Male,42,Returning,Business,Business,1868,7,0.0,2,2,3,4,2,4,4,4,5,4,4,2,4,4,Satisfied
66077,Male,27,Returning,Personal,Economy,1055,0,0.0,5,1,4,1,3,5,1,5,1,1,5,2,1,4,Neutral or Dissatisfied
14491,Male,49,Returning,Personal,Economy,541,0,0.0,5,1,3,1,1,5,4,2,4,4,5,1,4,5,Neutral or Dissatisfied
22503,Male,36,Returning,Personal,Economy,143,0,0.0,3,0,3,0,3,1,2,5,2,2,1,3,2,4,Neutral or Dissatisfied
91306,Male,71,Returning,Business,Economy Plus,366,0,0.0,4,4,4,4,4,4,4,2,4,4,4,4,4,4,Neutral or Dissatisfied
5349,Female,29,First-time,Business,Business,812,0,0.0,1,1,3,1,2,3,4,5,4,4,4,1,4,5,Neutral or Dissatisfied
64908,Male,34,Returning,Business,Economy,190,0,0.0,3,2,2,2,3,3,2,2,2,2,3,2,2,3,Neutral or Dissatisfied
71190,Male,23,Returning,Business,Business,1914,0,0.0,1,1,3,4,1,3,4,3,4,4,5,1,4,4,Satisfied
26695,Female,69,Returning,Personal,Economy,404,9,0.0,5,4,3,5,2,3,4,4,4,4,3,2,3,3,Neutral or Dissatisfied
25914,Male,36,First-time,Business,Economy,594,0,0.0,5,3,4,3,4,4,5,4,5,5,4,3,5,2,Neutral or Dissatisfied
51079,Female,28,Returning,Personal,Economy,308,8,4.0,5,4,5,4,5,4,2,2,5,5,4,4,5,4,Neutral or Dissatisfied
25230,Male,40,Returning,Business,Economy,387,22,17.0,4,4,2,3,4,1,3,3,3,3,3,3,3,4,Neutral or Dissatisfied
8801,Female,37,Returning,Business,Business,1941,0,0.0,4,4,4,3,4,3,4,3,3,1,3,3,3,3,Neutral or Dissatisfied
8281,Male,56,Returning,Personal,Economy,335,0,0.0,4,3,4,3,1,2,1,1,1,1,1,2,1,2,Neutral or Dissatisfied
34026,Male,18,Returning,Personal,Economy,1576,0,2.0,5,3,4,3,1,3,4,5,5,5,4,3,5,4,Neutral or Dissatisfied
63586,Male,36,Returning,Business,Business,2133,68,57.0,1,1,2,1,1,3,2,3,1,1,3,3,3,3,Neutral or Dissatisfied
84396,Female,54,Returning,Business,Business,2460,0,0.0,5,4,2,3,5,1,4,1,1,3,1,1,1,1,Neutral or Dissatisfied
83290,Female,57,Returning,Personal,Economy,2079,0,32.0,3,3,2,3,3,5,3,3,2,4,5,3,5,5,Neutral or Dissatisfied
123077,Female,38,First-time,Business,Business,590,0,0.0,5,5,3,5,3,4,5,4,5,5,5,5,5,5,Satisfied
35427,Female,55,Returning,Personal,Economy,944,68,80.0,2,0,1,4,4,3,3,0,3,2,3,0,3,3,Satisfied
37934,Female,12,Returning,Personal,Economy,937,30,46.0,1,2,1,2,3,4,2,4,2,2,3,2,2,4,Neutral or Dissatisfied
76809,Female,27,Returning,Personal,Economy,689,111,110.0,5,2,3,2,2,4,2,5,2,2,4,2,2,4,Neutral or Dissatisfied
59204,Male,54,Returning,Business,Business,1440,43,55.0,5,5,4,3,5,3,3,3,2,5,3,3,3,3,Neutral or Dissatisfied
101670,Male,26,Returning,Personal,Economy,2106,101,94.0,2,3,1,3,4,1,3,3,3,3,3,3,3,3,Neutral or Dissatisfied
50388,Female,40,First-time,Business,Business,308,0,0.0,5,5,3,5,3,4,2,5,2,2,3,4,2,3,Neutral or Dissatisfied
84515,Female,54,Returning,Business,Business,2504,159,140.0,1,1,4,4,1,4,4,4,4,4,5,1,3,4,Satisfied
27073,Female,29,Returning,Business,Economy Plus,1399,0,0.0,4,4,1,5,4,5,5,4,5,5,3,5,5,1,Satisfied
73043,Male,30,Returning,Personal,Economy,1096,0,0.0,4,2,3,2,4,3,5,1,5,5,3,2,5,3,Neutral or Dissatisfied
42414,Male,60,Returning,Business,Economy Plus,329,0,0.0,1,1,1,1,1,3,1,5,1,1,4,1,1,4,Neutral or Dissatisfied
89408,Female,17,Returning,Business,Business,151,11,6.0,2,2,1,4,2,2,2,2,4,4,3,2,4,3,Neutral or Dissatisfied
39621,Male,57,Returning,Personal,Economy,908,0,0.0,5,2,1,2,3,4,4,5,4,4,3,2,4,1,Neutral or Dissatisfied
78057,Female,62,Returning,Personal,Economy,214,0,16.0,3,2,3,3,4,5,3,2,2,1,5,2,5,5,Neutral or Dissatisfied
51995,Male,15,First-time,Business,Economy,1119,0,0.0,1,1,5,1,3,2,2,4,2,2,3,1,2,5,Neutral or Dissatisfied
61635,Female,44,Returning,Business,Business,1379,4,0.0,5,5,4,5,5,3,4,2,5,3,3,5,3,3,Satisfied
46981,Female,61,Returning,Personal,Economy,737,60,69.0,1,2,4,3,2,1,3,2,1,2,1,2,1,5,Neutral or Dissatisfied
44293,Female,43,Returning,Business,Economy,563,0,0.0,4,4,5,5,4,4,5,4,5,3,4,4,4,4,Satisfied
114218,Female,31,Returning,Business,Business,3189,16,11.0,5,5,1,3,5,1,3,5,3,3,4,3,3,4,Neutral or Dissatisfied
113048,Female,23,First-time,Business,Economy,543,11,8.0,0,1,4,1,4,4,1,5,1,1,4,1,1,5,Neutral or Dissatisfied
128237,Male,36,Returning,Personal,Economy,602,2,2.0,4,3,4,3,2,4,1,5,1,1,5,3,1,4,Neutral or Dissatisfied
63048,Male,65,Returning,Personal,Economy,948,0,0.0,1,4,1,4,3,2,2,3,2,2,3,3,2,3,Neutral or Dissatisfied
99346,Male,40,Returning,Business,Economy,1771,0,17.0,3,3,2,4,3,3,4,4,4,4,3,4,4,4,Neutral or Dissatisfied
87216,Female,20,Returning,Personal,Economy,946,0,0.0,2,3,1,3,3,3,4,2,4,4,3,3,4,3,Neutral or Dissatisfied
74465,Male,43,Returning,Business,Business,1464,1,0.0,5,4,4,4,5,2,5,2,3,2,2,5,2,2,Satisfied
66246,Male,38,Returning,Personal,Economy,460,17,18.0,3,3,3,3,2,1,5,2,5,5,2,2,5,4,Neutral or Dissatisfied
7479,Female,25,First-time,Business,Business,925,0,0.0,3,5,4,5,1,3,2,4,2,2,5,5,2,5,Satisfied
124158,Female,44,Returning,Business,Business,2133,0,0.0,3,3,3,4,3,5,5,5,4,3,5,3,5,5,Satisfied
56962,Female,26,First-time,Business,Economy,2454,3,0.0,2,2,4,2,2,3,5,4,5,5,1,2,5,1,Neutral or Dissatisfied
55369,Male,48,Returning,Business,Business,2930,0,3.0,5,5,5,4,5,4,4,4,3,2,4,5,4,4,Satisfied
91493,Male,36,First-time,Business,Business,391,8,4.0,4,4,3,4,2,3,3,3,3,3,4,4,3,4,Neutral or Dissatisfied
11444,Female,46,Returning,Business,Economy Plus,140,0,0.0,1,1,3,3,1,2,3,2,3,2,2,2,2,2,Neutral or Dissatisfied
14557,Female,35,Returning,Business,Economy Plus,288,0,0.0,3,4,3,3,3,1,3,3,3,3,3,3,3,4,Neutral or Dissatisfied
31852,Female,73,Returning,Business,Economy,1140,0,0.0,4,4,5,2,4,5,3,5,2,4,5,5,5,5,Satisfied
12423,Female,57,Returning,Personal,Economy,190,27,25.0,5,0,5,4,1,5,4,0,3,3,5,4,5,5,Neutral or Dissatisfied
105527,Female,24,First-time,Business,Business,611,2,7.0,2,0,2,0,3,1,5,3,5,5,4,1,5,4,Neutral or Dissatisfied
124141,Female,55,Returning,Personal,Economy,529,0,0.0,5,2,4,5,3,4,4,2,3,5,4,2,4,4,Neutral or Dissatisfied
19700,Female,25,First-time,Business,Economy,409,108,98.0,4,2,1,2,2,2,1,3,1,1,5,2,1,4,Neutral or Dissatisfied
62454,Female,47,Returning,Business,Business,1846,0,7.0,1,2,3,3,1,4,5,4,4,2,4,1,4,4,Satisfied
106938,Female,47,Returning,Personal,Business,937,32,19.0,4,2,4,2,2,3,5,2,3,3,3,2,3,3,Neutral or Dissatisfied
17150,Male,68,Returning,Personal,Economy,926,0,0.0,5,3,3,3,1,5,1,2,1,1,5,3,1,5,Neutral or Dissatisfied
18210,Male,25,First-time,Business,Economy,137,6,46.0,0,2,4,2,2,5,4,5,1,1,5,2,1,3,Neutral or Dissatisfied
37523,Female,35,Returning,Business,Economy,1076,0,0.0,5,5,1,2,5,3,2,3,2,2,3,2,2,2,Neutral or Dissatisfied
69303,Male,26,First-time,Business,Business,944,0,26.0,5,5,4,5,5,5,3,3,4,4,5,5,4,5,Satisfied
35330,Male,45,First-time,Business,Economy,1041,2,0.0,4,4,4,4,4,3,5,1,5,5,4,4,5,3,Neutral or Dissatisfied
19300,Female,15,First-time,Business,Economy,299,4,10.0,2,3,4,3,3,3,5,1,1,1,3,3,1,3,Neutral or Dissatisfied
11746,Female,26,First-time,Business,Economy,429,0,0.0,3,3,3,3,3,3,5,4,5,5,4,3,5,3,Neutral or Dissatisfied
34351,Male,48,Returning,Business,Business,2381,0,0.0,4,2,1,3,4,4,3,4,1,1,4,4,4,4,Satisfied
27558,Male,37,Returning,Personal,Economy,954,0,25.0,3,4,1,4,4,4,2,5,2,2,3,3,2,3,Neutral or Dissatisfied
87670,Female,38,Returning,Business,Business,3445,0,0.0,1,1,1,2,1,2,2,2,2,1,2,2,2,2,Neutral or Dissatisfied
45130,Male,28,Returning,Business,Business,3314,0,0.0,2,2,3,5,2,5,5,5,5,5,5,2,5,5,Satisfied
17655,Male,43,First-time,Business,Economy,1008,0,13.0,1,1,3,1,4,1,4,1,3,3,5,1,3,4,Neutral or Dissatisfied
7485,Male,52,Returning,Business,Business,925,0,0.0,5,5,4,4,5,5,4,5,3,3,5,5,5,5,Satisfied
92431,Female,24,Returning,Business,Business,2092,37,36.0,3,3,4,5,3,3,5,4,5,5,5,3,5,5,Satisfied
22934,Male,51,Returning,Business,Economy,489,15,10.0,5,5,5,4,5,5,4,1,4,4,4,4,4,5,Satisfied
10604,Female,41,Returning,Business,Economy,158,0,0.0,5,5,2,1,5,2,1,4,1,1,3,1,1,3,Neutral or Dissatisfied
108419,Female,45,Returning,Business,Business,1444,0,0.0,4,3,5,5,4,4,5,5,4,2,4,4,4,4,Satisfied
114743,Male,23,First-time,Business,Business,480,0,6.0,3,5,5,5,3,4,1,2,1,1,5,4,1,4,Satisfied
54158,Female,37,Returning,Business,Business,1400,0,0.0,4,5,1,5,4,5,1,5,3,1,5,4,5,5,Satisfied
23926,Male,37,Returning,Personal,Economy,589,0,0.0,4,2,3,2,4,1,4,4,4,4,2,2,4,4,Neutral or Dissatisfied
83345,Male,11,Returning,Personal,Economy,187,0,0.0,5,1,5,1,5,4,4,2,4,4,4,1,4,4,Neutral or Dissatisfied
98898,Female,59,Returning,Business,Business,169,169,153.0,1,1,1,3,1,1,1,3,1,1,3,3,3,3,Neutral or Dissatisfied
112690,Male,55,Returning,Business,Business,1557,0,0.0,1,1,4,5,1,2,5,2,4,5,2,1,2,2,Satisfied
12354,Female,15,First-time,Business,Economy,192,9,1.0,2,4,1,4,3,4,3,2,3,3,4,4,3,3,Neutral or Dissatisfied
60757,Female,29,Returning,Business,Business,804,97,84.0,2,2,5,4,2,5,4,3,4,4,4,2,4,4,Satisfied
41806,Female,36,First-time,Business,Economy,196,12,4.0,4,1,1,1,4,1,4,3,3,3,5,1,3,2,Neutral or Dissatisfied
4342,Female,41,Returning,Personal,Business,607,0,0.0,5,5,4,4,2,2,4,5,5,4,2,5,2,4,Satisfied
28679,Female,57,Returning,Business,Business,2797,0,0.0,1,1,5,5,1,5,5,4,5,5,1,1,2,4,Satisfied
84350,Female,40,Returning,Business,Economy,606,108,105.0,5,1,2,4,5,2,4,1,4,4,3,4,4,4,Neutral or Dissatisfied
112942,Female,22,Returning,Personal,Economy,1390,0,0.0,4,2,3,2,2,4,1,2,1,1,5,1,1,1,Neutral or Dissatisfied
61869,Female,60,Returning,Business,Business,2521,0,0.0,3,3,5,3,3,5,5,5,5,5,5,3,5,5,Satisfied
53981,Male,35,Returning,Business,Economy Plus,1117,6,0.0,4,4,3,4,4,3,4,2,4,4,2,4,4,5,Satisfied
59007,Female,59,Returning,Business,Business,1744,0,0.0,5,5,3,4,5,4,5,4,3,3,4,5,4,4,Satisfied
84912,Female,18,Returning,Personal,Economy,534,0,0.0,4,3,5,3,1,5,4,5,4,4,5,3,4,4,Neutral or Dissatisfied
84288,Female,42,Returning,Personal,Economy Plus,334,59,37.0,3,4,2,1,4,5,5,4,5,1,5,1,5,3,Neutral or Dissatisfied
68810,Female,19,Returning,Personal,Economy,861,26,18.0,4,2,5,2,2,4,2,5,1,1,4,2,1,4,Neutral or Dissatisfied
128104,Female,12,Returning,Personal,Business,1587,3,0.0,4,3,5,3,4,3,1,5,1,1,5,3,1,3,Neutral or Dissatisfied
45151,Female,32,Returning,Business,Economy,174,0,0.0,4,5,2,5,4,1,5,1,5,5,2,5,5,2,Satisfied
126372,Female,29,Returning,Personal,Economy,600,40,23.0,4,3,4,3,4,3,3,3,3,3,5,2,3,4,Neutral or Dissatisfied
40914,Male,45,Returning,Personal,Economy,574,0,0.0,5,2,3,2,4,3,2,3,2,2,5,3,2,4,Neutral or Dissatisfied
14741,Male,48,Returning,Business,Economy,463,0,0.0,1,1,5,4,1,3,4,4,4,4,5,4,4,2,Satisfied
39900,Female,36,First-time,Business,Economy Plus,221,0,0.0,3,3,5,3,3,1,3,5,3,3,3,3,3,1,Neutral or Dissatisfied
39579,Female,45,Returning,Business,Business,3590,0,7.0,3,2,1,3,2,1,4,1,2,1,1,1,1,1,Neutral or Dissatisfied
35505,Male,41,Returning,Personal,Economy,1144,0,0.0,2,2,4,2,4,2,5,4,5,5,4,2,5,4,Neutral or Dissatisfied
3177,Male,36,Returning,Business,Business,2354,407,409.0,5,5,4,4,5,2,4,4,4,4,5,5,5,4,Satisfied
22043,Male,57,Returning,Business,Economy Plus,448,11,10.0,5,5,2,1,5,1,1,2,1,1,2,1,1,3,Neutral or Dissatisfied
31914,Female,53,Returning,Business,Business,163,0,0.0,1,1,3,4,1,4,4,4,3,4,4,1,4,5,Satisfied
104387,Female,55,Returning,Business,Economy Plus,228,61,72.0,3,2,3,3,3,4,4,3,2,5,4,3,4,4,Neutral or Dissatisfied
18258,Female,51,Returning,Personal,Economy,228,0,0.0,4,0,5,5,4,3,4,0,5,5,3,2,3,3,Neutral or Dissatisfied
126005,Female,39,First-time,Business,Business,590,0,0.0,3,3,3,3,3,4,3,4,3,3,5,4,3,4,Satisfied
14105,Female,23,Returning,Personal,Economy,425,57,49.0,0,5,4,5,3,3,5,2,5,5,5,2,5,5,Neutral or Dissatisfied
42769,Male,43,Returning,Business,Business,493,0,0.0,1,1,2,5,1,5,1,5,5,4,5,1,5,5,Satisfied
119338,Female,8,Returning,Personal,Economy,214,0,0.0,0,3,3,3,3,4,2,4,2,2,3,3,2,4,Neutral or Dissatisfied
91635,Female,43,Returning,Business,Business,799,0,0.0,2,5,3,5,2,5,1,5,2,3,5,2,5,5,Satisfied
89826,Male,20,Returning,Personal,Economy Plus,950,0,0.0,2,3,3,3,3,3,4,3,4,4,3,4,4,3,Neutral or Dissatisfied
23910,Female,44,Returning,Business,Economy,189,0,0.0,3,3,1,5,3,5,1,5,2,4,5,5,5,5,Satisfied
33267,Male,48,Returning,Personal,Economy Plus,101,16,16.0,5,2,4,2,2,5,2,4,5,5,5,2,5,5,Neutral or Dissatisfied
13787,Male,52,Returning,Personal,Economy,878,0,0.0,3,2,2,2,2,1,1,1,5,5,3,2,5,1,Neutral or Dissatisfied
117642,Female,32,Returning,Personal,Economy,1020,0,0.0,2,2,2,2,3,2,2,3,2,2,3,2,2,2,Neutral or Dissatisfied
6777,Male,55,Returning,Business,Business,235,0,0.0,1,1,4,5,1,5,4,5,4,3,5,1,5,5,Satisfied
113174,Female,27,Returning,Personal,Economy,628,11,1.0,4,2,5,2,1,4,2,5,2,2,5,2,2,4,Neutral or Dissatisfied
50680,Male,40,Returning,Personal,Economy,158,1,0.0,5,0,3,0,3,5,3,2,3,3,4,3,3,5,Neutral or Dissatisfied
106347,Male,60,Returning,Personal,Business,551,0,0.0,1,3,3,2,2,1,3,3,2,2,1,3,1,1,Neutral or Dissatisfied
116561,Female,11,Returning,Personal,Economy,358,0,0.0,5,3,5,3,2,3,1,3,1,1,5,3,1,5,Neutral or Dissatisfied
56010,Female,56,Returning,Business,Business,2475,1,10.0,4,4,5,5,4,3,5,4,5,5,3,4,3,4,Satisfied
62478,Male,48,Returning,Business,Business,1744,0,0.0,2,2,4,5,2,5,5,5,3,4,5,2,5,5,Satisfied
22208,Male,20,Returning,Personal,Economy,633,0,0.0,2,4,4,4,4,1,3,1,3,3,3,4,3,3,Neutral or Dissatisfied
892,Female,24,First-time,Business,Economy,113,20,6.0,2,2,2,2,4,4,3,5,3,3,4,2,3,4,Neutral or Dissatisfied
72279,Male,25,First-time,Business,Economy,519,0,2.0,2,2,3,2,2,2,5,3,5,5,1,2,5,1,Neutral or Dissatisfied
98181,Male,20,First-time,Business,Business,327,16,6.0,0,4,5,4,2,3,3,5,3,3,5,4,3,5,Satisfied
4829,Female,40,First-time,Business,Business,408,0,1.0,3,3,4,3,4,1,1,5,1,1,4,3,1,3,Neutral or Dissatisfied
76590,Male,30,Returning,Business,Business,481,0,0.0,4,4,4,4,4,5,4,5,4,4,4,4,4,4,Satisfied
70651,Female,32,First-time,Business,Business,946,0,0.0,3,3,3,3,3,5,5,3,5,5,5,3,5,5,Neutral or Dissatisfied
50631,Female,23,Returning,Personal,Economy,190,0,0.0,5,3,4,3,3,5,3,5,3,3,4,3,3,5,Neutral or Dissatisfied
100780,Male,44,Returning,Personal,Economy,1411,0,0.0,1,3,4,3,3,3,4,1,4,4,3,3,4,4,Neutral or Dissatisfied
65087,Female,12,Returning,Personal,Economy,190,0,0.0,3,0,2,0,3,4,5,3,5,5,4,3,5,3,Neutral or Dissatisfied
106389,Male,47,Returning,Business,Business,551,1,0.0,2,2,3,4,2,5,4,5,3,4,5,2,5,5,Satisfied
126528,Male,40,Returning,Business,Business,644,0,0.0,5,5,5,4,5,4,4,5,4,4,4,5,4,4,Satisfied
35625,Male,10,Returning,Personal,Economy Plus,1056,72,78.0,5,1,3,1,1,4,5,4,5,5,5,1,5,4,Neutral or Dissatisfied
123245,Male,38,Returning,Personal,Economy,631,40,48.0,3,1,4,1,2,3,3,2,3,3,3,2,3,3,Neutral or Dissatisfied
126776,Female,54,Returning,Personal,Economy Plus,2402,0,0.0,4,1,1,5,2,2,4,1,3,4,2,1,2,2,Neutral or Dissatisfied
120726,Female,37,Returning,Personal,Economy,90,28,29.0,3,3,4,3,3,3,1,4,1,1,3,3,1,3,Neutral or Dissatisfied
66857,Male,11,Returning,Personal,Economy,731,0,1.0,2,1,3,1,3,2,5,5,5,5,3,1,5,3,Neutral or Dissatisfied
32808,Male,22,First-time,Business,Economy,102,0,0.0,3,4,2,4,1,4,2,3,2,2,1,3,2,4,Neutral or Dissatisfied
11317,Female,34,Returning,Personal,Economy,201,23,20.0,5,4,5,4,1,5,2,2,2,2,1,4,2,3,Neutral or Dissatisfied
29801,Male,38,Returning,Business,Business,2323,0,0.0,3,3,1,1,3,4,4,4,4,1,4,3,4,4,Satisfied
41399,Male,32,Returning,Business,Business,563,0,0.0,1,1,1,4,1,1,4,3,4,4,1,1,4,4,Satisfied
12364,Female,38,Returning,Business,Business,2303,62,56.0,2,2,3,3,2,1,3,1,4,4,1,4,1,4,Neutral or Dissatisfied
79368,Female,45,Returning,Business,Business,502,0,0.0,4,4,3,4,4,5,5,4,3,5,5,4,5,5,Satisfied
37094,Male,22,Returning,Business,Business,1046,0,0.0,1,1,5,5,1,5,5,3,5,5,3,1,5,3,Satisfied
7410,Female,21,Returning,Business,Business,522,0,0.0,4,4,4,2,4,3,2,2,2,2,2,2,2,2,Neutral or Dissatisfied
6326,Female,29,Returning,Business,Business,1834,0,0.0,3,3,4,4,3,5,4,4,4,4,4,3,4,5,Satisfied
9911,Male,21,First-time,Business,Economy,534,26,34.0,5,3,3,3,3,3,3,2,3,3,4,3,3,4,Neutral or Dissatisfied
5117,Male,65,Returning,Personal,Economy,235,0,0.0,5,1,5,1,3,5,1,4,4,4,4,1,4,4,Neutral or Dissatisfied
9166,Female,29,Returning,Personal,Economy,946,0,0.0,1,5,1,5,3,4,5,4,5,5,3,5,5,3,Satisfied
95586,Male,28,Returning,Business,Business,670,41,43.0,5,2,3,2,5,2,2,4,2,2,3,2,2,3,Neutral or Dissatisfied
52355,Female,67,Returning,Personal,Economy,370,34,25.0,5,4,4,3,1,5,5,4,2,5,5,4,5,5,Satisfied
124644,Male,46,Returning,Business,Business,399,0,2.0,5,5,4,5,5,5,4,5,3,2,5,5,5,5,Satisfied
88679,Male,66,Returning,Personal,Economy,404,15,11.0,4,1,5,1,1,5,2,5,2,2,4,1,2,4,Neutral or Dissatisfied
106957,Male,23,First-time,Business,Business,937,25,2.0,0,0,3,0,3,4,5,2,5,5,4,0,5,5,Satisfied
97308,Male,38,First-time,Business,Business,872,8,0.0,5,5,4,5,5,5,3,5,3,3,4,5,3,5,Satisfied
119062,Female,50,Returning,Business,Business,2279,0,0.0,5,5,5,3,5,5,4,5,4,5,5,5,5,5,Satisfied
36896,Male,16,Returning,Personal,Economy,1368,4,0.0,4,2,3,2,4,4,4,4,1,1,5,2,1,4,Neutral or Dissatisfied
51173,Female,12,Returning,Personal,Economy,190,0,0.0,5,0,1,0,5,4,5,5,3,3,2,2,3,1,Neutral or Dissatisfied
54101,Male,56,Returning,Business,Economy Plus,1416,0,0.0,1,1,4,4,1,4,5,5,5,5,3,4,5,3,Satisfied
63571,Male,56,Returning,Personal,Economy,1737,0,0.0,5,4,4,4,5,4,1,5,1,1,5,4,1,5,Neutral or Dissatisfied
104769,Female,29,Returning,Business,Economy Plus,1246,186,173.0,1,1,4,4,1,2,4,4,4,3,1,4,2,3,Neutral or Dissatisfied
78669,Female,40,First-time,Business,Business,674,0,0.0,4,4,5,4,5,3,4,2,4,4,5,3,4,4,Neutral or Dissatisfied
24551,Female,40,Returning,Business,Business,2249,0,0.0,1,1,3,2,1,1,3,1,2,3,1,1,1,1,Neutral or Dissatisfied
112990,Male,27,Returning,Business,Business,1797,17,0.0,2,2,3,4,2,3,4,2,4,4,5,2,4,4,Satisfied
121620,Male,50,Returning,Personal,Economy,912,13,3.0,3,3,4,3,3,3,2,5,5,5,5,3,5,2,Neutral or Dissatisfied
109081,Female,17,Returning,Personal,Economy,1041,9,5.0,4,3,3,3,3,3,5,5,5,5,3,3,5,4,Neutral or Dissatisfied
118664,Male,27,Returning,Business,Business,2748,17,12.0,3,4,2,2,3,2,2,4,2,2,1,2,2,2,Neutral or Dissatisfied
109379,Male,17,First-time,Business,Economy,1189,16,8.0,5,5,2,5,4,2,5,5,5,5,4,4,5,4,Neutral or Dissatisfied
85554,Female,49,Returning,Business,Business,317,0,0.0,1,1,4,4,1,4,5,4,5,3,4,0,4,4,Satisfied
80306,Male,48,Returning,Business,Business,746,0,1.0,3,3,3,4,3,4,4,4,3,5,4,3,4,4,Satisfied
97707,Female,47,Returning,Personal,Economy,456,0,0.0,5,3,3,5,3,4,5,3,3,4,4,3,4,4,Neutral or Dissatisfied
61052,Male,38,Returning,Business,Economy,1607,0,0.0,1,1,1,2,1,3,2,5,2,2,3,2,2,2,Neutral or Dissatisfied
229,Female,33,Returning,Business,Business,213,0,0.0,5,5,5,5,5,5,5,5,3,4,5,5,5,4,Satisfied
94076,Male,23,Returning,Business,Business,562,0,0.0,4,4,1,3,4,3,3,2,3,3,4,3,3,3,Neutral or Dissatisfied
108484,Female,20,First-time,Business,Economy,570,67,57.0,3,1,3,1,3,2,4,5,4,4,4,1,4,4,Neutral or Dissatisfied
24742,Female,56,Returning,Business,Business,3952,0,0.0,5,5,3,3,5,5,5,4,1,3,5,5,5,5,Satisfied
106130,Female,44,Returning,Business,Business,436,7,11.0,2,2,3,4,2,2,4,2,3,3,2,2,2,2,Satisfied
102772,Female,22,Returning,Business,Economy Plus,1618,25,18.0,5,5,3,2,5,1,2,2,2,2,4,2,2,3,Neutral or Dissatisfied
64996,Male,24,First-time,Business,Economy,190,27,20.0,0,4,3,4,3,3,2,1,2,2,1,4,2,2,Neutral or Dissatisfied
37025,Female,65,Returning,Personal,Economy Plus,759,10,2.0,5,1,4,4,3,5,4,1,4,5,5,1,5,5,Neutral or Dissatisfied
126344,Male,61,Returning,Personal,Economy,328,0,0.0,4,3,4,3,1,1,3,1,3,3,2,3,3,5,Neutral or Dissatisfied
50476,Male,28,First-time,Business,Economy,156,1,0.0,1,4,1,4,2,5,1,5,1,1,2,4,1,1,Satisfied
46698,Female,19,Returning,Personal,Economy,125,39,46.0,5,4,3,4,4,3,2,4,3,3,3,4,3,4,Neutral or Dissatisfied
108562,Male,24,First-time,Business,Economy,735,0,11.0,2,2,5,2,1,5,3,4,3,3,4,2,3,5,Neutral or Dissatisfied
102480,Female,46,Returning,Personal,Economy,397,175,169.0,4,4,5,5,2,5,5,4,5,4,4,4,4,5,Neutral or Dissatisfied
107486,Female,32,First-time,Business,Economy,711,0,0.0,3,3,1,3,4,3,3,5,3,3,4,3,3,4,Neutral or Dissatisfied
111911,Female,23,Returning,Personal,Economy Plus,628,35,40.0,5,3,3,3,3,3,5,3,5,5,4,3,5,5,Neutral or Dissatisfied
15615,Male,22,Returning,Personal,Economy,296,95,85.0,3,2,4,2,2,4,2,3,2,2,3,2,2,2,Neutral or Dissatisfied
93126,Female,25,First-time,Business,Business,1066,27,14.0,5,5,5,5,1,3,4,4,2,2,5,5,2,4,Satisfied
47769,Male,37,Returning,Business,Business,3508,0,0.0,1,2,4,1,1,5,2,5,4,5,5,1,5,5,Satisfied
15820,Female,26,Returning,Business,Economy Plus,246,0,0.0,4,5,4,4,4,3,3,3,4,4,2,4,4,2,Satisfied
29309,Male,67,Returning,Personal,Economy,550,0,0.0,4,0,3,0,4,4,2,2,2,2,4,1,2,3,Neutral or Dissatisfied
8217,Female,38,Returning,Business,Business,294,2,0.0,3,2,5,3,3,4,1,4,2,1,4,3,4,4,Satisfied
114899,Female,40,Returning,Business,Business,390,0,0.0,1,5,3,4,1,3,5,3,5,5,3,1,3,3,Satisfied
51615,Male,34,First-time,Business,Economy,370,0,0.0,0,4,1,4,3,4,3,5,3,3,5,3,3,1,Neutral or Dissatisfied
8991,Male,38,Returning,Personal,Economy Plus,799,0,0.0,4,3,3,3,4,3,2,4,2,2,4,4,2,4,Neutral or Dissatisfied
15016,Female,24,Returning,Business,Business,3856,5,2.0,3,3,2,4,3,4,4,5,4,4,3,3,4,5,Satisfied
102965,Male,23,Returning,Business,Business,3414,1,0.0,2,2,3,5,2,5,5,5,5,5,5,2,5,5,Satisfied
105711,Male,53,Returning,Business,Business,3826,18,0.0,1,5,3,5,1,5,4,5,3,3,5,1,5,5,Satisfied
76365,Female,54,Returning,Business,Business,1744,0,0.0,1,1,3,5,1,4,5,4,4,5,4,1,4,4,Satisfied
112480,Female,69,Returning,Personal,Economy,846,30,23.0,4,2,3,4,2,3,4,2,5,3,3,1,3,3,Neutral or Dissatisfied
85585,Female,24,Returning,Business,Business,2740,3,0.0,4,4,4,4,4,3,4,1,4,4,3,4,4,4,Neutral or Dissatisfied
54390,Male,49,Returning,Business,Economy,305,0,0.0,5,3,3,4,5,3,4,4,4,4,1,4,4,1,Satisfied
92020,Male,44,Returning,Business,Business,1535,6,1.0,3,3,3,4,3,5,5,5,3,4,5,3,5,5,Satisfied
58714,Female,15,First-time,Business,Economy,606,64,89.0,2,3,3,3,3,2,3,1,3,3,4,3,3,4,Neutral or Dissatisfied
52445,Male,58,Returning,Personal,Economy,369,0,0.0,1,1,1,1,2,1,2,1,2,2,1,1,2,2,Neutral or Dissatisfied
67947,Male,26,Returning,Personal,Economy,1235,28,17.0,5,2,4,2,2,5,1,4,1,1,4,2,1,5,Neutral or Dissatisfied
35118,Male,30,Returning,Business,Economy,972,0,0.0,5,5,4,4,5,4,3,1,3,3,2,3,3,3,Satisfied
14257,Male,33,First-time,Business,Business,429,0,6.0,2,2,4,2,4,5,5,3,5,5,5,2,5,4,Neutral or Dissatisfied
37656,Female,68,Returning,Personal,Economy,1076,0,0.0,4,2,4,5,3,3,4,2,5,5,3,2,3,3,Neutral or Dissatisfied
114583,Male,39,First-time,Business,Business,480,30,15.0,1,1,3,1,1,3,4,5,1,1,5,1,1,5,Neutral or Dissatisfied
115811,Female,44,First-time,Business,Economy,358,14,11.0,3,3,2,3,3,4,4,2,4,4,3,3,4,3,Neutral or Dissatisfied
80106,Female,31,Returning,Business,Business,1626,4,0.0,5,5,3,3,5,2,3,4,3,3,2,3,3,2,Neutral or Dissatisfied
11165,Female,51,Returning,Personal,Economy,429,0,0.0,5,3,3,3,5,4,2,3,1,4,4,3,4,4,Neutral or Dissatisfied
77065,Female,44,Returning,Business,Business,991,0,0.0,3,3,3,5,3,4,4,4,5,5,4,3,4,4,Satisfied
37924,Male,38,Returning,Personal,Economy,1023,27,45.0,2,3,2,3,3,2,3,1,3,3,3,3,3,2,Neutral or Dissatisfied
21007,Male,30,Returning,Personal,Economy Plus,689,14,11.0,4,1,5,1,4,4,2,4,2,2,4,1,2,4,Neutral or Dissatisfied
10830,Female,36,First-time,Business,Business,216,3,2.0,2,2,4,2,4,3,4,3,4,4,5,2,4,5,Neutral or Dissatisfied
65366,Male,43,Returning,Business,Business,3384,34,37.0,1,1,4,3,1,3,4,3,4,3,3,3,3,3,Neutral or Dissatisfied
107459,Male,23,Returning,Personal,Economy Plus,468,0,11.0,3,4,1,4,3,3,4,4,1,1,3,4,1,4,Neutral or Dissatisfied
1669,Male,20,Returning,Personal,Economy Plus,435,0,0.0,1,1,1,1,3,1,1,5,1,1,2,3,1,2,Neutral or Dissatisfied
17893,Female,37,Returning,Business,Economy Plus,425,0,0.0,1,1,1,4,1,4,4,5,4,4,5,4,4,4,Satisfied
114322,Female,55,Returning,Personal,Economy,850,0,0.0,4,2,4,4,2,5,5,2,5,2,5,2,5,5,Neutral or Dissatisfied
34669,Female,42,Returning,Business,Business,2524,0,0.0,4,4,3,4,4,4,4,4,3,5,4,4,4,4,Satisfied
87096,Female,26,Returning,Business,Business,3043,8,8.0,2,2,2,2,2,4,2,4,2,2,2,2,2,1,Neutral or Dissatisfied
71459,Male,46,Returning,Personal,Economy,867,0,0.0,3,4,3,4,4,1,4,5,4,4,4,4,4,4,Neutral or Dissatisfied
84777,Male,25,First-time,Business,Business,534,16,7.0,5,4,4,4,5,3,3,5,3,3,5,4,3,4,Satisfied
105055,Male,50,Returning,Personal,Economy,361,0,0.0,5,4,5,4,3,5,4,2,4,4,5,4,4,5,Neutral or Dissatisfied
31449,Female,42,Returning,Business,Business,3339,13,9.0,2,2,4,4,2,5,5,5,4,3,5,2,5,5,Satisfied
56994,Female,49,Returning,Personal,Economy,2454,0,0.0,5,0,4,4,5,3,4,2,4,0,5,1,2,1,Neutral or Dissatisfied
115141,Male,60,Returning,Business,Business,2577,0,0.0,5,5,5,4,5,5,4,5,5,3,5,5,5,5,Satisfied
40078,Male,50,Returning,Business,Economy,493,11,0.0,3,3,3,5,3,4,5,5,5,5,5,5,5,5,Satisfied
438,Female,63,Returning,Personal,Business,282,0,0.0,4,4,5,5,2,1,3,4,1,5,1,3,1,1,Neutral or Dissatisfied
27797,Male,60,Returning,Business,Economy,680,0,0.0,3,3,4,4,3,3,4,4,4,4,4,4,4,3,Neutral or Dissatisfied
87124,Female,62,Returning,Personal,Economy,594,0,0.0,2,1,4,1,1,4,1,1,3,1,4,1,4,4,Neutral or Dissatisfied
9263,Female,22,First-time,Business,Business,441,0,0.0,0,4,3,4,2,3,5,5,2,2,5,4,2,4,Satisfied
84768,Male,51,Returning,Business,Business,547,0,10.0,3,3,3,4,3,5,4,4,5,2,5,3,5,5,Satisfied
123895,Male,21,Returning,Personal,Economy,573,13,10.0,4,3,3,3,3,2,1,5,1,1,3,2,1,3,Neutral or Dissatisfied
103195,Male,28,Returning,Business,Business,2717,0,0.0,4,4,5,5,4,4,5,1,5,5,3,4,5,3,Satisfied
12102,Male,33,Returning,Business,Economy,1034,21,7.0,0,0,1,0,2,4,2,3,2,2,4,0,2,3,Satisfied
25455,Female,40,Returning,Personal,Economy,669,0,0.0,4,5,5,5,5,5,2,3,2,2,5,5,2,4,Satisfied
20620,Male,35,First-time,Business,Economy Plus,864,21,7.0,3,3,3,3,4,1,2,2,2,2,4,3,2,4,Neutral or Dissatisfied
101844,Male,51,Returning,Personal,Economy Plus,1521,5,0.0,3,3,3,3,3,2,2,3,2,2,4,3,2,3,Neutral or Dissatisfied
40351,Female,47,Returning,Business,Economy,1428,27,11.0,4,4,5,4,4,5,3,5,2,3,5,5,5,5,Satisfied
17984,Female,33,Returning,Business,Business,1991,0,0.0,3,3,5,2,3,5,3,5,5,5,5,3,5,5,Satisfied
81983,Female,13,Returning,Business,Business,1522,0,0.0,1,1,1,1,1,3,1,5,1,1,4,1,1,3,Neutral or Dissatisfied
54328,Male,43,Returning,Personal,Economy,1597,0,13.0,4,2,3,2,4,3,5,3,2,2,5,2,2,5,Neutral or Dissatisfied
11667,Female,35,Returning,Business,Business,3725,0,0.0,2,2,3,2,2,1,3,1,1,1,1,1,1,1,Neutral or Dissatisfied
77332,Female,50,Returning,Business,Business,626,0,0.0,4,4,4,5,4,5,5,5,4,3,5,4,5,5,Satisfied
60903,Male,24,First-time,Business,Business,589,37,33.0,0,3,5,3,2,5,4,4,4,4,4,4,4,5,Satisfied
74235,Male,32,Returning,Personal,Economy,1007,0,0.0,4,3,3,3,3,3,4,3,4,4,4,3,4,4,Neutral or Dissatisfied
129724,Female,42,First-time,Business,Economy,447,0,6.0,3,2,1,2,4,4,3,4,3,3,4,2,3,3,Neutral or Dissatisfied
126814,Female,41,Returning,Business,Business,2077,0,0.0,2,2,3,3,2,5,5,5,3,5,5,2,5,5,Satisfied
48487,Female,36,First-time,Business,Economy,964,42,37.0,3,3,5,3,1,5,3,4,4,4,1,3,4,5,Neutral or Dissatisfied
95627,Male,37,Returning,Personal,Economy,484,0,0.0,4,4,5,4,4,4,4,4,4,4,4,4,4,5,Neutral or Dissatisfied
15187,Male,44,Returning,Business,Economy,544,42,11.0,2,3,2,4,2,5,5,1,5,5,4,4,5,4,Satisfied
28510,Male,29,Returning,Business,Business,2715,0,0.0,5,5,3,4,5,5,4,4,4,4,5,5,4,5,Satisfied
59476,Male,59,Returning,Business,Business,921,13,0.0,5,5,4,5,5,3,5,3,3,2,3,5,3,3,Satisfied
22832,Male,45,Returning,Business,Economy,170,0,0.0,5,5,3,4,5,3,4,1,4,4,4,4,4,3,Satisfied
45026,Female,56,Returning,Personal,Economy Plus,222,0,6.0,1,0,3,3,2,4,2,0,2,1,4,2,4,4,Neutral or Dissatisfied
15109,Female,33,Returning,Business,Business,3195,0,0.0,1,1,4,5,1,3,5,4,4,2,3,1,3,3,Satisfied
105897,Male,57,Returning,Business,Business,3770,0,0.0,1,1,3,4,1,1,3,1,4,2,1,1,1,1,Neutral or Dissatisfied
126887,Male,31,Returning,Personal,Economy,2125,29,28.0,3,0,3,0,4,3,1,3,1,1,4,1,1,4,Neutral or Dissatisfied
128371,Female,40,Returning,Business,Business,2688,0,0.0,4,4,5,5,4,4,4,4,3,2,4,4,4,4,Satisfied
99810,Male,54,Returning,Personal,Economy,632,0,0.0,5,2,5,2,3,5,4,2,4,4,4,2,4,5,Neutral or Dissatisfied
105456,Female,23,Returning,Personal,Economy,998,48,39.0,4,1,5,1,1,5,1,4,1,1,5,1,1,5,Neutral or Dissatisfied
8116,Female,53,Returning,Business,Business,3982,0,13.0,2,2,3,4,2,4,5,4,3,4,4,2,4,4,Satisfied
85736,Male,43,First-time,Business,Business,666,88,72.0,4,4,4,4,4,5,3,4,3,3,5,4,3,5,Satisfied
14539,Male,21,Returning,Business,Business,2090,0,0.0,1,1,2,5,1,4,5,4,5,5,1,1,5,4,Satisfied
78410,Female,20,Returning,Business,Business,3391,2,7.0,1,1,1,3,1,4,3,1,3,3,4,3,3,4,Neutral or Dissatisfied
96825,Male,44,Returning,Business,Business,3054,0,0.0,5,5,4,5,5,4,4,4,5,3,4,5,4,4,Satisfied
80606,Male,38,Returning,Business,Business,2403,0,0.0,2,2,3,4,2,3,4,4,3,5,3,2,3,3,Satisfied
26993,Female,23,Returning,Business,Business,2081,47,39.0,2,2,2,3,2,1,3,2,3,3,1,2,3,4,Satisfied
22265,Male,33,Returning,Business,Business,83,0,0.0,5,0,1,3,1,5,3,4,3,3,3,0,3,5,Satisfied
40379,Female,26,Returning,Personal,Economy,1250,0,0.0,5,3,3,3,2,5,1,3,1,1,5,4,1,4,Neutral or Dissatisfied
63589,Male,42,Returning,Business,Business,2133,9,0.0,2,2,5,4,2,2,4,2,4,2,2,2,2,2,Satisfied
37210,Female,64,Returning,Personal,Economy,680,44,48.0,5,5,4,4,1,1,4,5,5,4,1,5,1,1,Satisfied
63079,Male,65,Returning,Personal,Economy,967,0,0.0,5,4,5,4,1,5,3,3,3,3,5,4,3,5,Neutral or Dissatisfied
24229,Male,47,Returning,Business,Business,3207,27,19.0,3,3,3,4,3,2,4,2,4,1,2,2,2,2,Neutral or Dissatisfied
82939,Female,44,Returning,Personal,Economy Plus,594,0,0.0,1,3,1,1,2,2,1,3,3,5,2,3,2,2,Neutral or Dissatisfied
97502,Female,32,Returning,Personal,Economy,822,21,34.0,5,1,3,1,4,4,2,4,2,2,4,1,2,4,Neutral or Dissatisfied
84922,Male,17,Returning,Personal,Economy,516,86,73.0,5,3,3,3,1,3,1,4,1,1,5,3,1,4,Neutral or Dissatisfied
1662,Male,33,Returning,Personal,Economy,551,0,3.0,0,1,3,1,5,5,3,4,3,3,4,2,3,4,Neutral or Dissatisfied
6463,Male,64,Returning,Business,Economy Plus,296,0,17.0,3,3,2,2,3,2,2,3,2,2,4,2,2,3,Neutral or Dissatisfied
63027,Male,20,First-time,Business,Economy,862,1,0.0,4,4,3,4,1,4,3,4,3,3,5,5,3,5,Satisfied
86228,Male,39,Returning,Business,Economy,226,22,9.0,4,4,3,1,4,2,1,5,1,1,4,1,1,3,Neutral or Dissatisfied
76053,Male,42,Returning,Business,Business,3177,3,36.0,3,3,4,4,3,3,4,3,4,4,3,3,3,3,Satisfied
82105,Female,25,Returning,Personal,Economy,1298,0,0.0,4,1,4,1,3,3,3,3,3,3,4,2,3,3,Neutral or Dissatisfied
122157,Male,44,Returning,Business,Economy,541,2,12.0,4,4,4,1,4,4,1,2,1,1,4,1,1,3,Neutral or Dissatisfied
68446,Female,51,Returning,Business,Business,1303,0,0.0,1,1,3,4,1,4,5,4,5,5,4,1,4,4,Satisfied
20195,Male,33,First-time,Business,Economy,334,5,0.0,4,1,4,1,4,2,1,3,1,1,1,1,1,5,Neutral or Dissatisfied
26874,Female,25,First-time,Business,Economy,722,31,18.0,3,3,1,3,4,1,2,5,2,2,4,3,2,4,Neutral or Dissatisfied
36573,Male,35,Returning,Business,Economy,1249,19,12.0,4,4,5,3,4,3,3,2,3,3,2,3,3,1,Satisfied
7487,Female,30,First-time,Business,Economy,925,0,0.0,3,3,4,3,3,3,1,2,1,1,3,2,1,3,Neutral or Dissatisfied
111585,Male,52,Returning,Personal,Economy,359,7,0.0,4,3,3,3,3,5,3,4,3,3,5,3,3,5,Neutral or Dissatisfied
93366,Male,51,Returning,Personal,Economy,1024,0,0.0,3,1,4,1,4,3,1,5,1,1,4,1,1,3,Neutral or Dissatisfied
3186,Female,29,Returning,Business,Business,2560,0,0.0,4,4,2,2,4,4,2,4,2,2,2,2,2,2,Neutral or Dissatisfied
53723,Female,62,Returning,Personal,Economy,1208,16,0.0,2,3,3,3,4,4,4,3,4,3,4,3,4,3,Neutral or Dissatisfied
83800,Male,59,Returning,Business,Business,2148,3,0.0,1,1,3,5,1,4,4,4,4,3,4,1,4,4,Satisfied
28287,Male,39,Returning,Business,Business,3887,0,0.0,4,4,4,5,4,4,5,4,5,3,4,4,4,4,Satisfied
62935,Female,59,Returning,Business,Business,1721,13,0.0,3,3,3,4,3,3,4,3,5,4,3,3,3,3,Satisfied
125260,Female,39,Returning,Personal,Business,1488,0,11.0,3,2,3,3,3,4,4,2,1,3,4,2,4,5,Neutral or Dissatisfied
89534,Male,40,Returning,Business,Business,2465,3,1.0,5,5,3,5,5,4,4,4,3,4,4,5,4,4,Satisfied
18267,Male,53,Returning,Personal,Economy,179,0,0.0,3,1,3,1,3,3,2,1,2,2,2,1,2,1,Neutral or Dissatisfied
104206,Female,46,Returning,Business,Business,3220,32,28.0,1,1,4,4,1,5,5,5,5,5,5,1,5,5,Satisfied
108804,Male,49,Returning,Personal,Economy,581,13,0.0,5,1,4,1,3,3,1,5,1,1,4,2,1,4,Neutral or Dissatisfied
32502,Female,64,Returning,Business,Economy,163,0,0.0,3,3,2,4,3,5,5,5,5,5,5,5,5,5,Satisfied
126106,Male,53,Returning,Business,Business,650,18,5.0,3,3,3,4,3,4,5,4,4,5,4,3,4,4,Satisfied
29325,Male,20,Returning,Personal,Economy,933,0,0.0,5,2,4,2,2,5,5,2,4,4,5,2,4,5,Neutral or Dissatisfied
17048,Female,47,Returning,Business,Economy,1134,0,0.0,3,3,1,5,3,4,3,4,5,2,4,4,4,4,Satisfied
7953,Female,22,First-time,Business,Economy,594,0,0.0,0,2,3,2,2,3,4,4,4,4,4,2,4,5,Neutral or Dissatisfied
73209,Male,11,Returning,Personal,Economy,1258,0,0.0,4,4,3,4,3,4,3,3,3,3,5,4,3,4,Neutral or Dissatisfied
33331,Female,27,Returning,Business,Business,2556,0,0.0,5,5,3,5,5,2,5,5,5,5,4,5,5,4,Satisfied
50941,Female,31,Returning,Personal,Economy,109,0,0.0,2,4,1,4,2,1,4,4,4,4,2,4,4,2,Neutral or Dissatisfied
85363,Male,41,Returning,Personal,Economy Plus,874,0,0.0,5,1,3,1,1,5,5,2,5,5,5,1,5,5,Neutral or Dissatisfied
90561,Female,32,Returning,Business,Business,3878,0,0.0,2,4,5,4,4,4,4,5,4,4,5,4,4,4,Satisfied
13141,Female,39,Returning,Personal,Economy,562,0,0.0,5,3,3,3,2,4,2,5,2,2,4,3,2,5,Neutral or Dissatisfied
10016,Male,25,Returning,Business,Economy Plus,534,2,56.0,2,2,2,2,2,4,1,3,2,2,3,2,2,3,Neutral or Dissatisfied
48761,Female,57,Returning,Business,Business,2310,0,0.0,3,3,4,4,3,3,5,3,3,4,3,3,3,3,Satisfied
75867,Male,20,First-time,Business,Business,1972,0,0.0,0,5,3,5,3,5,3,2,3,3,5,5,3,4,Satisfied
65405,Male,60,Returning,Personal,Economy,631,3,1.0,5,1,2,1,2,4,5,4,5,5,4,1,5,5,Neutral or Dissatisfied
111497,Female,54,Returning,Business,Economy,391,0,0.0,2,2,2,3,2,3,4,3,4,4,3,3,3,3,Neutral or Dissatisfied
33374,Female,51,Returning,Personal,Economy,2355,13,0.0,4,1,1,4,4,4,4,1,2,5,4,1,4,4,Neutral or Dissatisfied
127352,Male,26,Returning,Personal,Economy,507,4,4.0,3,3,1,3,3,3,5,3,5,5,4,3,5,3,Neutral or Dissatisfied
44541,Male,39,Returning,Personal,Economy,157,0,0.0,4,0,5,0,2,4,3,5,3,3,5,3,3,4,Neutral or Dissatisfied
84803,Female,57,Returning,Business,Business,2227,184,167.0,2,1,4,4,2,4,4,4,4,4,3,2,5,5,Satisfied
63864,Female,31,Returning,Business,Business,3364,0,0.0,2,2,4,2,2,2,2,5,2,2,2,2,2,3,Neutral or Dissatisfied
23616,Male,43,First-time,Business,Economy,977,0,0.0,3,3,2,3,3,1,3,3,3,3,2,3,3,4,Neutral or Dissatisfied
14487,Female,27,Returning,Personal,Economy,541,116,146.0,2,2,3,3,4,4,3,4,3,2,3,2,4,3,Neutral or Dissatisfied
115786,Male,25,Returning,Business,Economy,390,17,10.0,3,5,1,1,5,3,2,1,1,1,3,1,1,2,Neutral or Dissatisfied
114521,Female,33,Returning,Personal,Business,325,46,39.0,5,3,2,2,3,3,2,3,5,5,3,3,3,3,Neutral or Dissatisfied
62410,Female,49,First-time,Business,Business,2704,5,0.0,2,2,5,3,4,3,5,4,5,5,5,3,5,5,Neutral or Dissatisfied
115841,Male,41,Returning,Business,Economy,337,85,86.0,1,1,4,3,1,1,3,4,3,3,4,3,3,3,Neutral or Dissatisfied
11562,Female,26,First-time,Business,Business,771,0,0.0,0,3,5,3,3,3,3,4,2,2,4,3,2,5,Neutral or Dissatisfied
63887,Female,39,First-time,Business,Business,1172,30,31.0,3,3,2,3,4,2,2,2,2,2,4,3,2,4,Neutral or Dissatisfied
47450,Female,64,Returning,Personal,Economy,558,0,0.0,2,1,4,4,4,4,4,1,3,3,4,1,4,4,Neutral or Dissatisfied
33345,Female,57,Returning,Business,Business,2614,0,0.0,1,1,5,5,1,5,3,5,1,4,5,1,5,5,Satisfied
21531,Female,29,Returning,Personal,Economy,399,47,41.0,5,5,4,5,1,3,4,4,4,4,5,2,4,4,Neutral or Dissatisfied
38057,Male,31,Returning,Business,Business,3737,70,59.0,5,5,4,4,5,2,4,2,4,4,3,5,4,3,Satisfied
52598,Male,47,Returning,Business,Economy,160,0,0.0,2,2,2,3,2,5,3,4,3,3,3,3,3,3,Satisfied
104491,Male,59,Returning,Personal,Economy,860,0,0.0,4,4,4,4,4,1,1,1,1,1,4,4,1,4,Satisfied
74669,Male,38,Returning,Personal,Economy,1188,0,0.0,2,2,4,2,4,3,4,4,4,4,3,2,4,3,Neutral or Dissatisfied
34384,Female,52,Returning,Business,Economy,728,0,0.0,1,1,4,2,1,4,4,4,5,2,4,4,4,4,Satisfied
55929,Male,42,Returning,Personal,Economy,528,0,0.0,5,4,5,4,1,4,1,4,5,5,4,2,5,4,Neutral or Dissatisfied
34766,Female,21,First-time,Business,Economy,264,0,0.0,0,3,3,3,1,2,3,5,5,5,5,3,5,2,Neutral or Dissatisfied
46974,Female,7,Returning,Personal,Economy,833,0,0.0,2,3,2,3,4,1,2,2,4,4,3,3,4,4,Neutral or Dissatisfied
44669,Female,45,Returning,Business,Economy,268,0,3.0,4,4,3,5,4,4,3,4,2,2,4,4,4,4,Satisfied
37270,Female,27,First-time,Business,Economy,1010,39,36.0,3,3,2,3,3,3,5,3,5,5,3,3,5,4,Neutral or Dissatisfied
61930,Male,45,Returning,Personal,Economy,550,0,0.0,4,4,3,4,4,2,3,5,3,3,4,4,3,3,Neutral or Dissatisfied
85943,Female,47,Returning,Business,Business,432,8,0.0,5,5,4,5,5,5,5,5,3,3,5,5,5,5,Satisfied
22133,Male,78,Returning,Business,Business,2480,32,32.0,5,5,3,3,5,1,3,2,1,5,1,1,1,1,Neutral or Dissatisfied
51528,Male,38,Returning,Business,Business,2862,4,0.0,1,1,2,4,1,3,3,3,1,3,3,3,3,3,Neutral or Dissatisfied
46795,Female,51,Returning,Business,Business,2884,0,15.0,1,1,2,2,1,4,2,4,3,2,4,4,4,4,Neutral or Dissatisfied
99715,Male,33,Returning,Personal,Economy Plus,667,4,49.0,5,2,5,2,5,5,3,4,3,3,4,2,3,4,Neutral or Dissatisfied
62038,Male,11,First-time,Business,Economy,1117,11,18.0,3,3,2,3,4,4,5,1,3,3,4,3,3,4,Neutral or Dissatisfied
58061,Female,42,Returning,Business,Business,2248,0,0.0,3,3,4,3,3,3,4,3,1,1,3,3,3,3,Neutral or Dissatisfied
75808,Female,43,Returning,Business,Business,2466,0,0.0,5,5,3,5,5,4,4,4,4,2,4,5,4,4,Satisfied
7068,Female,47,Returning,Business,Business,157,0,0.0,1,1,5,5,1,5,5,5,5,5,5,1,5,4,Satisfied
120309,Female,45,Returning,Business,Economy,268,0,0.0,5,5,3,4,5,4,3,4,1,5,4,4,4,4,Neutral or Dissatisfied
34274,Male,51,Returning,Business,Business,280,37,14.0,2,2,4,4,2,5,2,5,3,5,5,2,5,5,Satisfied
56581,Male,56,Returning,Business,Business,997,25,17.0,3,3,5,5,3,5,5,5,5,4,5,3,5,5,Satisfied
47198,Male,39,Returning,Business,Economy,279,16,30.0,5,1,1,2,5,2,2,2,2,2,3,2,2,4,Neutral or Dissatisfied
108426,Male,44,Returning,Business,Business,1444,0,3.0,3,4,3,5,3,4,4,4,4,4,4,3,4,4,Satisfied
11286,Female,53,Returning,Personal,Economy,201,0,6.0,2,4,4,4,4,5,4,4,4,2,5,4,5,3,Neutral or Dissatisfied
79764,Female,49,Returning,Business,Business,950,3,72.0,2,2,3,4,2,4,4,4,5,5,4,2,4,4,Satisfied
69863,Female,39,Returning,Personal,Economy,1055,0,0.0,4,2,3,2,3,3,2,4,2,2,4,2,2,4,Neutral or Dissatisfied
24279,Female,25,Returning,Personal,Economy,134,23,26.0,2,2,3,2,3,4,1,2,5,5,3,2,5,4,Neutral or Dissatisfied
52512,Male,53,Returning,Business,Business,2475,0,2.0,1,1,4,5,1,4,2,4,3,1,4,1,4,5,Satisfied
46758,Female,52,Returning,Business,Economy Plus,125,0,3.0,2,2,5,5,2,4,3,4,2,4,4,4,4,4,Satisfied
128044,Female,48,Returning,Personal,Economy Plus,1440,0,0.0,1,3,3,3,2,2,2,3,1,2,2,3,2,2,Neutral or Dissatisfied
53696,Female,41,Returning,Business,Economy,1190,0,0.0,4,4,1,2,4,4,2,1,2,2,3,2,2,5,Satisfied
2098,Male,42,Returning,Personal,Economy,785,22,23.0,5,2,5,2,2,4,1,3,1,1,5,1,1,4,Neutral or Dissatisfied
89582,Male,27,Returning,Business,Economy,1080,0,0.0,2,2,3,3,2,1,3,5,3,3,3,3,3,3,Neutral or Dissatisfied
20952,Male,41,Returning,Business,Economy,851,0,21.0,5,5,4,2,5,2,2,1,2,2,3,2,2,3,Neutral or Dissatisfied
78478,Female,39,Returning,Business,Economy,526,0,9.0,3,3,4,2,3,4,2,4,2,2,2,2,2,2,Neutral or Dissatisfied
21290,Female,14,First-time,Business,Economy,714,0,0.0,4,4,1,4,2,2,1,4,1,1,3,3,1,5,Neutral or Dissatisfied
9252,Female,14,Returning,Personal,Economy,157,0,0.0,5,3,5,3,4,3,2,2,2,2,4,3,2,4,Neutral or Dissatisfied
106047,Female,44,First-time,Business,Economy,452,0,0.0,5,2,5,2,4,5,1,1,1,1,3,2,1,1,Neutral or Dissatisfied
68569,Male,29,Returning,Business,Business,1616,0,0.0,2,2,5,5,2,4,5,3,5,5,4,2,5,5,Satisfied
125130,Male,42,Returning,Personal,Economy,361,13,30.0,5,3,4,3,2,4,4,3,2,2,5,3,2,4,Neutral or Dissatisfied
30190,Female,49,Returning,Business,Economy Plus,725,0,0.0,3,3,5,3,3,5,2,5,4,4,5,5,5,5,Satisfied
30687,Male,34,Returning,Business,Business,680,50,52.0,5,5,3,2,5,1,2,1,1,3,1,1,1,1,Neutral or Dissatisfied
103817,Male,45,First-time,Business,Business,869,7,20.0,2,2,5,2,1,3,1,2,1,1,4,2,1,5,Neutral or Dissatisfied
27469,Female,50,Returning,Business,Economy,671,0,0.0,1,1,4,2,1,2,2,2,1,1,2,2,2,2,Neutral or Dissatisfied
44733,Male,53,Returning,Business,Economy Plus,67,7,10.0,3,3,1,4,3,2,4,2,4,4,1,4,4,3,Satisfied
7747,Female,25,First-time,Business,Business,1013,0,0.0,4,2,3,2,3,4,1,5,3,3,5,2,3,4,Neutral or Dissatisfied
39736,Female,50,Returning,Personal,Economy,320,0,0.0,3,3,5,4,3,1,5,3,2,1,1,3,1,1,Neutral or Dissatisfied
54499,Female,26,First-time,Business,Economy,925,6,1.0,2,2,4,2,3,3,1,3,3,3,4,1,3,4,Neutral or Dissatisfied
85953,Male,53,Returning,Business,Business,447,0,3.0,2,2,5,4,2,2,4,2,3,2,2,2,2,2,Satisfied
94899,Male,80,First-time,Business,Business,277,34,33.0,4,4,3,3,5,3,2,4,1,1,3,4,3,3,Satisfied
80444,Female,23,Returning,Personal,Economy,2248,1,15.0,4,0,4,0,3,4,2,3,2,2,4,1,2,4,Neutral or Dissatisfied
126414,Female,47,Returning,Business,Business,2918,7,0.0,4,4,4,4,4,5,5,5,4,4,5,4,5,5,Satisfied
56485,Male,32,Returning,Business,Business,746,0,0.0,4,2,2,5,2,1,5,4,5,5,2,2,5,1,Satisfied
10807,Male,59,Returning,Business,Economy,224,116,128.0,2,2,4,2,2,2,2,5,2,2,3,2,2,4,Neutral or Dissatisfied
102413,Female,46,Returning,Personal,Economy,391,0,0.0,4,3,4,4,3,5,5,3,3,2,5,3,5,5,Neutral or Dissatisfied
120360,Male,53,Returning,Business,Business,2787,0,6.0,4,1,3,5,4,4,4,4,5,4,4,4,4,4,Satisfied
64122,Female,10,Returning,Personal,Economy,2311,0,5.0,4,1,3,3,1,5,3,4,3,1,4,1,5,5,Neutral or Dissatisfied
61758,Female,27,Returning,Personal,Economy,1346,0,0.0,5,2,3,2,3,3,2,5,2,2,4,2,2,3,Neutral or Dissatisfied
50655,Male,39,Returning,Personal,Economy,190,0,0.0,4,3,3,3,1,5,2,4,2,2,4,3,2,4,Neutral or Dissatisfied
25904,Female,48,Returning,Business,Economy Plus,907,0,1.0,2,2,2,5,2,4,3,4,5,5,4,4,4,4,Satisfied
7199,Male,55,Returning,Business,Business,130,0,0.0,1,1,4,4,1,4,4,4,3,3,4,1,4,4,Satisfied
79607,Male,22,First-time,Business,Economy,762,22,7.0,5,5,3,5,5,5,4,3,4,4,4,5,4,4,Satisfied
11206,Male,39,Returning,Personal,Economy,667,0,0.0,5,1,5,1,3,4,1,3,4,4,5,1,4,5,Neutral or Dissatisfied
117878,Female,60,Returning,Business,Business,2363,0,0.0,3,3,4,5,3,4,5,4,5,5,4,3,4,4,Satisfied
3936,Male,45,Returning,Business,Business,2638,34,28.0,2,2,3,5,2,5,5,5,3,4,5,2,5,5,Satisfied
21928,Male,40,Returning,Business,Business,448,43,23.0,5,5,4,1,5,3,2,3,4,4,3,3,3,3,Neutral or Dissatisfied
65896,Female,52,Returning,Business,Business,2312,0,0.0,1,1,4,5,1,4,4,4,4,2,4,1,4,4,Satisfied
71111,Male,33,Returning,Business,Business,2072,0,0.0,2,2,5,4,2,3,4,5,4,4,5,2,4,5,Satisfied
30344,Female,61,Returning,Personal,Economy,391,0,9.0,4,1,3,4,2,5,4,1,5,2,5,1,5,5,Neutral or Dissatisfied
69249,Female,53,Returning,Business,Business,1512,0,1.0,2,2,3,4,2,4,5,4,4,3,4,2,4,4,Satisfied
103708,Male,36,Returning,Personal,Economy,405,61,53.0,5,4,4,4,4,4,3,5,3,3,5,4,3,5,Neutral or Dissatisfied
60226,Male,54,Returning,Business,Business,1703,50,27.0,5,5,4,2,5,3,2,3,2,2,3,3,3,3,Neutral or Dissatisfied
26952,Male,30,Returning,Business,Economy Plus,2402,0,15.0,1,1,1,1,1,1,1,2,1,1,3,1,1,4,Neutral or Dissatisfied
16280,Male,35,Returning,Personal,Economy,748,99,93.0,4,3,5,3,3,5,1,4,1,1,4,3,1,5,Neutral or Dissatisfied
124256,Male,50,First-time,Business,Economy Plus,1916,0,0.0,2,2,1,3,3,4,2,5,1,1,2,3,1,1,Neutral or Dissatisfied
60565,Female,30,Returning,Personal,Economy Plus,775,0,0.0,2,2,4,2,4,1,5,5,5,5,3,2,5,4,Neutral or Dissatisfied
101257,Male,30,First-time,Business,Business,2176,15,3.0,1,1,4,1,4,4,1,3,5,5,5,1,5,5,Neutral or Dissatisfied
35327,Female,23,First-time,Business,Economy,1069,180,194.0,2,2,1,1,4,5,1,3,1,2,1,2,2,3,Neutral or Dissatisfied
94528,Female,45,Returning,Business,Business,3440,0,0.0,3,4,5,5,4,5,4,4,3,5,5,4,5,5,Satisfied
39272,Female,38,Returning,Business,Business,2248,0,0.0,5,5,2,3,5,4,1,4,4,2,4,5,4,4,Satisfied
86528,Female,18,Returning,Personal,Economy,760,27,11.0,5,2,3,2,1,5,5,3,5,5,4,2,5,5,Neutral or Dissatisfied
21937,Male,43,Returning,Business,Business,1755,0,0.0,2,2,2,3,2,5,4,5,2,5,5,2,5,5,Satisfied
123444,Male,29,Returning,Business,Business,2125,9,14.0,1,1,5,5,1,3,5,2,5,5,5,1,5,4,Satisfied
115137,Female,30,Returning,Business,Business,2254,39,34.0,1,1,3,5,1,3,5,3,5,5,4,1,5,4,Satisfied
46730,Male,45,Returning,Personal,Economy,73,0,0.0,1,3,4,3,3,1,2,3,2,2,2,3,2,2,Neutral or Dissatisfied
77537,Male,48,Returning,Business,Business,1881,0,0.0,4,4,5,5,4,4,5,4,4,2,4,4,4,4,Satisfied
64671,Male,40,Returning,Business,Business,190,0,,2,2,4,5,2,5,4,5,3,5,5,2,5,5,Satisfied
109894,Female,54,Returning,Business,Economy,744,20,5.0,1,1,4,1,1,3,4,3,4,2,3,3,3,3,Satisfied
48202,Female,20,First-time,Business,Economy,236,0,40.0,2,2,2,2,1,3,2,1,2,2,1,2,2,2,Neutral or Dissatisfied
59702,Male,28,Returning,Personal,Economy,965,0,0.0,2,4,3,4,1,1,1,3,1,1,1,3,1,1,Neutral or Dissatisfied
77411,Male,30,Returning,Personal,Economy,588,0,0.0,5,3,5,3,1,3,4,2,4,4,4,3,4,4,Neutral or Dissatisfied
8508,Female,47,Returning,Business,Business,737,0,0.0,1,1,4,4,1,4,4,5,5,3,4,1,4,4,Satisfied
116256,Male,65,Returning,Personal,Economy,333,0,0.0,5,3,5,3,4,4,3,5,3,3,5,3,3,5,Neutral or Dissatisfied
6988,Female,32,First-time,Business,Economy,436,0,0.0,3,1,2,1,3,1,1,1,1,1,4,1,1,4,Neutral or Dissatisfied
57280,Female,57,Returning,Personal,Economy,628,0,0.0,5,4,5,5,5,5,5,4,4,4,5,4,5,5,Neutral or Dissatisfied
119276,Male,42,First-time,Business,Business,214,0,2.0,5,5,3,5,4,5,5,3,5,5,5,5,5,5,Satisfied
85188,Male,46,Returning,Business,Business,813,0,0.0,2,2,4,5,2,3,5,3,4,3,3,2,3,3,Satisfied
44160,Male,21,First-time,Business,Economy,229,51,47.0,0,2,1,2,3,2,4,5,4,4,5,2,4,1,Neutral or Dissatisfied
75156,Male,28,First-time,Business,Economy,1332,2,0.0,2,2,1,1,4,2,3,5,5,5,3,1,5,4,Neutral or Dissatisfied
1555,Female,25,First-time,Business,Business,987,2,0.0,0,1,3,1,3,3,5,2,1,1,4,1,1,5,Neutral or Dissatisfied
90433,Male,61,First-time,Business,Business,404,21,17.0,3,3,3,3,1,5,2,4,2,2,4,3,2,5,Neutral or Dissatisfied
11336,Female,27,Returning,Personal,Economy,517,0,0.0,5,3,5,3,3,5,2,5,2,2,4,3,2,5,Neutral or Dissatisfied
103063,Male,68,Returning,Business,Economy,266,0,0.0,2,2,5,5,2,4,5,5,5,5,3,5,5,3,Satisfied
67624,Male,24,First-time,Business,Business,1188,0,0.0,0,4,4,4,1,4,1,4,5,5,4,4,5,4,Satisfied
94454,Male,44,First-time,Business,Business,441,22,19.0,5,5,4,5,2,5,2,2,2,2,4,5,2,4,Satisfied
5497,Male,51,Returning,Business,Business,910,0,0.0,3,4,5,5,3,5,4,5,3,2,5,3,5,5,Satisfied
11282,Female,67,Returning,Personal,Economy,74,0,0.0,1,3,1,3,4,4,3,3,3,4,4,3,4,4,Neutral or Dissatisfied
123423,Male,64,Returning,Personal,Economy,1337,0,8.0,5,3,4,3,3,5,4,5,4,4,5,3,4,4,Neutral or Dissatisfied
59211,Female,67,Returning,Personal,Economy,1440,1,3.0,4,1,5,4,3,5,4,1,4,5,5,1,5,5,Neutral or Dissatisfied
7797,Female,21,Returning,Business,Business,650,0,0.0,1,1,3,5,1,3,4,4,4,4,5,1,4,5,Satisfied
109392,Male,10,Returning,Personal,Economy,1189,7,0.0,5,0,3,0,2,3,5,4,1,1,5,0,1,5,Satisfied
62757,Female,49,Returning,Business,Business,2338,2,0.0,2,2,4,3,2,3,4,3,5,5,3,2,3,3,Satisfied
63078,Female,49,Returning,Personal,Economy,846,9,1.0,4,5,5,4,1,5,4,5,5,3,5,4,5,5,Satisfied
71777,Female,58,Returning,Business,Business,1723,158,151.0,5,5,5,5,5,4,5,5,5,5,4,5,5,5,Satisfied
51445,Male,61,Returning,Personal,Economy Plus,421,0,0.0,3,3,1,3,4,3,3,1,3,3,1,3,3,1,Neutral or Dissatisfied
68733,Male,21,Returning,Personal,Economy Plus,175,0,20.0,5,2,5,2,5,2,1,4,1,1,3,2,1,1,Neutral or Dissatisfied
28301,Female,50,Returning,Business,Business,3832,4,0.0,2,2,3,2,2,5,4,5,1,2,5,2,5,5,Satisfied
76340,Male,54,Returning,Business,Business,3106,17,8.0,1,1,4,3,1,2,2,2,1,1,2,2,2,2,Neutral or Dissatisfied
20831,Female,37,Returning,Business,Economy,508,0,0.0,1,1,4,4,1,2,4,2,4,4,5,4,4,5,Satisfied
124821,Female,23,First-time,Business,Economy,280,22,15.0,3,0,1,0,3,2,2,1,2,2,3,0,2,5,Satisfied
19179,Female,29,Returning,Business,Business,3682,0,0.0,4,4,2,4,4,5,4,1,4,4,2,4,4,1,Satisfied
106634,Male,36,Returning,Business,Business,306,27,24.0,2,2,1,3,2,4,4,4,3,5,4,4,4,4,Neutral or Dissatisfied
41202,Male,35,Returning,Business,Business,1656,1,0.0,2,2,2,5,2,4,3,4,4,5,4,2,4,4,Satisfied
54760,Female,70,Returning,Business,Economy Plus,787,22,16.0,2,2,2,3,2,4,3,4,1,4,4,4,4,4,Neutral or Dissatisfied
1203,Female,44,Returning,Personal,Economy,102,0,0.0,3,2,2,3,2,4,5,2,4,2,4,2,4,3,Neutral or Dissatisfied
64312,Male,42,Returning,Business,Business,2064,33,19.0,4,4,3,5,4,4,5,4,5,5,4,4,4,4,Satisfied
102123,Male,47,Returning,Business,Business,1701,27,28.0,1,2,5,5,1,3,5,4,5,5,3,1,3,3,Satisfied
58353,Male,28,First-time,Business,Business,599,53,54.0,4,4,5,4,4,3,2,5,2,2,5,4,2,5,Satisfied
121469,Female,54,Returning,Personal,Economy,257,51,41.0,5,4,2,5,2,5,4,4,1,5,5,4,5,5,Neutral or Dissatisfied
103676,Male,39,Returning,Business,Business,251,0,0.0,5,4,4,4,4,4,5,4,3,3,4,4,4,4,Satisfied
49280,Male,23,First-time,Business,Economy,89,77,64.0,0,5,5,5,4,1,4,2,3,3,5,5,3,5,Satisfied
75374,Female,59,Returning,Personal,Business,2218,2,0.0,3,1,2,4,4,1,3,1,1,4,1,1,1,1,Neutral or Dissatisfied
118752,Female,19,Returning,Personal,Economy,338,0,0.0,2,3,4,3,4,2,3,3,3,3,3,3,3,3,Neutral or Dissatisfied
107780,Female,44,Returning,Business,Business,2253,13,4.0,0,0,5,5,4,5,4,5,3,3,5,0,5,5,Satisfied
100490,Female,44,Returning,Business,Business,580,12,1.0,2,2,3,4,2,5,5,5,4,3,5,2,5,5,Satisfied
38855,Female,41,First-time,Business,Economy,2153,5,0.0,3,3,4,3,3,3,3,3,3,3,3,3,3,4,Neutral or Dissatisfied
127820,Female,85,First-time,Business,Business,862,57,51.0,1,1,5,5,2,2,5,1,5,1,1,1,4,1,Neutral or Dissatisfied
91048,Female,58,Returning,Personal,Economy,594,1,0.0,2,3,1,3,3,1,4,3,1,5,1,3,1,1,Neutral or Dissatisfied
91629,Male,44,Returning,Business,Business,2216,1,0.0,4,4,5,4,4,4,5,4,3,2,4,4,4,4,Satisfied
94907,Male,20,First-time,Business,Economy,293,10,11.0,5,2,3,2,4,3,2,5,2,2,4,2,2,5,Neutral or Dissatisfied
6800,Male,66,Returning,Business,Business,3031,0,0.0,4,4,4,3,4,2,3,2,2,2,2,2,2,2,Neutral or Dissatisfied
78451,Female,25,First-time,Business,Business,666,153,137.0,0,4,5,5,3,2,5,5,5,4,3,4,3,5,Satisfied
18553,Male,44,Returning,Business,Economy,192,19,19.0,3,2,4,4,3,5,4,2,4,4,5,4,4,5,Satisfied
37661,Female,10,Returning,Personal,Economy,1074,0,0.0,4,4,3,4,3,5,4,3,4,4,4,4,4,5,Neutral or Dissatisfied
6522,Male,23,Returning,Personal,Economy,599,0,0.0,2,1,2,1,4,1,5,2,5,5,3,1,5,4,Neutral or Dissatisfied
112527,Female,69,Returning,Personal,Economy,909,5,0.0,5,2,1,3,4,4,1,2,4,3,4,2,4,4,Neutral or Dissatisfied
13026,Female,12,Returning,Personal,Economy,374,48,43.0,4,2,4,2,4,4,1,3,1,1,4,2,1,5,Neutral or Dissatisfied
51269,Female,39,Returning,Business,Economy Plus,262,0,0.0,4,4,4,5,4,2,5,4,5,5,5,5,5,1,Satisfied
89606,Male,46,Returning,Business,Business,2691,57,32.0,2,2,4,4,2,5,4,5,3,4,5,2,5,5,Satisfied
106601,Female,37,Returning,Business,Business,3491,0,0.0,1,5,5,5,1,5,5,5,3,4,5,1,5,5,Satisfied
20529,Female,42,Returning,Business,Economy,633,10,0.0,1,1,3,5,1,4,3,4,4,4,4,4,4,4,Satisfied
19208,Male,44,Returning,Business,Economy,459,0,0.0,3,3,5,3,3,2,3,2,3,3,5,3,3,1,Satisfied
50083,Male,71,Returning,Business,Economy,262,0,5.0,5,5,2,1,5,4,2,5,2,2,1,1,2,1,Neutral or Dissatisfied
9327,Female,58,Returning,Personal,Economy,542,5,0.0,4,1,1,5,5,1,3,1,1,3,1,1,1,3,Neutral or Dissatisfied
53780,Male,23,First-time,Business,Economy,191,0,0.0,0,2,4,2,4,3,5,5,5,5,4,2,5,4,Neutral or Dissatisfied
106990,Female,35,Returning,Personal,Economy,972,0,3.0,1,1,2,1,3,2,3,3,3,3,3,2,3,3,Neutral or Dissatisfied
99229,Female,51,First-time,Business,Business,541,39,30.0,1,1,3,1,1,4,3,2,3,3,5,1,3,4,Neutral or Dissatisfied
114923,Female,60,Returning,Business,Business,2290,22,19.0,3,3,5,5,3,5,4,5,3,2,5,3,5,5,Satisfied
109642,Male,40,Returning,Business,Business,829,0,0.0,2,2,4,5,2,4,5,4,5,5,4,2,4,4,Satisfied
94761,Female,49,Returning,Business,Economy,441,17,10.0,5,1,4,4,5,2,3,2,3,5,2,2,2,2,Neutral or Dissatisfied
123499,Male,41,Returning,Business,Business,796,0,0.0,4,4,4,5,4,5,2,4,3,2,5,4,5,5,Satisfied
86818,Female,20,Returning,Business,Business,2247,0,0.0,4,4,5,5,4,5,5,2,5,5,4,4,5,4,Satisfied
68145,Male,41,Returning,Business,Business,2142,0,0.0,2,2,4,5,2,4,5,4,5,5,4,2,4,4,Satisfied
60139,Male,46,Returning,Business,Business,1850,0,7.0,3,3,2,3,3,1,2,1,1,3,1,1,1,1,Neutral or Dissatisfied
58200,Male,8,First-time,Business,Economy,925,9,4.0,1,1,4,1,4,2,3,2,3,3,3,1,3,4,Neutral or Dissatisfied
123958,Female,45,Returning,Business,Business,2581,0,0.0,2,2,5,5,2,5,5,5,3,3,5,2,5,5,Satisfied
60274,Male,21,First-time,Business,Economy,2218,0,0.0,3,3,4,3,3,3,3,1,3,3,3,3,3,2,Neutral or Dissatisfied
44168,Male,22,First-time,Business,Economy,157,0,2.0,4,5,3,5,2,5,4,5,4,4,4,5,4,5,Satisfied
118031,Female,27,First-time,Business,Business,1262,6,14.0,2,2,5,2,3,3,3,2,3,3,4,2,3,5,Neutral or Dissatisfied
65606,Male,52,Returning,Business,Economy,237,29,40.0,3,3,1,1,3,2,1,3,1,1,4,1,1,3,Neutral or Dissatisfied
40159,Female,51,Returning,Personal,Business,387,0,0.0,5,3,5,5,4,4,4,3,3,5,4,3,4,4,Neutral or Dissatisfied
114594,Male,40,Returning,Business,Business,447,1,0.0,5,1,3,5,1,4,4,4,5,2,4,1,4,4,Satisfied
287,Male,55,Returning,Business,Business,3433,0,0.0,5,5,4,4,5,5,5,4,4,5,5,5,5,5,Satisfied
12585,Male,51,Returning,Business,Economy,542,8,8.0,3,3,4,5,3,5,5,2,5,5,3,5,5,2,Satisfied
86857,Male,30,Returning,Personal,Economy,692,0,0.0,5,1,5,1,2,3,3,4,3,3,4,1,3,5,Neutral or Dissatisfied
110496,Male,65,Returning,Personal,Economy,842,33,29.0,5,1,4,1,1,3,4,3,4,4,4,1,4,5,Neutral or Dissatisfied
58821,Male,26,Returning,Personal,Economy,1012,12,7.0,3,1,2,1,2,3,1,3,1,1,4,1,1,4,Neutral or Dissatisfied
20957,Female,25,Returning,Business,Business,3506,44,46.0,5,5,1,2,5,4,2,5,2,2,2,2,2,2,Neutral or Dissatisfied
57767,Male,37,Returning,Business,Business,2611,28,9.0,5,5,2,2,5,4,2,3,2,2,2,2,1,2,Neutral or Dissatisfied
47907,Male,25,Returning,Business,Economy,348,19,10.0,2,2,3,3,2,1,4,1,3,3,4,3,3,4,Neutral or Dissatisfied
106821,Female,34,Returning,Business,Business,1488,0,0.0,1,1,3,5,1,4,4,4,5,2,4,1,4,4,Satisfied
48613,Female,33,Returning,Business,Economy Plus,844,0,0.0,4,4,2,4,4,5,4,3,4,4,1,4,4,5,Satisfied
92979,Female,56,Returning,Business,Business,2104,113,101.0,5,5,4,4,5,1,4,2,3,5,1,5,1,1,Satisfied
100051,Female,35,Returning,Personal,Economy,289,0,0.0,4,3,5,3,2,5,4,5,4,4,4,3,4,5,Neutral or Dissatisfied
122797,Female,24,First-time,Business,Economy,599,0,0.0,0,3,5,3,3,5,1,4,1,1,4,3,1,5,Neutral or Dissatisfied
73880,Female,22,First-time,Business,Economy,1213,7,0.0,5,5,3,5,3,4,5,5,5,5,5,4,5,5,Satisfied
46085,Male,41,Returning,Business,Business,3800,0,0.0,5,5,5,3,5,4,3,4,5,4,4,5,4,4,Satisfied
59148,Female,50,First-time,Personal,Economy,1726,0,0.0,5,2,4,2,2,2,3,5,3,3,5,2,3,2,Neutral or Dissatisfied
58611,Male,46,Returning,Business,Business,235,24,24.0,2,2,3,5,2,4,4,4,3,3,4,2,4,4,Satisfied
17906,Male,18,Returning,Business,Economy,789,20,6.0,3,3,3,4,3,5,5,3,4,4,1,4,4,1,Satisfied
101313,Female,20,First-time,Business,Economy,986,77,67.0,2,2,3,2,4,3,3,4,3,3,5,2,3,4,Neutral or Dissatisfied
28041,Female,36,Returning,Personal,Economy,2537,0,0.0,2,4,4,4,3,2,3,4,3,3,3,3,3,3,Neutral or Dissatisfied
125830,Female,40,First-time,Business,Business,861,0,2.0,2,2,5,2,5,4,5,3,5,5,5,2,5,5,Neutral or Dissatisfied
10565,Female,58,Returning,Business,Business,3581,182,182.0,3,3,5,5,3,3,5,4,5,5,4,3,3,5,Satisfied
109062,Female,8,First-time,Business,Economy,849,39,29.0,4,4,2,4,3,1,4,2,4,4,4,4,4,3,Neutral or Dissatisfied
102601,Female,50,Returning,Personal,Economy Plus,386,0,0.0,4,3,5,4,1,3,5,3,4,5,3,3,3,3,Neutral or Dissatisfied
74162,Male,57,Returning,Personal,Economy,592,25,27.0,5,1,2,1,1,5,2,1,5,5,4,1,5,2,Neutral or Dissatisfied
93353,Female,57,Returning,Business,Economy,836,13,14.0,3,3,3,4,3,3,3,2,1,1,3,2,3,3,Neutral or Dissatisfied
124133,Female,21,Returning,Personal,Economy,529,0,4.0,5,2,3,2,5,5,5,4,2,2,4,2,2,5,Neutral or Dissatisfied
81198,Female,52,Returning,Business,Business,1426,0,0.0,1,1,3,5,1,5,5,5,3,2,5,1,5,5,Satisfied
128779,Female,25,First-time,Business,Business,2248,28,55.0,0,3,1,1,1,2,1,5,1,3,3,3,3,5,Neutral or Dissatisfied
47562,Female,65,Returning,Personal,Economy Plus,558,0,0.0,4,3,2,3,3,5,3,3,3,1,5,3,5,5,Neutral or Dissatisfied
19213,Male,62,First-time,Business,Economy,459,48,61.0,1,3,1,3,2,1,3,5,3,3,3,3,3,3,Neutral or Dissatisfied
85529,Male,68,Returning,Personal,Business,259,0,0.0,3,4,3,5,4,4,1,4,2,5,4,4,4,4,Neutral or Dissatisfied
63476,Female,14,Returning,Personal,Economy Plus,372,14,18.0,1,2,3,2,3,4,3,4,3,3,2,2,3,1,Neutral or Dissatisfied
78749,Female,22,First-time,Business,Business,554,0,0.0,0,4,4,4,2,4,5,3,5,5,5,4,5,5,Satisfied
52973,Female,30,Returning,Personal,Economy,2306,0,0.0,4,3,4,3,2,3,1,2,2,2,4,3,2,4,Neutral or Dissatisfied
100199,Male,56,Returning,Business,Business,2590,0,0.0,1,1,3,4,1,5,4,5,5,3,5,1,5,5,Satisfied
87617,Male,43,First-time,Business,Business,606,5,17.0,1,1,5,1,1,3,1,4,1,1,5,1,1,5,Neutral or Dissatisfied
45686,Male,30,Returning,Business,Business,826,4,0.0,2,2,4,4,2,2,4,2,4,4,3,2,4,2,Satisfied
27841,Male,50,Returning,Personal,Economy,1448,0,0.0,1,3,4,3,4,1,5,1,4,4,4,3,4,3,Neutral or Dissatisfied
32445,Male,67,Returning,Business,Economy,216,0,3.0,1,4,2,4,1,3,4,5,4,4,3,4,4,3,Satisfied
126717,Female,23,Returning,Business,Business,2402,17,34.0,5,5,4,5,5,3,4,3,4,4,5,5,4,4,Satisfied
23685,Female,69,Returning,Business,Economy,73,0,0.0,3,3,2,4,3,2,4,1,3,1,2,1,2,2,Neutral or Dissatisfied
40488,Male,48,Returning,Personal,Economy,188,0,0.0,4,0,5,0,3,4,4,5,4,4,4,2,4,5,Neutral or Dissatisfied
77901,Male,76,Returning,Business,Business,3257,0,18.0,2,2,1,1,2,3,2,3,4,1,3,3,3,3,Neutral or Dissatisfied
103182,Male,57,Returning,Business,Business,272,184,180.0,1,1,5,5,1,2,5,4,5,5,4,1,3,4,Satisfied
85100,Female,32,First-time,Business,Business,874,4,0.0,2,2,3,2,3,5,5,3,5,5,5,2,5,5,Neutral or Dissatisfied
27146,Female,25,First-time,Business,Economy,714,0,0.0,4,4,5,2,3,4,5,5,5,4,3,5,3,5,Satisfied
60237,Female,25,First-time,Business,Economy,1607,0,0.0,2,2,3,2,4,2,1,4,4,4,2,2,4,1,Neutral or Dissatisfied
19170,Male,23,Returning,Personal,Economy Plus,304,0,0.0,4,2,5,2,2,4,4,2,4,4,4,2,4,5,Neutral or Dissatisfied
120483,Male,20,Returning,Personal,Economy,449,122,102.0,1,4,3,4,4,3,5,2,5,5,3,4,5,3,Neutral or Dissatisfied
68408,Female,29,First-time,Business,Economy,1045,0,0.0,4,4,2,4,3,1,2,1,2,2,4,3,2,4,Neutral or Dissatisfied
116111,Female,32,Returning,Personal,Economy,362,14,15.0,5,2,3,2,3,4,5,3,5,5,5,2,5,4,Neutral or Dissatisfied
123765,Female,36,Returning,Business,Business,541,0,0.0,4,4,3,4,4,4,4,4,3,2,4,4,4,4,Satisfied
78167,Female,41,Returning,Business,Business,3945,0,23.0,4,3,5,4,4,5,5,5,3,4,5,4,5,5,Satisfied
47274,Male,43,Returning,Business,Economy,588,50,38.0,2,2,5,5,2,4,5,2,5,5,4,5,5,1,Satisfied
29644,Female,14,Returning,Personal,Economy,1448,0,0.0,1,4,1,4,4,2,2,5,2,2,3,4,2,4,Satisfied
70630,Male,27,Returning,Personal,Economy,1217,0,0.0,4,3,4,3,1,5,3,2,4,4,4,3,4,4,Neutral or Dissatisfied
29618,Female,21,Returning,Business,Business,1448,0,0.0,2,3,2,3,2,3,3,4,3,3,3,3,3,3,Neutral or Dissatisfied
117584,Male,9,First-time,Business,Economy,843,0,0.0,4,4,3,4,4,1,2,1,2,2,3,4,2,4,Neutral or Dissatisfied
55773,Female,50,Returning,Business,Business,599,0,0.0,4,4,3,4,4,3,4,3,5,2,3,4,3,3,Satisfied
51573,Male,45,Returning,Business,Business,2387,39,35.0,4,5,5,2,4,5,2,5,5,5,5,4,5,5,Satisfied
123735,Female,35,First-time,Business,Business,96,0,15.0,3,3,1,3,4,4,2,3,2,2,4,3,2,4,Neutral or Dissatisfied
22303,Female,56,Returning,Business,Business,83,0,0.0,5,5,3,4,5,5,3,5,1,3,5,5,5,5,Satisfied
19426,Male,28,Returning,Business,Business,645,11,0.0,1,3,5,5,1,3,5,3,5,5,4,1,5,3,Satisfied
95727,Female,42,Returning,Business,Business,181,7,0.0,4,1,4,5,1,3,5,3,4,4,3,0,3,3,Satisfied
58405,Male,48,Returning,Business,Business,733,0,0.0,3,3,4,5,3,4,5,4,3,2,4,3,4,4,Satisfied
26063,Female,51,First-time,Business,Business,591,3,0.0,1,1,5,1,1,3,3,5,3,3,5,1,3,4,Neutral or Dissatisfied
38045,Female,25,Returning,Business,Economy,1121,0,0.0,3,2,2,4,3,1,4,4,4,4,5,4,4,4,Satisfied
98005,Male,38,Returning,Personal,Economy Plus,616,7,0.0,4,3,3,3,3,3,3,2,3,3,3,3,3,3,Neutral or Dissatisfied
87435,Male,34,Returning,Business,Business,3037,17,16.0,2,2,3,4,2,4,4,4,3,3,4,2,4,4,Satisfied
87877,Male,39,Returning,Business,Business,3089,0,0.0,2,2,4,5,2,4,5,4,5,4,4,2,4,4,Satisfied
28364,Male,24,Returning,Business,Economy Plus,954,0,0.0,4,4,1,3,4,4,1,3,3,3,2,3,3,3,Neutral or Dissatisfied
49862,Male,41,Returning,Business,Economy,56,0,0.0,2,2,2,5,2,3,5,1,5,5,3,5,5,4,Satisfied
99783,Female,22,First-time,Business,Economy,584,5,14.0,5,2,4,2,1,4,4,3,4,4,5,2,4,4,Neutral or Dissatisfied
39153,Female,58,Returning,Business,Economy Plus,119,30,51.0,4,4,2,3,4,2,3,2,3,4,2,2,2,2,Neutral or Dissatisfied
19393,Female,50,Returning,Business,Economy Plus,844,0,0.0,1,1,2,3,1,4,1,5,4,1,4,5,4,4,Satisfied
31037,Female,20,Returning,Business,Economy,775,1,17.0,5,5,4,5,5,4,3,4,5,5,5,5,5,5,Satisfied
34854,Male,26,Returning,Business,Business,1826,0,0.0,2,5,5,4,2,5,4,1,4,4,4,2,4,5,Satisfied
101843,Female,20,Returning,Personal,Economy Plus,1521,0,0.0,4,3,3,3,3,4,3,3,1,1,5,2,1,4,Neutral or Dissatisfied
117687,Male,44,Returning,Business,Business,1814,25,0.0,4,4,5,4,4,5,4,5,3,4,5,4,5,5,Satisfied
80109,Male,65,First-time,Business,Economy,126,195,184.0,1,2,1,5,2,3,1,1,1,2,3,2,2,1,Neutral or Dissatisfied
64875,Male,22,Returning,Business,Business,190,0,13.0,1,1,2,2,1,3,2,4,2,2,3,2,2,3,Neutral or Dissatisfied
117916,Female,50,Returning,Business,Business,3955,59,52.0,2,2,5,5,2,4,5,4,5,4,4,2,4,4,Satisfied
9922,Male,48,Returning,Business,Business,508,0,0.0,2,2,2,4,2,2,3,2,1,5,2,2,2,2,Neutral or Dissatisfied
114861,Female,45,First-time,Business,Business,480,56,44.0,1,1,3,1,4,4,2,4,4,4,4,1,4,4,Neutral or Dissatisfied
113496,Male,59,Returning,Business,Business,2011,26,13.0,5,5,3,2,5,2,2,2,1,2,2,2,2,2,Neutral or Dissatisfied
20948,Male,34,Returning,Business,Business,1576,0,0.0,2,2,2,2,2,3,2,3,1,4,3,3,3,3,Neutral or Dissatisfied
40199,Female,28,Returning,Business,Business,347,0,0.0,1,1,2,4,1,1,4,3,4,4,4,1,4,2,Satisfied
89607,Male,44,First-time,Business,Business,1096,173,160.0,5,5,3,3,4,4,3,5,3,4,4,4,4,5,Satisfied
44756,Male,36,Returning,Personal,Economy,589,0,0.0,4,2,3,2,4,2,3,1,4,4,4,1,4,4,Neutral or Dissatisfied
122934,Female,25,Returning,Business,Business,650,0,16.0,4,4,5,5,4,4,4,5,4,4,4,4,4,5,Satisfied
103430,Male,30,Returning,Personal,Economy,237,7,2.0,4,1,3,1,1,4,2,5,2,2,5,1,2,4,Neutral or Dissatisfied
35150,Male,27,Returning,Business,Business,1069,14,14.0,5,5,5,5,5,2,5,2,5,5,3,5,5,5,Satisfied
5483,Female,45,Returning,Business,Business,1801,0,0.0,1,1,5,4,1,4,5,4,4,5,4,1,4,4,Satisfied
4830,Male,54,Returning,Business,Business,408,0,0.0,2,2,5,4,2,5,5,5,5,2,5,2,5,5,Satisfied
92385,Female,26,First-time,Business,Business,1489,3,0.0,0,0,3,0,2,3,3,2,3,3,5,0,3,4,Satisfied
62865,Female,35,First-time,Business,Economy,1039,4,0.0,2,2,4,2,3,4,1,4,4,4,3,2,4,2,Neutral or Dissatisfied
45044,Female,25,Returning,Business,Economy,342,37,33.0,4,4,4,5,4,3,5,1,5,5,1,5,5,2,Satisfied
19456,Male,36,Returning,Personal,Economy,363,0,0.0,5,5,3,5,2,3,5,4,5,5,4,2,5,5,Neutral or Dissatisfied
43088,Male,56,Returning,Personal,Economy,236,0,0.0,5,3,3,3,3,3,1,2,1,1,5,3,1,4,Neutral or Dissatisfied
38361,Male,44,Returning,Business,Economy,780,0,0.0,2,2,2,3,2,4,3,4,3,3,2,3,3,2,Neutral or Dissatisfied
37293,Male,30,Returning,Business,Business,944,0,0.0,3,3,3,5,3,4,5,3,5,5,5,3,5,3,Satisfied
19136,Female,58,First-time,Business,Economy Plus,265,0,3.0,3,3,4,2,3,4,3,5,3,3,3,2,3,2,Neutral or Dissatisfied
45592,Female,46,Returning,Business,Economy,230,0,0.0,3,3,4,1,3,4,1,4,1,2,4,4,4,4,Satisfied
98068,Male,22,First-time,Business,Business,1449,7,12.0,0,0,5,0,3,4,2,5,2,2,5,0,2,4,Satisfied
60856,Male,59,Returning,Business,Business,1491,20,0.0,3,3,5,4,3,4,5,5,3,2,4,3,4,4,Satisfied
96335,Male,48,Returning,Personal,Business,1609,0,0.0,2,2,2,2,3,2,4,2,1,5,2,3,2,2,Neutral or Dissatisfied
18410,Male,14,Returning,Personal,Economy,284,0,0.0,4,3,4,3,4,5,5,3,5,5,4,3,5,5,Neutral or Dissatisfied
2817,Male,17,First-time,Business,Economy,491,0,1.0,4,1,4,1,4,4,1,4,1,1,3,1,1,3,Neutral or Dissatisfied
82905,Female,45,Returning,Personal,Economy,640,9,8.0,5,4,4,4,3,1,4,4,4,2,1,4,1,1,Neutral or Dissatisfied
125611,Female,59,Returning,Business,Business,2001,6,16.0,4,5,4,5,4,5,5,5,4,2,5,4,5,5,Satisfied
98178,Female,56,Returning,Business,Business,3710,31,37.0,3,3,5,4,3,5,5,5,5,3,5,3,5,5,Satisfied
2671,Female,8,Returning,Personal,Economy,597,0,6.0,4,4,4,4,2,5,2,4,2,2,4,4,2,5,Neutral or Dissatisfied
39606,Male,25,Returning,Personal,Economy,679,0,0.0,5,4,3,4,4,5,2,4,2,2,4,4,2,4,Neutral or Dissatisfied
55596,Male,56,Returning,Business,Business,404,0,0.0,5,5,3,5,5,4,5,4,4,5,4,5,4,4,Satisfied
42961,Female,36,Returning,Business,Business,1977,0,0.0,0,0,5,4,4,1,3,1,3,1,1,0,1,1,Satisfied
122126,Male,48,Returning,Personal,Economy Plus,130,0,0.0,0,1,4,1,1,3,5,3,5,5,4,1,5,3,Neutral or Dissatisfied
19249,Male,45,Returning,Business,Economy Plus,782,41,36.0,1,1,5,4,1,2,4,4,4,4,3,4,4,1,Satisfied
71001,Male,54,First-time,Business,Business,978,7,0.0,5,5,3,5,3,3,5,2,5,5,4,5,5,4,Satisfied
79572,Female,9,Returning,Business,Economy,762,0,20.0,4,4,4,1,4,1,2,2,1,1,3,1,1,4,Neutral or Dissatisfied
55239,Female,36,Returning,Business,Economy,609,0,0.0,5,4,4,3,5,3,3,4,3,3,3,3,3,3,Neutral or Dissatisfied
33313,Female,33,First-time,Business,Business,2556,0,0.0,3,3,5,3,2,3,1,3,5,5,4,3,5,5,Neutral or Dissatisfied
83148,Female,20,Returning,Personal,Economy,1127,0,0.0,4,2,5,2,4,5,2,5,2,2,4,2,2,4,Neutral or Dissatisfied
45308,Female,38,Returning,Business,Business,150,0,0.0,4,4,2,4,4,4,2,4,4,3,4,4,4,3,Satisfied
43312,Female,24,First-time,Business,Business,402,0,3.0,4,4,4,4,3,3,1,1,1,1,3,4,1,2,Satisfied
4560,Female,52,Returning,Business,Economy,561,0,0.0,1,1,1,3,1,3,4,3,3,3,3,3,3,3,Neutral or Dissatisfied
44358,Female,51,Returning,Business,Economy,596,0,0.0,5,5,5,3,5,2,2,2,5,4,2,2,2,2,Satisfied
8515,Female,37,First-time,Business,Economy,462,4,10.0,0,3,2,3,3,4,4,5,4,4,2,3,4,5,Neutral or Dissatisfied
103142,Male,46,Returning,Personal,Economy Plus,460,0,0.0,4,3,3,3,1,3,5,3,5,5,5,3,5,5,Neutral or Dissatisfied
113695,Female,26,Returning,Personal,Economy,386,7,2.0,4,1,2,1,1,5,3,5,3,3,2,1,3,3,Neutral or Dissatisfied
58925,Female,25,Returning,Personal,Economy,888,25,3.0,5,2,3,2,1,5,1,5,1,1,4,2,1,5,Neutral or Dissatisfied
43090,Male,26,Returning,Personal,Economy,391,4,0.0,5,3,3,3,3,5,2,5,2,2,4,3,2,3,Neutral or Dissatisfied
2445,Male,45,Returning,Business,Business,604,0,0.0,4,4,5,4,4,5,4,5,5,5,5,4,5,5,Satisfied
64211,Female,28,First-time,Business,Business,799,41,47.0,4,4,4,4,3,3,4,5,4,4,4,4,4,4,Satisfied
102766,Female,10,First-time,Business,Economy,1618,33,18.0,3,3,1,3,3,2,2,1,2,2,2,3,2,1,Neutral or Dissatisfied
30824,Female,40,Returning,Business,Economy,1028,0,0.0,5,5,5,5,5,2,4,4,4,4,5,4,4,1,Satisfied
38537,Female,25,First-time,Business,Economy,1446,35,6.0,3,3,4,3,3,4,2,3,2,2,4,3,2,2,Neutral or Dissatisfied
66797,Female,27,Returning,Business,Business,3711,0,4.0,4,4,4,4,4,4,4,4,4,4,3,4,5,4,Satisfied
10550,Female,37,First-time,Business,Business,247,0,0.0,0,0,4,0,3,3,3,4,3,3,5,1,3,5,Neutral or Dissatisfied
46102,Male,59,Returning,Business,Business,1154,19,28.0,5,5,5,4,5,5,5,5,3,4,5,5,5,5,Satisfied
33213,Male,38,Returning,Business,Economy Plus,102,0,10.0,2,2,2,3,2,4,3,3,3,3,3,3,3,3,Neutral or Dissatisfied
114106,Female,52,Returning,Business,Business,819,6,6.0,3,5,3,4,3,5,5,5,5,3,5,3,5,5,Satisfied
9610,Male,50,Returning,Personal,Economy,229,19,37.0,5,2,4,2,2,5,5,4,5,5,5,2,5,5,Neutral or Dissatisfied
97213,Male,43,Returning,Business,Business,1525,223,210.0,4,5,5,5,4,5,5,5,5,5,5,4,5,5,Satisfied
35552,Female,51,Returning,Personal,Economy,1005,6,21.0,4,2,3,4,3,2,4,2,4,5,2,2,2,2,Neutral or Dissatisfied
60338,Male,25,Returning,Business,Business,2994,12,0.0,4,4,3,5,4,3,5,2,5,5,4,4,5,5,Satisfied
47530,Female,54,Returning,Personal,Economy,590,156,178.0,5,1,4,4,3,5,4,5,4,1,3,1,5,4,Neutral or Dissatisfied
96604,Male,29,First-time,Business,Business,972,2,,2,2,5,2,2,5,3,4,3,3,5,2,3,5,Neutral or Dissatisfied
35398,Female,62,Returning,Business,Business,3375,26,36.0,1,1,2,3,1,4,4,4,4,3,4,4,4,4,Neutral or Dissatisfied
114047,Female,14,Returning,Personal,Economy,511,29,8.0,5,2,4,2,5,4,5,4,5,5,4,2,5,4,Neutral or Dissatisfied
120461,Male,56,Returning,Personal,Economy,449,0,0.0,5,1,5,1,1,5,4,3,4,4,5,1,4,5,Neutral or Dissatisfied
22161,Female,46,Returning,Business,Economy,533,0,0.0,5,5,5,2,5,5,4,4,3,1,5,4,5,5,Satisfied
81095,Female,38,Returning,Business,Economy Plus,931,0,0.0,1,1,1,3,1,1,3,3,3,3,4,3,3,4,Neutral or Dissatisfied
1305,Female,62,Returning,Business,Business,2622,56,44.0,4,0,3,4,3,1,5,1,5,5,1,0,1,1,Satisfied
24071,Female,44,Returning,Business,Economy,866,0,0.0,2,5,1,3,5,3,1,3,5,4,3,3,3,3,Satisfied
127028,Female,30,First-time,Business,Business,647,9,1.0,3,3,3,3,2,4,3,5,3,3,5,3,3,5,Neutral or Dissatisfied
33155,Male,40,Returning,Personal,Economy,101,0,0.0,2,1,1,1,3,4,4,4,4,4,3,1,4,3,Neutral or Dissatisfied
47409,Female,46,Returning,Business,Business,2520,0,0.0,5,5,4,4,5,2,4,2,4,2,2,2,2,2,Neutral or Dissatisfied
98097,Female,52,Returning,Business,Business,3345,5,5.0,5,5,4,4,5,4,4,4,3,2,4,5,4,4,Satisfied
46577,Male,52,Returning,Business,Business,2772,73,79.0,4,0,1,4,4,1,5,1,2,3,1,0,1,1,Satisfied
71185,Male,59,Returning,Business,Business,1531,22,17.0,3,3,4,5,3,5,4,5,4,3,5,3,5,5,Satisfied
50156,Female,27,Returning,Business,Business,2272,0,0.0,3,3,5,5,3,3,4,4,5,5,3,3,5,4,Satisfied
118686,Female,14,First-time,Personal,Economy,325,0,0.0,2,1,2,1,4,3,3,1,3,3,4,1,3,4,Neutral or Dissatisfied
69883,Male,56,Returning,Business,Economy,2248,0,0.0,4,2,2,2,4,1,2,4,2,2,3,2,2,4,Neutral or Dissatisfied
97537,Male,50,Returning,Business,Business,3236,41,32.0,2,2,5,5,2,4,5,4,3,3,4,2,4,4,Satisfied
29095,Female,51,Returning,Personal,Economy,697,0,4.0,5,1,3,5,1,2,4,1,5,5,2,1,2,2,Neutral or Dissatisfied
54927,Female,24,First-time,Business,Economy,1303,2,0.0,5,5,5,5,1,5,5,4,5,5,4,5,5,4,Satisfied
109584,Male,50,Returning,Business,Business,992,16,22.0,2,2,4,5,2,5,4,5,5,3,5,2,5,5,Satisfied
128523,Female,44,Returning,Personal,Economy,646,0,0.0,2,2,2,3,3,4,3,2,1,3,4,2,4,4,Neutral or Dissatisfied
61498,Female,34,First-time,Business,Business,2419,31,1.0,4,4,3,4,3,5,5,5,5,5,5,4,5,4,Neutral or Dissatisfied
80337,Female,43,Returning,Business,Economy Plus,746,191,239.0,5,5,3,3,5,5,3,3,3,3,2,3,3,4,Neutral or Dissatisfied
115207,Male,35,Returning,Business,Business,1529,17,16.0,2,2,3,5,2,4,5,4,3,4,4,2,4,4,Satisfied
25469,Male,45,Returning,Business,Business,547,0,0.0,1,1,3,4,1,5,5,4,5,3,5,1,5,5,Satisfied
14704,Female,36,First-time,Business,Economy,419,0,0.0,1,1,1,1,3,2,3,3,3,3,4,1,3,4,Neutral or Dissatisfied
22695,Female,40,Returning,Business,Economy,589,0,0.0,2,2,4,3,2,4,3,2,3,3,3,3,3,4,Neutral or Dissatisfied
15833,Female,43,Returning,Business,Economy Plus,195,2,0.0,2,2,2,4,2,1,3,1,2,1,1,1,1,1,Neutral or Dissatisfied
45720,Female,43,Returning,Business,Business,452,63,43.0,1,1,5,5,1,2,2,2,5,2,2,1,2,2,Satisfied
41914,Male,40,Returning,Business,Business,129,0,2.0,4,4,3,2,4,5,3,5,2,5,5,4,5,4,Satisfied
104322,Female,55,Returning,Business,Business,409,7,13.0,3,3,5,5,3,4,5,4,4,4,4,3,4,4,Satisfied
89984,Male,22,First-time,Business,Economy,1310,2,13.0,2,2,3,2,3,3,4,1,5,5,3,2,5,3,Neutral or Dissatisfied
119106,Male,35,Returning,Business,Business,1761,0,0.0,4,2,4,4,2,5,4,5,5,5,5,2,5,5,Satisfied
74276,Male,49,Returning,Business,Business,2311,0,0.0,1,1,3,3,1,5,5,5,5,2,5,1,5,5,Satisfied
13547,Female,80,First-time,Business,Business,152,249,248.0,4,4,3,3,3,5,3,4,3,3,3,3,4,3,Neutral or Dissatisfied
6645,Male,44,Returning,Business,Business,2589,6,3.0,5,5,3,4,5,4,4,4,5,5,4,5,4,4,Satisfied
57215,Male,52,Returning,Business,Economy,1514,14,11.0,1,2,4,3,2,3,3,5,3,3,3,3,3,4,Neutral or Dissatisfied
41494,Male,45,Returning,Business,Business,715,0,17.0,2,2,4,2,2,4,5,4,2,4,4,2,4,4,Satisfied
99786,Female,52,Returning,Business,Business,2685,0,2.0,2,2,3,4,2,4,5,4,4,4,4,2,4,4,Satisfied
14941,Male,21,Returning,Business,Business,554,0,0.0,3,3,1,4,3,5,4,1,4,4,3,3,4,5,Satisfied
396,Male,35,Returning,Business,Business,3838,0,3.0,1,5,2,4,1,3,3,3,3,1,3,3,3,3,Neutral or Dissatisfied
59912,Female,26,First-time,Business,Economy,1068,0,0.0,2,2,1,2,3,1,3,1,3,3,4,2,3,3,Neutral or Dissatisfied
90026,Female,46,Returning,Business,Business,3472,0,0.0,2,2,5,5,2,5,4,4,5,3,5,2,5,5,Satisfied
75225,Male,15,First-time,Business,Economy,1846,0,0.0,3,3,4,3,3,4,5,5,5,5,4,3,5,4,Neutral or Dissatisfied
33181,Female,57,First-time,Business,Economy Plus,216,0,0.0,1,1,2,1,3,4,4,3,5,5,5,1,5,1,Neutral or Dissatisfied
107597,Female,45,First-time,Business,Business,423,0,0.0,2,2,4,2,5,3,4,2,4,4,4,2,4,4,Neutral or Dissatisfied
60948,Female,30,First-time,Business,Business,888,0,2.0,0,0,5,0,2,5,3,3,3,3,5,0,3,4,Satisfied
49708,Male,41,Returning,Business,Business,2138,12,2.0,5,5,4,2,5,1,3,1,3,4,1,1,1,1,Neutral or Dissatisfied
127494,Male,21,Returning,Personal,Economy,1814,10,0.0,4,1,4,1,3,4,3,5,4,4,4,1,4,4,Neutral or Dissatisfied
38227,Male,38,Returning,Business,Economy Plus,849,0,0.0,3,3,4,4,3,3,4,2,4,4,2,4,4,5,Satisfied
97258,Female,57,Returning,Personal,Economy,296,1,2.0,4,5,3,5,3,4,5,5,3,5,4,5,4,4,Satisfied
89756,Male,29,Returning,Personal,Economy,1076,0,0.0,4,1,3,1,1,4,4,5,4,4,5,1,4,4,Neutral or Dissatisfied
44566,Female,52,Returning,Business,Economy,157,0,0.0,4,4,2,3,4,3,4,5,1,3,3,5,3,3,Satisfied
56838,Female,41,First-time,Business,Economy Plus,1605,26,18.0,2,2,3,2,3,3,1,5,1,1,3,2,1,3,Neutral or Dissatisfied
62735,Male,42,Returning,Business,Business,2449,0,0.0,5,5,4,3,5,4,4,4,3,3,4,5,4,4,Satisfied
75349,Male,68,Returning,Personal,Economy,2615,0,0.0,4,2,3,3,2,3,3,5,3,2,4,2,4,5,Neutral or Dissatisfied
16597,Female,14,Returning,Personal,Business,1008,4,0.0,5,3,4,3,3,3,4,4,2,2,4,3,2,4,Neutral or Dissatisfied
117472,Male,49,Returning,Business,Business,507,6,9.0,5,2,3,4,5,4,5,4,3,2,4,5,4,4,Satisfied
97424,Female,51,Returning,Personal,Economy,587,0,0.0,4,0,1,4,3,5,2,0,3,3,5,1,5,3,Neutral or Dissatisfied
105770,Male,65,Returning,Business,Business,442,4,0.0,1,1,4,2,1,5,2,5,3,2,5,1,5,5,Satisfied
36578,Female,26,Returning,Business,Business,1211,0,0.0,1,5,5,2,5,5,2,1,2,2,1,5,2,3,Satisfied
4214,Female,29,Returning,Personal,Economy,888,37,38.0,2,3,1,3,3,2,1,4,1,1,3,3,1,2,Neutral or Dissatisfied
110766,Male,62,Returning,Business,Economy,990,22,22.0,1,1,3,2,1,3,2,4,2,2,3,2,2,2,Neutral or Dissatisfied
116651,Female,47,Returning,Business,Business,2941,0,0.0,1,1,4,4,1,4,5,4,4,4,4,1,4,4,Satisfied
53579,Female,48,Returning,Personal,Economy,1195,9,1.0,5,2,5,4,3,2,5,2,4,4,2,2,2,2,Neutral or Dissatisfied
1586,Male,32,Returning,Business,Business,2858,34,31.0,2,2,1,2,2,4,2,3,2,2,3,2,2,2,Neutral or Dissatisfied
30749,Male,47,Returning,Business,Economy,577,103,110.0,3,3,1,3,3,1,3,2,3,3,4,3,3,3,Neutral or Dissatisfied
115834,Female,45,Returning,Business,Business,2898,47,34.0,1,1,2,4,1,4,4,4,2,5,4,4,4,4,Neutral or Dissatisfied
90300,Female,57,Returning,Personal,Economy,932,0,0.0,5,1,5,4,3,3,4,1,4,3,3,1,3,3,Neutral or Dissatisfied
128290,Male,44,Returning,Business,Business,2767,0,6.0,5,5,3,4,5,5,5,5,3,5,5,5,5,5,Satisfied
57658,Female,11,Returning,Personal,Economy,200,34,13.0,4,0,4,0,1,5,1,2,1,1,4,2,1,5,Neutral or Dissatisfied
35199,Female,27,Returning,Business,Business,1988,2,11.0,3,3,2,5,3,3,5,1,5,5,1,3,5,3,Satisfied
38321,Male,50,Returning,Business,Business,2334,0,12.0,1,1,5,5,1,4,4,4,3,3,4,1,4,4,Satisfied
91908,Female,29,First-time,Business,Economy,1368,29,11.0,4,4,3,4,3,4,2,5,2,2,4,4,2,2,Neutral or Dissatisfied
94962,Female,51,Returning,Business,Economy,239,0,0.0,5,5,2,4,5,5,5,5,3,3,5,5,5,5,Satisfied
127110,Male,65,Returning,Personal,Economy,304,0,0.0,4,3,5,3,2,3,2,5,2,2,4,3,2,5,Neutral or Dissatisfied
64848,Male,27,Returning,Business,Economy,282,112,108.0,1,1,4,2,1,4,2,2,2,2,3,2,2,2,Neutral or Dissatisfied
89301,Female,25,Returning,Personal,Economy,453,0,51.0,4,1,4,1,1,4,4,1,4,4,3,1,4,2,Neutral or Dissatisfied
55682,Male,50,Returning,Business,Business,1544,1,0.0,3,3,3,4,3,4,4,5,3,2,4,3,4,4,Satisfied
58188,Male,43,Returning,Business,Business,3672,10,4.0,5,5,4,4,5,5,5,5,5,2,5,5,5,5,Satisfied
48071,Male,59,Returning,Business,Business,236,27,32.0,3,3,3,2,3,2,2,2,4,1,2,2,2,2,Neutral or Dissatisfied
42304,Female,21,Returning,Personal,Economy,817,0,0.0,2,2,4,2,3,4,3,3,3,3,2,2,3,2,Neutral or Dissatisfied
64367,Male,52,Returning,Personal,Economy,1192,0,0.0,5,3,3,3,2,5,2,3,2,2,4,3,2,5,Neutral or Dissatisfied
39052,Male,44,Returning,Personal,Economy Plus,313,0,13.0,3,3,4,3,3,1,4,4,4,4,3,3,4,3,Neutral or Dissatisfied
114929,Female,43,Returning,Business,Business,417,37,31.0,5,5,4,4,5,2,5,2,4,4,2,5,2,2,Satisfied
36606,Male,38,Returning,Business,Business,2410,2,0.0,3,3,4,5,3,4,2,4,4,4,4,3,4,4,Satisfied
68558,Male,59,Returning,Personal,Economy,2136,0,0.0,4,3,3,3,1,3,1,2,1,1,5,3,1,4,Neutral or Dissatisfied
67822,Male,40,Returning,Business,Economy,1438,17,48.0,2,2,3,3,2,4,3,1,3,3,3,3,3,4,Neutral or Dissatisfied
101825,Female,22,Returning,Personal,Economy,1521,0,0.0,4,4,1,4,4,3,5,2,1,1,4,4,1,4,Satisfied
31749,Male,22,Returning,Personal,Economy Plus,853,6,0.0,4,0,5,0,3,4,1,2,5,5,5,1,5,5,Neutral or Dissatisfied
99283,Male,39,Returning,Business,Business,535,4,0.0,1,1,4,5,1,5,5,5,5,4,5,1,5,5,Satisfied
89951,Female,18,Returning,Personal,Economy,1416,0,0.0,4,3,2,3,3,4,1,5,3,3,1,3,3,1,Neutral or Dissatisfied
95662,Female,52,Returning,Business,Business,928,0,1.0,4,4,4,4,4,4,5,4,3,2,4,4,4,4,Satisfied
26309,Female,50,Returning,Business,Business,2139,2,18.0,4,4,1,3,4,1,4,2,2,1,1,1,1,1,Neutral or Dissatisfied
108311,Female,46,Returning,Business,Business,1728,65,74.0,4,4,3,3,4,5,5,5,3,3,5,4,5,5,Satisfied
108255,Female,11,First-time,Business,Economy,895,102,113.0,1,1,2,1,4,4,3,2,3,3,3,1,3,3,Neutral or Dissatisfied
49822,Female,38,Returning,Business,Business,3982,9,12.0,5,5,1,3,5,1,2,1,1,2,1,2,1,2,Neutral or Dissatisfied
8609,Male,30,Returning,Personal,Business,1371,20,12.0,4,3,5,3,3,4,4,5,4,4,4,3,4,4,Neutral or Dissatisfied
39685,Female,45,Returning,Business,Economy Plus,534,0,9.0,2,2,1,3,2,1,4,1,2,4,1,1,1,1,Neutral or Dissatisfied
109164,Female,40,First-time,Business,Business,391,3,0.0,1,1,3,1,2,4,5,5,5,5,5,1,5,4,Neutral or Dissatisfied
84258,Male,52,Returning,Business,Business,1631,0,0.0,4,4,5,5,4,5,5,5,3,3,5,4,5,5,Satisfied
16001,Female,27,First-time,Business,Economy,794,0,18.0,3,3,4,3,3,3,4,3,4,4,2,3,4,2,Neutral or Dissatisfied
3557,Female,22,First-time,Business,Economy,227,13,9.0,2,3,1,3,3,3,5,1,5,5,4,3,5,3,Neutral or Dissatisfied
99908,Male,41,Returning,Business,Business,1428,0,12.0,4,4,5,4,4,4,5,4,5,3,4,4,4,4,Satisfied
108250,Female,52,Returning,Business,Business,2654,14,10.0,5,4,5,4,4,4,5,4,5,2,4,4,4,4,Satisfied
31843,Female,27,First-time,Business,Economy,2640,0,0.0,3,3,5,3,2,3,4,2,4,4,5,3,4,4,Neutral or Dissatisfied
15366,Female,38,Returning,Business,Economy,433,0,0.0,3,3,3,3,3,1,2,4,2,2,1,2,2,5,Satisfied
113067,Male,46,Returning,Business,Business,3299,0,0.0,5,5,4,4,5,2,5,2,3,4,2,5,2,2,Satisfied
49238,Male,36,First-time,Business,Economy,308,0,22.0,0,2,2,2,3,4,1,2,1,1,4,2,1,3,Neutral or Dissatisfied
89330,Male,44,Returning,Business,Business,1587,5,1.0,1,1,4,5,1,4,4,5,4,3,4,1,4,4,Satisfied
60546,Female,51,Returning,Personal,Economy,862,0,0.0,5,2,3,5,4,2,5,2,3,3,2,2,2,2,Neutral or Dissatisfied
92690,Male,32,Returning,Personal,Economy,507,11,4.0,5,5,4,5,5,4,4,3,4,4,5,1,4,4,Neutral or Dissatisfied
112530,Male,28,Returning,Personal,Economy,862,10,7.0,1,1,3,1,1,3,5,2,5,5,2,1,5,1,Neutral or Dissatisfied
679,Male,42,Returning,Business,Business,3640,0,0.0,1,4,5,4,1,4,5,4,5,4,4,1,4,4,Satisfied
50138,Female,52,Returning,Business,Business,337,0,0.0,2,2,4,4,2,3,4,3,4,4,3,3,3,3,Neutral or Dissatisfied
102311,Male,61,Returning,Business,Economy,386,0,0.0,1,1,3,4,1,1,5,5,5,5,1,4,5,2,Neutral or Dissatisfied
22602,Male,37,Returning,Business,Business,300,6,0.0,5,5,4,1,5,5,3,4,3,4,5,5,5,5,Satisfied
117072,Male,73,Returning,Business,Economy,325,1,0.0,2,2,3,1,2,2,1,4,1,1,4,1,1,3,Neutral or Dissatisfied
591,Female,56,Returning,Business,Business,1507,10,12.0,0,0,4,5,3,2,5,3,3,3,2,0,2,3,Satisfied
14411,Male,29,Returning,Business,Business,3591,0,13.0,3,3,4,5,3,3,5,3,5,5,4,3,5,2,Satisfied
79754,Female,52,Returning,Business,Business,2633,0,0.0,2,2,4,5,2,3,4,4,5,4,3,2,3,3,Satisfied
99271,Male,49,Returning,Business,Business,2445,0,0.0,5,5,3,5,5,4,4,4,5,3,4,5,4,4,Satisfied
36295,Male,62,Returning,Business,Business,1616,13,11.0,1,1,4,3,1,5,5,5,5,5,5,1,5,5,Satisfied
92720,Female,39,Returning,Business,Business,2165,3,0.0,2,2,4,4,2,3,5,3,3,4,3,2,3,3,Satisfied
97690,Female,11,First-time,Business,Economy,491,0,0.0,5,3,3,3,3,4,3,3,4,4,4,3,4,5,Neutral or Dissatisfied
62456,Female,37,First-time,Business,Business,923,0,0.0,2,2,4,2,3,3,2,3,2,2,5,2,2,4,Satisfied
46936,Female,63,First-time,Personal,Economy,776,7,,5,4,3,4,4,5,3,2,3,3,5,5,3,5,Satisfied
90349,Female,32,First-time,Business,Business,271,0,0.0,3,3,5,3,4,4,3,5,3,3,5,3,3,4,Neutral or Dissatisfied
43379,Female,7,Returning,Personal,Economy,463,0,0.0,5,3,5,3,2,4,5,5,5,5,4,3,5,4,Neutral or Dissatisfied
89883,Female,23,Returning,Business,Business,1416,0,0.0,3,3,3,4,3,3,4,5,4,4,4,4,4,4,Neutral or Dissatisfied
86628,Male,39,Returning,Business,Business,746,22,15.0,5,5,4,3,5,1,3,1,2,2,1,1,1,1,Neutral or Dissatisfied
128568,Female,22,First-time,Business,Business,110,3,18.0,5,4,3,4,4,4,3,4,3,3,5,4,3,5,Satisfied
103304,Female,18,Returning,Business,Business,1371,8,12.0,4,4,4,4,4,5,4,4,4,4,4,4,4,4,Satisfied
88654,Male,37,Returning,Personal,Economy,594,0,0.0,4,3,5,3,3,1,5,4,1,1,5,3,1,3,Neutral or Dissatisfied
47813,Male,36,Returning,Business,Business,462,0,24.0,3,3,4,4,3,5,4,5,5,2,5,3,5,5,Satisfied
105402,Male,15,Returning,Personal,Economy,369,0,0.0,5,5,2,5,4,1,5,3,3,3,4,5,3,3,Satisfied
94022,Female,52,Returning,Business,Business,248,0,0.0,3,3,4,5,3,5,4,5,4,4,5,3,5,5,Satisfied
14837,Female,18,First-time,Business,Economy,261,0,0.0,3,5,2,5,3,5,1,1,1,1,2,5,1,2,Satisfied
58864,Male,38,Returning,Business,Business,3699,5,0.0,4,4,5,4,4,3,5,3,4,4,3,4,3,3,Satisfied
119511,Male,72,Returning,Business,Business,2122,3,5.0,4,4,3,3,4,3,4,3,1,5,3,3,3,3,Neutral or Dissatisfied
115622,Female,53,Returning,Business,Business,3693,0,0.0,1,1,1,4,1,1,3,1,3,1,1,1,1,1,Neutral or Dissatisfied
40812,Male,38,Returning,Business,Economy,588,1,0.0,1,1,4,3,1,4,3,3,3,3,3,3,3,3,Neutral or Dissatisfied
24275,Male,20,Returning,Personal,Economy,147,0,0.0,5,3,5,3,3,3,2,5,2,2,4,3,2,5,Neutral or Dissatisfied
124394,Female,31,Returning,Business,Business,1806,0,0.0,2,2,4,2,2,3,2,5,2,2,5,2,2,4,Satisfied
72442,Male,32,First-time,Business,Business,964,9,7.0,3,3,4,3,4,3,2,2,5,5,5,3,5,4,Neutral or Dissatisfied
24659,Male,30,Returning,Business,Business,3626,0,7.0,3,3,4,1,3,4,1,3,1,1,4,1,1,3,Neutral or Dissatisfied
111086,Female,27,Returning,Personal,Economy,268,8,10.0,1,3,2,3,3,2,4,1,4,4,4,3,4,3,Neutral or Dissatisfied
28686,Male,10,Returning,Personal,Economy,2777,0,0.0,2,3,5,5,4,1,5,4,5,3,1,3,2,4,Neutral or Dissatisfied
49128,Female,36,First-time,Business,Economy,193,0,35.0,4,3,3,3,3,4,5,1,5,5,4,3,5,1,Neutral or Dissatisfied
74272,Male,35,Returning,Business,Business,2288,0,0.0,1,2,5,4,1,3,5,3,4,4,3,1,3,3,Satisfied
12040,Female,44,Returning,Business,Business,376,0,0.0,1,1,2,5,1,3,5,3,1,3,3,1,3,3,Satisfied
35711,Female,36,Returning,Personal,Economy,2586,22,21.0,4,1,4,4,1,3,4,4,4,1,4,1,4,4,Neutral or Dissatisfied
13240,Male,26,Returning,Business,Economy,657,0,6.0,3,5,2,3,5,3,3,1,3,3,1,3,3,1,Neutral or Dissatisfied
28225,Male,46,Returning,Personal,Economy Plus,834,0,1.0,5,4,5,4,4,5,1,2,1,1,5,4,1,5,Neutral or Dissatisfied
60874,Male,72,Returning,Business,Business,3081,0,0.0,4,4,3,4,4,4,4,4,5,5,4,4,4,4,Satisfied
7529,Male,26,Returning,Business,Business,1788,0,0.0,5,5,5,3,5,3,3,5,3,3,4,5,3,4,Satisfied
75169,Female,50,Returning,Business,Business,1744,0,28.0,1,2,4,2,1,1,1,1,1,5,1,1,1,1,Neutral or Dissatisfied
126712,Female,60,Returning,Business,Business,2370,0,12.0,1,1,5,3,1,4,5,4,4,3,4,1,4,4,Satisfied
45818,Male,41,Returning,Personal,Economy,411,0,0.0,5,4,5,4,3,5,1,4,1,1,5,4,1,5,Neutral or Dissatisfied
728,Male,16,First-time,Business,Economy,309,0,0.0,4,4,2,4,4,2,5,1,5,5,4,4,5,4,Neutral or Dissatisfied
75339,Female,48,Returning,Personal,Economy,2486,0,6.0,2,3,3,4,3,4,3,4,3,3,2,3,3,4,Neutral or Dissatisfied
127280,Female,15,Returning,Personal,Economy,1107,57,56.0,4,3,3,3,5,5,5,5,5,5,5,3,5,4,Neutral or Dissatisfied
92853,Female,27,Returning,Personal,Economy Plus,1587,0,1.0,1,3,1,3,2,2,1,2,1,1,3,3,1,3,Neutral or Dissatisfied
16310,Male,25,First-time,Business,Economy,628,0,0.0,0,3,2,3,3,5,4,2,2,2,2,3,2,3,Neutral or Dissatisfied
112674,Male,45,First-time,Business,Business,697,0,0.0,5,5,4,5,3,5,4,4,4,4,4,5,4,5,Satisfied
87861,Male,23,Returning,Personal,Economy,214,0,0.0,2,3,2,3,3,3,5,1,5,5,4,3,5,4,Neutral or Dissatisfied
60611,Male,20,Returning,Personal,Economy,991,0,0.0,5,4,4,4,2,3,5,4,5,5,5,3,5,4,Neutral or Dissatisfied
64515,Male,45,Returning,Personal,Business,354,3,17.0,5,1,3,4,1,2,4,1,3,4,2,1,2,2,Neutral or Dissatisfied
95493,Female,27,First-time,Business,Economy Plus,562,7,0.0,1,1,1,1,3,4,3,5,3,3,4,1,3,3,Neutral or Dissatisfied
101925,Male,34,Returning,Business,Business,628,0,0.0,5,5,4,4,5,4,4,4,5,4,4,5,4,4,Satisfied
22867,Male,27,Returning,Personal,Economy,147,0,0.0,4,2,3,2,3,4,1,3,3,3,5,2,3,5,Neutral or Dissatisfied
53279,Male,53,Returning,Business,Economy,811,9,0.0,5,5,2,4,5,2,4,3,4,4,3,4,4,5,Satisfied
92840,Female,32,Returning,Personal,Economy,1541,0,0.0,5,3,4,3,2,3,5,2,5,5,5,3,5,4,Neutral or Dissatisfied
57699,Male,47,Returning,Personal,Economy,867,0,0.0,5,5,5,5,2,5,1,3,1,1,5,5,1,5,Satisfied
45282,Female,36,Returning,Business,Economy,188,0,0.0,4,4,4,4,4,3,4,2,4,4,4,4,4,5,Satisfied
82450,Female,19,First-time,Business,Economy,502,0,0.0,5,1,3,1,2,5,3,3,3,3,4,1,3,4,Neutral or Dissatisfied
13442,Female,38,First-time,Business,Economy,491,17,21.0,4,1,3,1,4,1,3,3,3,3,3,2,3,3,Neutral or Dissatisfied
25651,Female,27,Returning,Personal,Economy,526,0,0.0,5,4,4,4,4,5,5,4,5,5,5,4,5,4,Satisfied
69226,Male,27,Returning,Business,Business,733,0,2.0,3,3,4,4,3,5,4,5,4,4,4,3,4,4,Satisfied
32124,Female,48,Returning,Business,Business,84,0,0.0,4,0,3,3,4,4,5,5,5,2,4,0,4,5,Satisfied
19668,Female,80,Returning,Business,Business,3363,13,10.0,4,3,5,4,4,3,5,3,4,5,3,4,3,3,Satisfied
60264,Female,72,Returning,Business,Economy Plus,1146,0,0.0,1,1,1,4,1,1,4,1,3,1,1,1,1,1,Neutral or Dissatisfied
91125,Female,70,Returning,Personal,Economy,270,0,0.0,0,3,4,4,1,4,4,3,3,5,4,3,4,4,Neutral or Dissatisfied
16018,Female,43,Returning,Personal,Economy,780,15,5.0,5,1,3,4,5,1,4,1,4,5,1,1,1,1,Neutral or Dissatisfied
108048,Male,54,First-time,Personal,Economy,591,29,21.0,5,2,4,2,1,4,5,2,5,5,5,2,5,4,Neutral or Dissatisfied
110062,Male,40,Returning,Business,Business,1984,41,24.0,1,4,3,4,1,4,5,4,5,5,4,1,4,4,Satisfied
28068,Female,24,First-time,Business,Economy,1327,0,0.0,2,2,3,3,2,5,3,3,3,3,1,3,1,4,Satisfied
42029,Male,44,Returning,Business,Business,116,16,25.0,3,3,5,4,3,5,1,5,4,4,5,3,5,5,Satisfied
5857,Male,31,Returning,Personal,Economy,1020,0,0.0,0,4,2,4,4,3,4,5,4,4,4,4,4,2,Satisfied
10109,Male,51,Returning,Personal,Economy,391,0,0.0,4,3,4,3,3,3,1,2,1,1,2,3,1,1,Neutral or Dissatisfied
78796,Male,17,Returning,Business,Business,554,0,7.0,2,2,2,3,2,3,3,5,3,3,4,3,3,3,Neutral or Dissatisfied
123366,Female,12,First-time,Business,Business,644,0,0.0,4,3,5,3,5,3,3,5,3,3,5,4,3,5,Satisfied
10362,Female,39,First-time,Business,Business,247,0,0.0,2,2,4,2,1,4,2,2,2,2,4,2,2,5,Neutral or Dissatisfied
91495,Male,46,First-time,Business,Business,391,62,96.0,1,1,3,2,5,5,2,3,3,3,4,2,3,4,Neutral or Dissatisfied
7771,Female,25,First-time,Business,Business,1080,0,0.0,5,2,4,2,5,3,4,5,2,2,4,2,2,4,Neutral or Dissatisfied
78824,Male,54,Returning,Personal,Economy,447,0,0.0,5,3,2,3,1,2,4,2,4,4,5,3,4,1,Neutral or Dissatisfied
60462,Male,57,Returning,Business,Business,862,3,8.0,2,2,3,3,2,3,3,3,4,4,3,3,3,3,Neutral or Dissatisfied
108896,Male,46,Returning,Business,Business,3889,13,2.0,3,5,4,5,5,5,4,5,5,5,5,5,5,5,Satisfied
19644,Female,60,Returning,Business,Economy Plus,531,37,30.0,1,1,4,3,1,1,3,1,4,5,1,1,1,1,Neutral or Dissatisfied
85574,Female,21,First-time,Business,Economy,192,0,0.0,0,4,5,4,4,5,4,4,1,1,4,4,1,4,Satisfied
109321,Female,64,Returning,Personal,Economy,1136,28,14.0,4,1,5,5,1,5,4,1,4,3,5,1,5,5,Neutral or Dissatisfied
7208,Male,54,First-time,Business,Business,135,0,0.0,3,3,4,3,2,5,1,2,1,1,5,3,1,4,Neutral or Dissatisfied
109064,Male,41,Returning,Business,Economy,781,10,0.0,4,2,3,4,2,3,4,1,4,4,3,4,4,2,Neutral or Dissatisfied
83712,Female,39,Returning,Business,Business,577,0,0.0,3,3,4,4,3,4,5,4,3,2,4,3,4,4,Satisfied
24924,Female,28,Returning,Personal,Economy,762,0,0.0,4,5,2,5,3,3,3,4,3,3,4,5,3,3,Satisfied
1359,Male,17,Returning,Business,Business,396,3,6.0,5,5,1,2,5,3,1,3,1,1,3,1,1,3,Neutral or Dissatisfied
125950,Male,18,Returning,Personal,Economy,861,0,42.0,4,3,5,3,3,4,2,5,3,3,5,3,3,5,Neutral or Dissatisfied
41151,Female,8,Returning,Personal,Economy,140,0,6.0,0,4,5,4,1,5,1,3,1,1,5,4,1,5,Neutral or Dissatisfied
101365,Female,56,Returning,Business,Business,1986,0,0.0,1,5,5,5,1,4,4,4,5,5,4,1,4,4,Satisfied
64133,Female,42,Returning,Business,Business,2200,20,0.0,2,5,5,5,2,5,4,5,5,4,5,2,5,5,Satisfied
5216,Male,50,Returning,Business,Business,383,0,0.0,3,3,5,4,3,4,4,4,4,5,4,3,4,4,Satisfied
81864,Female,62,Returning,Personal,Economy Plus,1310,62,44.0,4,3,5,5,4,3,4,3,5,5,3,3,3,3,Neutral or Dissatisfied
21385,Male,68,Returning,Business,Business,3531,0,0.0,2,2,5,4,2,4,4,4,3,5,4,2,4,4,Satisfied
116612,Female,39,First-time,Business,Business,325,0,0.0,2,2,4,2,4,5,3,2,3,3,5,2,3,4,Neutral or Dissatisfied
7150,Male,35,Returning,Business,Business,116,0,0.0,3,3,4,5,3,5,4,5,3,2,5,3,5,4,Satisfied
59040,Female,29,First-time,Business,Economy,941,39,24.0,1,1,1,1,4,2,3,1,3,3,4,1,3,2,Neutral or Dissatisfied
45525,Female,8,Returning,Personal,Economy,689,0,1.0,4,0,3,4,3,3,1,2,1,1,5,0,1,5,Satisfied
61646,Male,48,Returning,Business,Business,1379,0,0.0,3,3,3,5,3,4,5,3,3,3,4,3,4,4,Satisfied
15864,Female,51,Returning,Business,Economy,618,26,23.0,2,2,1,1,2,1,5,2,5,4,1,2,1,1,Satisfied
87299,Female,9,Returning,Personal,Economy,577,150,144.0,5,1,3,3,5,2,3,4,3,1,5,1,4,5,Neutral or Dissatisfied
76334,Female,15,Returning,Personal,Economy Plus,2182,0,0.0,4,2,1,2,4,4,5,1,5,5,3,2,5,3,Neutral or Dissatisfied
43654,Female,48,Returning,Business,Economy,695,0,0.0,5,5,3,2,5,5,1,5,3,3,5,5,5,5,Satisfied
7795,Female,53,Returning,Business,Business,650,0,13.0,4,4,5,4,4,5,4,4,4,4,5,4,5,5,Satisfied
95374,Female,8,Returning,Personal,Economy,239,1,0.0,4,1,4,1,3,5,5,5,5,5,4,1,5,4,Neutral or Dissatisfied
46513,Female,20,Returning,Business,Economy,73,15,25.0,5,5,1,5,5,3,5,3,5,5,4,5,5,5,Satisfied
39695,Female,63,Returning,Business,Business,205,32,,4,4,4,5,4,5,5,5,5,2,5,4,5,4,Satisfied
86824,Male,26,Returning,Business,Economy,484,9,0.0,1,1,2,2,1,4,2,5,2,2,2,2,2,2,Neutral or Dissatisfied
74975,Female,31,Returning,Personal,Economy,2475,6,90.0,2,1,2,1,4,3,2,2,2,2,4,1,2,3,Neutral or Dissatisfied
117633,Female,45,Returning,Personal,Economy,843,25,17.0,5,3,4,3,2,4,4,3,2,2,4,3,4,4,Neutral or Dissatisfied
82822,Female,34,Returning,Personal,Business,594,2,0.0,4,1,4,4,3,2,5,1,4,2,2,1,2,2,Neutral or Dissatisfied
88478,Male,23,Returning,Business,Economy,181,0,0.0,5,5,4,5,5,1,4,2,5,5,4,5,5,4,Satisfied
4720,Male,26,Returning,Business,Business,3332,0,0.0,4,4,5,5,4,5,5,3,5,5,4,4,5,5,Satisfied
69150,Female,45,Returning,Personal,Economy,2248,8,0.0,4,3,1,4,4,4,4,3,4,5,4,3,4,4,Neutral or Dissatisfied
31443,Female,43,Returning,Personal,Economy,1541,46,35.0,2,3,1,2,4,3,4,3,2,4,3,3,3,3,Neutral or Dissatisfied
50458,Female,30,Returning,Business,Business,110,0,3.0,5,0,5,4,4,3,4,3,4,4,3,0,4,1,Satisfied
46509,Female,32,Returning,Business,Economy,125,0,0.0,5,5,5,4,5,1,4,3,4,4,3,4,4,3,Satisfied
43980,Male,53,Returning,Business,Economy,411,0,0.0,5,5,1,4,5,2,4,1,4,4,2,4,4,2,Satisfied
113997,Male,39,Returning,Business,Economy,228,0,0.0,4,2,5,4,4,1,4,5,4,4,5,4,4,4,Satisfied
8954,Female,51,Returning,Personal,Economy Plus,328,10,11.0,2,3,4,4,3,4,3,3,2,5,4,3,4,4,Neutral or Dissatisfied
100132,Male,51,Returning,Business,Business,2309,1,0.0,2,2,3,5,2,5,4,5,3,3,5,2,5,5,Satisfied
115197,Female,24,First-time,Business,Business,480,0,0.0,0,4,3,4,3,3,2,4,2,2,5,4,2,5,Satisfied
76871,Female,34,Returning,Personal,Economy,1927,0,0.0,4,1,4,1,3,3,5,2,5,5,5,1,5,5,Neutral or Dissatisfied
26015,Male,21,First-time,Business,Economy,425,25,16.0,1,2,3,2,3,4,4,1,1,1,4,2,1,3,Neutral or Dissatisfied
32308,Female,37,Returning,Business,Business,163,0,0.0,5,5,2,1,5,4,1,4,4,2,4,5,4,5,Satisfied
119249,Female,19,Returning,Personal,Economy Plus,331,0,0.0,4,3,5,3,2,4,5,3,5,5,4,3,5,5,Neutral or Dissatisfied
33708,Female,42,Returning,Business,Economy,805,0,0.0,4,4,4,5,4,4,4,4,5,2,4,4,4,4,Satisfied
13851,Male,26,First-time,Business,Economy,583,0,0.0,3,5,3,5,1,1,4,3,4,4,3,5,4,1,Satisfied
24774,Male,24,First-time,Business,Economy,528,0,22.0,0,2,5,2,2,1,5,3,5,5,5,2,5,1,Neutral or Dissatisfied
34827,Female,35,First-time,Business,Economy Plus,301,0,0.0,2,2,2,2,5,1,3,2,3,3,2,2,3,4,Neutral or Dissatisfied
80460,Female,45,First-time,Business,Business,1299,5,0.0,2,2,5,2,3,5,2,4,2,2,5,2,2,4,Neutral or Dissatisfied
64415,Female,40,Returning,Personal,Economy Plus,1212,10,4.0,5,4,1,4,4,4,4,3,4,4,5,3,4,4,Neutral or Dissatisfied
7064,Male,49,Returning,Business,Business,1699,0,0.0,5,5,5,5,5,4,4,4,3,3,4,5,4,4,Satisfied
111240,Male,41,Returning,Personal,Economy Plus,1506,0,0.0,5,1,5,1,3,5,1,5,5,5,4,1,5,5,Neutral or Dissatisfied
6484,Female,25,Returning,Business,Economy,557,0,0.0,5,5,4,3,5,2,3,4,3,3,3,3,3,3,Neutral or Dissatisfied
80312,Female,28,Returning,Business,Business,746,9,0.0,3,3,2,5,3,5,5,2,5,5,4,3,5,5,Satisfied
15343,Male,44,First-time,Business,Business,331,295,288.0,2,2,5,5,2,2,5,4,5,2,5,2,5,5,Neutral or Dissatisfied
77806,Male,52,Returning,Personal,Economy,874,264,288.0,1,2,5,5,2,5,5,3,5,2,2,3,4,2,Neutral or Dissatisfied
112822,Male,33,First-time,Business,Business,715,34,18.0,3,3,5,3,4,3,1,2,4,4,4,3,4,4,Neutral or Dissatisfied
30725,Male,47,Returning,Business,Business,3914,0,0.0,2,2,1,3,2,5,5,5,3,3,5,2,5,5,Satisfied
45979,Female,32,Returning,Business,Business,1724,47,51.0,1,1,1,5,1,3,5,2,5,5,2,1,5,1,Satisfied
125370,Male,60,Returning,Business,Business,2573,0,0.0,2,2,4,5,2,5,4,5,4,5,5,2,5,5,Satisfied
5720,Female,42,Returning,Personal,Economy,234,0,0.0,4,2,5,4,3,5,4,2,3,2,5,2,5,5,Neutral or Dissatisfied
78273,Female,67,Returning,Personal,Business,1598,0,0.0,5,2,5,3,4,1,5,2,5,2,1,2,1,1,Neutral or Dissatisfied
67762,Male,54,Returning,Business,Business,3444,104,106.0,1,1,1,4,1,2,4,2,2,1,2,2,2,2,Neutral or Dissatisfied
118515,Male,39,Returning,Business,Business,370,40,35.0,5,5,5,4,5,5,5,5,3,5,5,5,5,5,Satisfied
37751,Female,17,Returning,Business,Economy Plus,950,0,0.0,4,3,4,4,4,4,4,5,4,4,5,4,4,3,Satisfied
102157,Female,38,Returning,Business,Business,397,0,0.0,5,2,4,4,5,4,4,5,4,5,4,5,4,4,Satisfied
45355,Male,23,Returning,Personal,Economy,290,0,0.0,5,2,4,2,3,5,4,2,4,4,5,2,4,5,Neutral or Dissatisfied
102466,Female,57,Returning,Personal,Economy,407,23,4.0,5,2,5,3,2,2,4,2,5,3,2,2,2,2,Neutral or Dissatisfied
62618,Male,42,Returning,Personal,Economy,1846,0,0.0,4,1,1,1,3,1,2,1,2,2,3,2,2,3,Neutral or Dissatisfied
9682,Female,29,First-time,Business,Business,212,0,0.0,1,1,5,1,3,3,1,3,1,1,5,1,1,4,Neutral or Dissatisfied
43233,Male,10,Returning,Personal,Economy,1037,0,0.0,4,4,4,4,3,3,3,3,3,3,4,4,3,4,Neutral or Dissatisfied
78006,Male,77,Returning,Business,Business,2363,0,1.0,5,5,2,4,5,1,3,2,3,1,1,2,1,2,Neutral or Dissatisfied
32313,Male,45,Returning,Business,Business,3178,8,7.0,5,5,4,1,5,4,1,4,2,4,4,5,4,5,Satisfied
22466,Male,68,Returning,Personal,Economy,143,0,0.0,2,3,4,3,4,2,2,2,2,2,3,3,2,4,Neutral or Dissatisfied
120663,Male,22,Returning,Business,Business,3684,0,0.0,3,3,1,1,3,3,1,4,1,1,4,1,1,3,Neutral or Dissatisfied
110844,Male,52,Returning,Business,Business,2832,0,0.0,2,2,5,4,2,5,5,5,5,3,5,2,5,5,Satisfied
37732,Female,49,Returning,Personal,Economy,1074,29,,5,1,3,4,4,1,5,1,3,2,1,1,1,1,Neutral or Dissatisfied
81112,Female,40,Returning,Business,Business,991,2,0.0,5,5,4,5,5,5,5,5,3,2,5,5,5,5,Satisfied
3060,Male,57,Returning,Personal,Economy,340,0,1.0,5,4,4,4,2,5,2,3,3,3,4,4,3,4,Neutral or Dissatisfied
125452,Male,24,First-time,Business,Economy,2845,0,0.0,3,3,5,3,4,5,1,3,1,1,5,3,1,5,Neutral or Dissatisfied
23260,Male,39,Returning,Business,Economy Plus,783,0,0.0,5,2,2,2,5,3,2,2,2,2,1,2,2,2,Satisfied
74050,Female,28,Returning,Personal,Economy,1194,3,0.0,1,3,2,3,1,4,5,2,5,5,2,3,5,2,Neutral or Dissatisfied
96556,Male,51,Returning,Personal,Economy Plus,436,0,0.0,3,5,4,5,3,1,3,2,3,3,3,4,3,3,Neutral or Dissatisfied
81336,Male,29,Returning,Business,Business,2306,3,1.0,4,4,4,1,4,4,1,3,1,1,4,1,1,4,Neutral or Dissatisfied
23847,Male,41,Returning,Business,Economy,522,0,0.0,4,4,5,2,4,1,2,1,2,2,2,2,2,2,Satisfied
79325,Female,44,Returning,Business,Business,3447,0,1.0,1,2,5,4,2,5,5,5,3,4,5,2,5,5,Satisfied
38513,Male,39,Returning,Business,Business,2446,19,5.0,4,4,4,5,4,3,5,3,5,3,3,4,3,3,Satisfied
35075,Female,14,Returning,Personal,Business,1102,17,18.0,4,1,2,1,3,2,1,1,1,1,4,1,1,3,Neutral or Dissatisfied
110851,Female,37,Returning,Business,Business,2894,21,28.0,3,3,4,4,3,4,5,4,3,4,4,3,4,4,Satisfied
127689,Male,55,Returning,Business,Business,2133,43,44.0,2,5,3,3,2,2,4,2,3,5,2,2,2,2,Satisfied
3150,Female,53,Returning,Personal,Economy,140,0,0.0,4,4,3,5,4,2,5,4,5,3,2,4,2,2,Satisfied
18550,Female,36,First-time,Business,Economy,190,0,0.0,0,3,4,3,5,2,3,2,3,3,4,4,3,4,Neutral or Dissatisfied
31357,Male,40,Returning,Business,Economy,589,0,0.0,2,2,2,4,2,2,4,2,4,4,4,4,4,4,Satisfied
114615,Female,43,Returning,Business,Business,2959,0,0.0,3,3,3,4,3,5,4,5,4,5,5,3,5,5,Satisfied
98192,Male,68,Returning,Business,Economy,327,1,0.0,5,5,2,3,5,4,3,2,3,3,4,3,3,4,Neutral or Dissatisfied
49144,Female,53,Returning,Business,Business,421,1,0.0,3,2,4,1,2,4,5,4,4,4,4,2,4,4,Satisfied
8260,Female,35,Returning,Personal,Economy,530,0,0.0,3,5,3,5,3,1,4,1,4,4,4,2,4,4,Neutral or Dissatisfied
69108,Female,48,Returning,Personal,Economy Plus,1389,0,0.0,3,2,2,4,3,5,1,2,3,5,5,2,5,5,Neutral or Dissatisfied
82246,Female,39,Returning,Business,Economy Plus,405,0,0.0,4,5,3,2,5,2,2,2,2,2,3,2,2,4,Neutral or Dissatisfied
123156,Male,7,First-time,Business,Economy,631,0,0.0,0,0,5,0,2,5,3,4,3,3,4,0,3,4,Satisfied
109235,Male,42,Returning,Personal,Economy,793,8,0.0,4,2,3,2,3,5,4,3,4,4,4,2,4,4,Neutral or Dissatisfied
97063,Male,20,First-time,Business,Economy,1390,60,56.0,2,2,3,2,4,2,5,4,5,5,4,2,5,3,Neutral or Dissatisfied
42257,Male,52,Returning,Business,Economy,550,0,0.0,4,4,4,2,4,3,2,5,2,2,3,2,2,3,Neutral or Dissatisfied
81193,Female,54,Returning,Business,Economy Plus,726,0,0.0,5,5,2,4,5,2,3,2,1,2,2,2,2,2,Neutral or Dissatisfied
10647,Female,44,First-time,Business,Business,308,0,0.0,4,4,3,4,2,3,3,2,3,3,4,4,3,5,Satisfied
128471,Male,31,Returning,Personal,Economy,621,0,0.0,5,2,4,2,1,3,2,2,2,2,5,2,2,4,Neutral or Dissatisfied
47059,Female,12,Returning,Business,Business,3760,0,18.0,3,3,4,2,3,3,2,4,2,2,3,2,2,3,Neutral or Dissatisfied
90940,Male,16,Returning,Business,Business,1948,0,0.0,1,5,5,3,1,2,3,2,3,3,2,1,3,3,Satisfied
43951,Male,36,First-time,Business,Business,473,0,14.0,4,4,4,4,3,3,1,3,1,1,3,4,1,3,Neutral or Dissatisfied
67042,Female,56,Returning,Business,Business,3419,0,0.0,3,3,3,4,3,4,4,4,3,5,4,3,4,4,Satisfied
55407,Female,32,Returning,Business,Economy,1558,52,25.0,4,4,4,2,4,4,2,2,2,2,4,2,2,3,Neutral or Dissatisfied
114175,Female,48,Returning,Business,Business,909,6,0.0,2,2,3,5,2,2,4,2,3,4,2,2,2,2,Satisfied
38859,Female,65,Returning,Personal,Economy Plus,2153,0,3.0,5,1,3,5,5,2,5,1,4,5,2,1,2,1,Neutral or Dissatisfied
44551,Male,60,Returning,Personal,Economy,157,4,0.0,3,2,4,2,4,3,2,1,3,3,3,2,3,4,Neutral or Dissatisfied
4825,Male,46,Returning,Business,Business,2983,0,0.0,4,4,4,3,4,1,4,1,4,4,1,1,1,1,Neutral or Dissatisfied
64804,Female,56,Returning,Business,Business,2643,49,56.0,3,3,2,2,3,3,3,3,2,4,3,3,3,3,Neutral or Dissatisfied
33969,Male,43,Returning,Business,Business,1598,0,0.0,4,4,2,5,4,5,3,5,4,5,5,4,5,5,Satisfied
39266,Female,21,First-time,Business,Economy,173,91,97.0,4,1,3,1,3,4,3,4,3,3,3,1,3,4,Neutral or Dissatisfied
127152,Female,53,Returning,Personal,Economy,646,0,0.0,4,1,5,2,2,4,1,1,2,5,4,1,4,4,Neutral or Dissatisfied
90070,Female,57,Returning,Business,Business,957,7,17.0,2,2,3,5,2,4,4,4,4,2,4,2,4,4,Satisfied
64468,Male,40,Returning,Business,Business,190,0,0.0,2,2,3,4,2,4,5,4,5,3,4,2,4,5,Satisfied
120076,Male,41,Returning,Business,Business,1508,0,0.0,5,5,2,3,5,2,4,2,2,1,2,2,2,2,Neutral or Dissatisfied
80112,Male,28,Returning,Personal,Economy,1626,120,125.0,2,2,2,2,4,4,5,2,5,5,3,2,5,3,Neutral or Dissatisfied
58997,Female,41,Returning,Business,Business,1846,342,323.0,2,2,5,5,2,4,5,3,5,5,4,2,5,4,Satisfied
15907,Male,20,First-time,Business,Economy,566,1,18.0,3,4,5,4,2,1,1,4,2,2,3,4,2,3,Neutral or Dissatisfied
72175,Female,49,Returning,Business,Business,2296,49,61.0,3,2,3,5,3,4,5,5,3,2,4,3,4,4,Satisfied
27115,Male,20,Returning,Personal,Business,2677,7,53.0,2,5,5,5,3,3,5,2,5,5,1,5,3,2,Satisfied
6021,Male,23,First-time,Business,Economy,691,3,0.0,1,1,4,1,4,3,1,2,2,2,4,1,2,5,Neutral or Dissatisfied
31931,Female,32,Returning,Business,Business,3326,0,0.0,2,5,5,5,2,5,5,2,5,5,4,2,5,4,Satisfied
126623,Female,22,Returning,Business,Business,1610,0,6.0,2,2,5,2,2,3,2,2,2,2,4,2,2,5,Satisfied
90833,Male,52,Returning,Business,Business,406,0,0.0,5,5,5,5,5,5,5,5,3,5,5,5,5,5,Satisfied
104826,Male,58,Returning,Business,Business,2625,35,37.0,5,5,4,4,5,4,5,4,4,3,4,5,4,4,Satisfied
77998,Female,61,Returning,Business,Economy,332,0,36.0,1,1,3,3,1,3,3,3,2,4,3,3,3,3,Neutral or Dissatisfied
78681,Male,43,Returning,Business,Business,3385,0,0.0,1,1,4,5,1,5,4,5,4,4,5,1,5,5,Satisfied
58398,Female,15,First-time,Business,Business,733,0,0.0,4,4,4,4,2,4,3,5,3,3,5,4,3,4,Satisfied
99679,Male,42,First-time,Business,Business,442,14,6.0,3,3,3,3,4,4,5,5,2,2,5,3,2,4,Neutral or Dissatisfied
91839,Male,59,Returning,Personal,Economy Plus,626,0,0.0,5,3,5,3,2,3,2,3,2,2,4,2,2,4,Neutral or Dissatisfied
87963,Male,44,Returning,Business,Business,2147,2,0.0,2,2,3,5,2,5,4,5,5,4,5,2,5,5,Satisfied
57345,Female,27,First-time,Business,Economy,414,1,6.0,4,3,3,3,4,3,3,4,5,5,4,3,5,3,Neutral or Dissatisfied
59410,Male,37,Returning,Personal,Economy,2447,0,0.0,3,4,2,4,2,4,1,1,1,1,3,4,1,2,Neutral or Dissatisfied
47432,Female,46,Returning,Business,Business,174,0,0.0,4,0,3,4,4,3,4,3,1,5,3,0,3,3,Satisfied
55803,Female,10,Returning,Personal,Business,1416,1,0.0,4,4,4,4,3,2,3,4,3,3,4,4,3,3,Neutral or Dissatisfied
115728,Female,53,Returning,Business,Business,3430,0,0.0,2,2,4,5,2,5,5,5,4,4,5,2,5,5,Satisfied
8109,Female,46,Returning,Business,Business,3286,0,0.0,1,1,3,5,1,5,4,5,3,2,5,1,5,5,Satisfied
119014,Male,80,Returning,Business,Economy Plus,459,208,204.0,3,3,4,4,3,4,4,4,4,4,2,4,2,3,Neutral or Dissatisfied
9811,Male,41,Returning,Business,Business,1555,0,11.0,2,3,5,5,3,5,5,5,5,4,5,3,5,5,Satisfied
34225,Male,24,Returning,Personal,Economy,1179,0,0.0,5,2,4,2,1,5,5,2,5,5,5,2,5,4,Neutral or Dissatisfied
47811,Male,25,First-time,Business,Economy,817,0,0.0,3,3,1,3,4,4,4,2,4,4,4,3,4,4,Neutral or Dissatisfied
79635,Female,24,Returning,Business,Economy,762,0,0.0,2,3,4,4,3,1,3,3,4,4,3,4,4,3,Neutral or Dissatisfied
112914,Male,38,Returning,Business,Economy,990,0,0.0,5,5,2,5,5,5,5,3,5,5,3,5,5,3,Satisfied
124156,Male,45,Returning,Business,Business,2133,0,8.0,4,4,4,4,4,5,4,4,5,3,5,4,5,5,Satisfied
43496,Female,33,Returning,Personal,Economy,679,22,15.0,4,2,3,2,1,5,1,2,1,1,5,2,1,5,Neutral or Dissatisfied
81316,Female,25,First-time,Business,Business,1299,109,74.0,0,3,3,3,3,3,1,5,1,1,4,3,1,5,Neutral or Dissatisfied
61853,Female,50,Returning,Personal,Economy Plus,1635,1,0.0,4,1,4,4,4,3,4,1,5,3,3,1,3,5,Neutral or Dissatisfied
30033,Male,46,Returning,Business,Business,2911,0,0.0,1,1,4,3,1,5,2,5,3,4,5,1,5,3,Satisfied
106719,Female,21,Returning,Business,Business,2364,0,0.0,5,5,4,4,5,4,4,3,4,4,4,5,4,5,Satisfied
42767,Male,55,Returning,Business,Business,493,0,0.0,2,2,3,5,2,5,5,5,1,5,5,2,5,5,Satisfied
26474,Female,40,Returning,Personal,Economy,787,0,0.0,4,2,3,2,3,4,4,2,4,4,4,2,4,4,Neutral or Dissatisfied
107121,Male,44,Returning,Business,Economy,842,114,98.0,4,4,3,2,4,3,2,4,2,2,4,2,2,3,Neutral or Dissatisfied
121275,Male,53,Returning,Business,Business,2075,0,0.0,1,1,3,5,1,5,4,5,3,3,5,1,5,5,Satisfied
39425,Female,43,Returning,Business,Economy,129,14,12.0,1,1,4,2,1,4,1,5,5,5,4,5,4,4,Satisfied
36572,Male,55,Returning,Business,Economy,1121,105,95.0,1,1,4,5,1,1,5,4,5,5,5,5,5,4,Satisfied
114805,Male,20,First-time,Business,Business,371,19,13.0,0,4,4,4,2,4,2,5,2,2,4,5,2,5,Satisfied
50327,Female,38,First-time,Business,Economy,199,0,0.0,0,2,5,2,1,4,4,2,4,4,4,2,4,1,Neutral or Dissatisfied
41593,Male,40,Returning,Personal,Economy,1235,20,7.0,1,2,1,2,4,4,4,3,4,4,3,3,4,3,Neutral or Dissatisfied
10998,Female,23,First-time,Business,Economy,166,0,0.0,3,4,5,4,1,4,4,1,4,4,1,4,4,4,Satisfied
117660,Female,38,Returning,Business,Business,1449,30,9.0,4,4,3,5,4,5,5,5,4,2,5,4,5,5,Satisfied
55895,Female,22,First-time,Business,Economy,473,0,0.0,2,4,3,4,3,4,5,4,5,5,4,4,5,3,Neutral or Dissatisfied
2368,Male,12,Returning,Personal,Economy,925,0,19.0,1,3,1,3,4,4,4,2,4,4,3,3,4,3,Neutral or Dissatisfied
39666,Male,32,Returning,Business,Business,476,123,115.0,3,3,2,5,3,1,5,2,5,5,3,3,5,2,Satisfied
124399,Male,60,Returning,Personal,Economy Plus,808,3,0.0,5,2,1,2,3,1,4,1,4,4,5,2,4,1,Neutral or Dissatisfied
6372,Male,28,Returning,Business,Business,1628,0,0.0,1,1,3,3,1,2,3,2,3,3,3,3,3,3,Neutral or Dissatisfied
60408,Female,18,Returning,Personal,Economy,1452,0,0.0,1,3,2,3,2,4,5,3,2,2,3,3,2,2,Neutral or Dissatisfied
41417,Male,22,Returning,Personal,Economy,913,0,0.0,5,4,3,4,2,5,3,4,4,4,5,4,4,5,Neutral or Dissatisfied
63618,Male,53,Returning,Business,Business,1440,15,0.0,3,1,1,4,3,4,3,4,3,2,4,4,4,4,Neutral or Dissatisfied
47986,Male,16,Returning,Personal,Economy,329,0,0.0,3,3,3,3,4,2,1,5,1,1,3,3,1,4,Neutral or Dissatisfied
44603,Male,30,Returning,Business,Business,566,0,0.0,2,4,1,1,2,4,1,3,1,1,3,1,1,4,Neutral or Dissatisfied
50870,Female,17,Returning,Personal,Economy,134,0,4.0,0,0,5,0,1,3,1,4,1,1,5,0,1,5,Satisfied
80658,Male,9,Returning,Business,Economy,821,2,0.0,3,3,1,1,3,2,4,1,2,2,4,2,2,4,Neutral or Dissatisfied
126580,Male,55,Returning,Business,Business,1558,11,6.0,2,2,4,5,2,4,4,4,4,4,4,2,4,4,Satisfied
65085,Male,48,Returning,Personal,Economy,282,0,0.0,1,4,2,4,4,4,5,2,5,5,3,4,5,3,Neutral or Dissatisfied
120364,Female,53,Returning,Business,Business,366,0,0.0,5,5,4,4,5,4,4,4,5,2,4,5,4,4,Satisfied
94522,Male,36,Returning,Business,Business,2634,8,0.0,3,3,3,4,3,4,4,4,5,4,4,3,4,4,Satisfied
110812,Male,40,Returning,Personal,Economy,1105,7,6.0,5,3,2,3,4,3,3,5,3,3,1,3,3,2,Neutral or Dissatisfied
90894,Male,57,Returning,Business,Economy,406,0,0.0,4,2,1,2,2,3,3,3,3,3,3,2,3,3,Neutral or Dissatisfied
46138,Female,25,First-time,Business,Economy,604,0,0.0,5,3,5,3,3,1,1,5,1,1,2,3,1,5,Neutral or Dissatisfied
8184,Female,20,First-time,Business,Economy,335,0,0.0,2,3,2,3,3,3,5,4,5,5,4,2,5,3,Neutral or Dissatisfied
4378,Female,40,Returning,Business,Business,528,39,35.0,1,1,2,3,1,3,2,3,3,5,3,3,3,3,Neutral or Dissatisfied
57371,Female,33,Returning,Personal,Economy,236,0,0.0,1,1,2,1,1,2,2,4,1,1,2,1,1,1,Neutral or Dissatisfied
93018,Male,50,Returning,Business,Business,1124,0,0.0,1,1,1,2,1,3,2,3,2,3,3,3,3,3,Neutral or Dissatisfied
119469,Male,39,Returning,Business,Business,2043,0,0.0,5,5,3,4,5,4,4,4,4,5,4,5,4,4,Satisfied
64779,Male,60,Returning,Business,Business,551,17,0.0,1,4,5,4,1,3,4,3,5,2,3,1,3,3,Satisfied
59401,Male,18,Returning,Personal,Economy,2338,38,1.0,2,4,3,4,3,4,2,3,2,2,4,4,2,4,Neutral or Dissatisfied
52781,Female,47,Returning,Business,Business,1874,48,25.0,4,4,2,4,4,1,4,1,4,3,1,1,1,1,Neutral or Dissatisfied
36213,Female,55,Returning,Business,Business,280,0,0.0,5,4,4,3,5,3,3,3,1,1,3,3,3,3,Neutral or Dissatisfied
18309,Male,36,Returning,Business,Business,3649,0,0.0,5,5,5,5,5,5,5,4,5,5,5,5,5,5,Satisfied
115397,Female,36,First-time,Business,Economy,371,11,6.0,2,3,4,3,3,4,5,4,5,5,3,3,5,2,Neutral or Dissatisfied
28664,Female,48,Returning,Personal,Economy,2541,41,9.0,5,3,5,5,2,4,4,3,3,3,4,3,4,4,Neutral or Dissatisfied
88474,Male,34,Returning,Business,Business,271,0,0.0,3,1,2,4,1,3,3,3,1,3,3,3,3,3,Neutral or Dissatisfied
125836,Male,41,Returning,Business,Business,861,6,0.0,5,5,4,5,5,4,4,4,5,3,4,5,4,4,Satisfied
9277,Male,35,First-time,Business,Business,1190,4,0.0,4,4,4,4,1,3,2,2,4,4,4,4,4,5,Neutral or Dissatisfied
80190,Male,55,Returning,Personal,Economy,2475,0,1.0,0,3,5,1,2,4,5,2,5,3,1,3,3,5,Neutral or Dissatisfied
44647,Male,54,Returning,Business,Business,67,3,0.0,4,4,1,3,4,5,1,5,1,3,5,4,5,4,Satisfied
59152,Male,30,First-time,Business,Business,1101,8,0.0,3,3,3,3,4,3,2,2,1,1,4,4,1,4,Satisfied
98133,Female,14,Returning,Personal,Economy,472,0,0.0,0,2,4,2,4,5,3,5,3,3,5,2,3,5,Neutral or Dissatisfied
109231,Male,31,Returning,Personal,Economy,612,14,0.0,4,5,2,5,3,1,1,2,1,1,2,5,1,3,Satisfied
29691,Male,37,Returning,Business,Business,1542,0,0.0,2,2,2,4,2,5,4,5,3,4,5,2,5,5,Satisfied
34628,Male,9,Returning,Personal,Business,541,117,119.0,5,1,1,1,5,3,3,2,3,3,2,1,3,2,Neutral or Dissatisfied
76921,Male,56,Returning,Business,Business,1727,10,0.0,1,4,3,4,4,5,5,5,3,3,5,4,5,5,Satisfied
107968,Female,30,First-time,Business,Economy,825,24,19.0,2,2,2,2,4,1,3,5,3,3,4,2,3,4,Neutral or Dissatisfied
117142,Male,56,Returning,Personal,Economy,370,7,5.0,5,3,2,3,5,5,5,5,5,5,3,3,5,1,Neutral or Dissatisfied
83538,Female,52,Returning,Business,Business,1847,4,0.0,5,2,3,5,5,4,5,4,4,5,4,5,4,4,Satisfied
22752,Male,43,Returning,Business,Business,2324,48,39.0,5,5,2,2,5,5,3,5,1,2,5,5,5,4,Satisfied
19561,Female,37,First-time,Business,Economy,173,0,0.0,0,3,4,3,1,1,5,2,5,5,5,3,5,4,Neutral or Dissatisfied
118390,Female,42,Returning,Business,Business,651,0,0.0,5,5,1,3,5,1,3,1,1,3,1,1,1,1,Neutral or Dissatisfied
33832,Male,22,First-time,Business,Business,1162,1,0.0,0,0,5,0,2,5,4,4,5,5,5,0,5,5,Satisfied
89898,Female,39,Returning,Business,Economy,1310,0,0.0,2,2,4,2,2,1,2,3,2,2,4,2,2,4,Neutral or Dissatisfied
94540,Female,55,Returning,Business,Business,2155,0,1.0,4,4,4,5,4,5,5,5,4,2,5,4,5,5,Satisfied
1919,Female,50,Returning,Business,Business,2510,0,0.0,1,1,4,4,1,5,4,5,3,5,5,1,5,5,Satisfied
61797,Male,12,Returning,Personal,Economy,1379,22,24.0,4,3,1,3,1,3,4,3,5,5,4,3,5,1,Neutral or Dissatisfied
91530,Female,46,Returning,Business,Business,2633,0,0.0,5,5,3,5,5,3,5,4,5,4,3,5,3,3,Satisfied
13725,Male,42,First-time,Business,Economy,401,30,21.0,4,4,3,4,3,4,5,5,5,5,2,4,5,3,Neutral or Dissatisfied
52008,Male,36,Returning,Business,Economy,328,0,0.0,5,5,4,4,5,3,4,5,4,4,5,4,4,3,Satisfied
38835,Female,41,Returning,Business,Economy Plus,387,0,0.0,3,3,3,4,3,2,4,2,4,2,2,2,2,2,Neutral or Dissatisfied
34730,Male,49,First-time,Business,Economy,264,51,51.0,1,4,1,4,4,1,4,3,5,5,3,4,5,3,Neutral or Dissatisfied
56683,Female,57,Returning,Personal,Economy,937,3,0.0,5,1,4,5,1,4,4,1,5,5,4,1,4,5,Neutral or Dissatisfied
60794,Female,53,Returning,Business,Business,3997,0,0.0,2,4,5,5,2,4,5,4,5,2,4,2,4,4,Satisfied
104610,Female,41,Returning,Personal,Economy Plus,369,60,54.0,2,4,4,4,3,2,3,4,2,5,2,4,2,2,Neutral or Dissatisfied
129083,Female,44,Returning,Business,Business,2342,36,19.0,4,4,4,4,4,4,4,4,5,5,4,4,4,4,Satisfied
77628,Male,40,Returning,Business,Business,689,179,181.0,4,4,4,4,4,3,4,5,4,4,4,4,4,5,Satisfied
102978,Male,43,Returning,Business,Business,1891,29,25.0,3,4,5,4,3,3,4,3,4,5,3,3,3,3,Satisfied
124130,Female,55,Returning,Personal,Economy,529,0,10.0,1,3,2,2,2,2,2,3,4,1,2,3,2,5,Neutral or Dissatisfied
105106,Male,54,Returning,Business,Business,1866,6,0.0,0,0,5,4,3,4,5,1,3,3,4,0,4,1,Satisfied
70995,Female,57,Returning,Business,Business,2677,0,0.0,1,4,3,4,1,5,5,5,4,5,5,1,5,5,Satisfied
13472,Female,72,First-time,Business,Economy Plus,475,70,58.0,2,2,3,2,3,4,1,2,4,4,4,2,4,4,Neutral or Dissatisfied
117863,Female,47,Returning,Business,Business,365,0,0.0,5,2,3,2,2,1,1,1,1,5,1,1,1,1,Neutral or Dissatisfied
74421,Male,22,First-time,Business,Economy,1487,40,27.0,2,2,5,2,3,3,2,3,2,2,4,2,2,4,Neutral or Dissatisfied
10719,Female,26,First-time,Business,Business,316,12,9.0,0,3,3,3,1,5,5,3,4,4,5,3,4,5,Neutral or Dissatisfied
12791,Male,40,Returning,Business,Business,489,0,0.0,5,5,3,5,5,5,3,5,4,3,5,5,5,5,Satisfied
53668,Female,22,Returning,Business,Business,3459,13,10.0,3,3,4,4,3,4,4,3,4,4,1,3,4,4,Satisfied
65664,Female,51,Returning,Business,Business,2613,0,0.0,1,1,5,5,1,4,5,4,3,3,4,1,4,4,Satisfied
124280,Female,46,Returning,Business,Economy,601,2,0.0,4,4,1,4,4,3,4,3,3,2,3,3,3,3,Neutral or Dissatisfied
637,Male,23,First-time,Business,Business,229,0,0.0,0,4,5,4,4,5,1,4,1,1,4,4,1,4,Satisfied
95784,Male,62,Returning,Personal,Economy,453,0,13.0,5,2,3,2,3,4,3,3,3,3,5,2,3,1,Neutral or Dissatisfied
129151,Male,42,First-time,Business,Business,954,0,0.0,3,3,3,2,5,3,5,4,5,5,4,2,5,5,Neutral or Dissatisfied
46071,Male,49,Returning,Business,Business,541,0,0.0,4,4,2,5,4,4,5,4,3,4,4,4,4,4,Satisfied
90228,Female,54,Returning,Business,Economy Plus,1084,0,0.0,1,1,1,3,1,2,4,2,2,2,2,2,2,2,Neutral or Dissatisfied
68096,Female,46,Returning,Business,Business,3743,0,0.0,5,4,4,5,5,5,5,5,5,5,5,5,5,5,Satisfied
70773,Male,58,Returning,Business,Business,2349,0,0.0,4,4,4,4,4,5,4,5,4,5,5,4,5,5,Satisfied
88804,Female,37,Returning,Business,Economy Plus,406,0,5.0,3,3,1,3,3,4,3,3,3,3,4,3,3,3,Neutral or Dissatisfied
63136,Male,57,Returning,Business,Business,337,42,44.0,2,2,4,2,2,4,3,4,3,5,4,4,4,4,Neutral or Dissatisfied
123712,Male,46,Returning,Personal,Economy,214,0,0.0,1,3,3,3,4,3,1,5,1,1,3,3,1,4,Neutral or Dissatisfied
46133,Male,48,Returning,Business,Economy,604,0,0.0,3,3,1,4,3,2,4,3,4,4,2,4,4,4,Satisfied
55225,Male,44,Returning,Business,Business,3422,0,0.0,2,2,4,4,2,4,5,4,5,3,4,2,4,4,Satisfied
14527,Female,45,Returning,Business,Economy,288,29,40.0,1,1,1,2,1,5,3,5,3,1,5,5,5,5,Satisfied
27877,Female,38,First-time,Business,Economy Plus,1133,2,0.0,3,3,3,3,4,3,4,3,4,4,4,3,4,4,Neutral or Dissatisfied
76669,Female,63,Returning,Personal,Economy,516,0,0.0,5,2,4,5,3,5,3,2,1,2,5,2,5,5,Neutral or Dissatisfied
125704,Female,41,Returning,Personal,Economy,899,0,0.0,4,1,5,1,5,5,1,5,1,1,5,1,1,4,Neutral or Dissatisfied
20444,Male,45,Returning,Business,Business,84,14,10.0,4,4,2,4,4,5,4,5,1,1,5,4,5,4,Satisfied
43941,Male,43,Returning,Personal,Economy Plus,153,19,14.0,5,2,4,2,3,5,4,4,4,4,5,2,4,5,Neutral or Dissatisfied
114097,Female,23,Returning,Personal,Economy,1947,36,19.0,5,5,5,5,3,3,2,3,2,2,5,4,2,3,Neutral or Dissatisfied
22164,Male,39,First-time,Business,Economy,633,38,26.0,5,1,3,1,1,5,2,3,2,2,3,1,2,5,Neutral or Dissatisfied
44993,Male,60,Returning,Business,Business,1851,0,0.0,3,3,2,5,3,5,3,5,2,2,5,3,5,5,Satisfied
23239,Female,62,Returning,Personal,Economy,549,0,0.0,4,4,3,4,2,3,5,4,4,5,3,3,3,3,Neutral or Dissatisfied
38166,Female,39,Returning,Personal,Economy,1249,9,0.0,5,2,5,2,3,4,5,5,5,5,4,2,5,4,Neutral or Dissatisfied
31116,Male,24,Returning,Business,Business,3920,0,0.0,1,1,4,4,1,3,4,4,4,4,5,1,4,3,Satisfied
46368,Male,29,Returning,Business,Business,1767,22,25.0,3,3,3,3,3,3,3,2,3,3,3,3,3,3,Neutral or Dissatisfied
86364,Female,50,Returning,Business,Business,2120,0,0.0,3,3,4,4,3,5,4,5,4,4,5,3,5,5,Satisfied
55012,Female,26,Returning,Business,Business,1379,0,0.0,1,5,5,5,1,5,4,4,4,4,5,1,4,4,Satisfied
98676,Female,65,Returning,Personal,Economy,920,0,0.0,4,2,3,4,5,4,5,2,3,3,4,2,4,3,Neutral or Dissatisfied
46538,Male,33,Returning,Business,Business,2197,281,287.0,4,0,5,5,1,4,5,3,5,5,1,0,1,2,Satisfied
4857,Female,24,First-time,Business,Economy,408,0,0.0,4,5,3,5,1,4,4,4,4,4,2,5,4,2,Satisfied
107672,Female,36,First-time,Business,Business,251,6,1.0,3,3,3,3,3,5,5,4,5,5,5,3,5,4,Neutral or Dissatisfied
4788,Male,56,Returning,Personal,Economy,258,82,86.0,3,3,2,3,1,3,1,1,1,1,2,3,1,4,Neutral or Dissatisfied
66986,Female,29,Returning,Business,Business,2740,0,0.0,5,5,4,4,5,3,4,5,4,4,5,5,4,5,Satisfied
108966,Male,31,Returning,Personal,Economy,667,0,0.0,4,2,4,2,4,5,2,4,2,2,5,2,2,5,Neutral or Dissatisfied
115770,Male,42,Returning,Business,Economy,371,0,0.0,2,2,1,3,2,3,3,2,3,3,2,3,3,2,Neutral or Dissatisfied
110542,Male,51,Returning,Business,Business,2468,82,104.0,3,4,5,5,3,5,5,5,5,2,5,3,5,5,Satisfied
129142,Male,44,Returning,Business,Business,2963,0,0.0,1,1,4,4,1,4,5,4,4,5,4,1,4,4,Satisfied
90038,Female,40,Returning,Business,Business,957,0,0.0,5,5,3,5,5,5,4,5,5,4,5,5,5,5,Satisfied
79870,Male,45,Returning,Business,Business,1096,0,0.0,4,4,4,4,4,5,4,5,5,3,5,4,5,5,Satisfied
95780,Male,43,Returning,Personal,Economy,181,0,0.0,2,0,1,0,3,1,2,5,2,2,4,1,2,3,Neutral or Dissatisfied
70679,Male,48,Returning,Personal,Economy,447,0,0.0,3,2,3,2,2,1,3,4,3,3,2,2,3,2,Neutral or Dissatisfied
29373,Male,43,Returning,Business,Economy,2404,0,0.0,5,5,3,5,5,2,4,2,4,4,4,5,4,5,Satisfied
34871,Female,40,Returning,Business,Business,2248,0,0.0,2,2,4,4,2,2,4,2,2,3,2,2,2,2,Neutral or Dissatisfied
37537,Female,28,Returning,Business,Economy,1005,24,26.0,3,3,2,4,3,1,4,4,4,4,2,4,4,3,Neutral or Dissatisfied
23191,Male,30,Returning,Personal,Economy,223,20,14.0,1,0,4,0,3,2,2,4,2,2,4,3,2,4,Neutral or Dissatisfied
18079,Male,68,Returning,Personal,Economy,488,81,75.0,0,3,3,3,3,3,5,3,5,5,5,3,5,4,Neutral or Dissatisfied
109633,Male,48,Returning,Business,Business,829,7,0.0,1,1,3,4,1,5,5,5,4,3,5,1,5,5,Satisfied
88043,Female,36,Returning,Business,Business,1930,45,33.0,2,2,3,4,2,2,4,2,3,2,2,2,2,2,Satisfied
17309,Female,42,Returning,Business,Economy,403,0,0.0,2,2,4,3,2,1,3,1,3,3,1,1,1,1,Neutral or Dissatisfied
96446,Male,48,Returning,Business,Business,302,0,2.0,0,0,5,4,4,2,4,2,4,3,2,0,2,2,Satisfied
12303,Female,48,Returning,Business,Business,3544,14,0.0,1,1,3,3,1,4,5,4,3,4,4,1,4,4,Satisfied
123076,Female,59,Returning,Business,Business,631,22,26.0,5,3,5,5,5,4,5,4,4,5,4,5,4,4,Satisfied
125569,Female,33,Returning,Personal,Economy,226,0,0.0,4,1,4,1,1,3,2,4,2,2,5,1,2,4,Neutral or Dissatisfied
46939,Male,60,Returning,Personal,Economy,846,0,0.0,4,3,4,3,4,3,1,5,1,1,5,3,1,5,Neutral or Dissatisfied
63795,Female,12,Returning,Personal,Economy,1721,0,0.0,1,4,1,4,2,3,3,1,2,2,2,4,2,3,Neutral or Dissatisfied
91567,Male,28,First-time,Business,Business,1123,0,0.0,2,2,4,2,4,1,2,1,2,2,3,3,2,3,Neutral or Dissatisfied
43824,Male,38,First-time,Business,Economy,153,12,24.0,0,1,2,1,4,5,4,2,4,4,1,2,4,5,Neutral or Dissatisfied
689,Female,43,Returning,Business,Business,3102,0,0.0,4,0,4,4,1,3,4,3,4,3,3,0,3,3,Satisfied
87667,Female,53,Returning,Business,Business,2297,0,13.0,4,2,4,4,4,1,3,1,1,2,1,1,1,1,Neutral or Dissatisfied
75141,Female,49,Returning,Business,Business,1723,0,0.0,5,5,5,5,5,4,5,4,5,4,4,5,4,4,Satisfied
129430,Male,42,First-time,Business,Business,236,0,0.0,1,1,2,1,3,2,1,3,1,1,4,1,1,4,Neutral or Dissatisfied
113959,Male,30,Returning,Business,Business,1706,0,0.0,2,2,4,4,2,4,4,3,4,4,5,2,4,4,Satisfied
26599,Male,40,Returning,Business,Business,404,6,11.0,4,4,5,4,4,4,5,4,1,1,4,4,4,4,Satisfied
85823,Male,21,Returning,Personal,Economy,666,0,0.0,3,1,1,1,4,4,3,4,1,1,4,1,1,3,Neutral or Dissatisfied
107128,Male,26,Returning,Personal,Economy,842,3,0.0,3,5,1,5,4,1,3,2,3,3,4,4,3,4,Neutral or Dissatisfied
128595,Female,43,Returning,Business,Business,954,0,0.0,4,4,5,4,4,5,4,5,4,4,5,4,5,5,Satisfied
92443,Female,39,Returning,Business,Business,2092,4,0.0,3,3,3,3,3,3,2,3,4,4,3,3,3,3,Neutral or Dissatisfied
94910,Male,61,Returning,Business,Business,277,0,1.0,1,1,3,5,1,5,1,5,5,2,5,1,5,5,Satisfied
44242,Male,22,Returning,Business,Economy,222,0,13.0,3,3,1,3,3,1,1,1,3,3,2,3,3,2,Neutral or Dissatisfied
35446,Female,23,Returning,Personal,Economy,944,5,0.0,4,2,5,2,2,4,4,4,4,4,4,2,4,5,Neutral or Dissatisfied
89063,Female,55,Returning,Business,Business,1947,23,13.0,3,3,4,3,3,5,4,5,5,4,5,3,5,5,Satisfied
37640,Female,21,Returning,Personal,Economy,1056,0,0.0,4,0,3,0,2,2,5,1,5,5,2,0,5,3,Satisfied
122637,Female,71,Returning,Business,Economy Plus,728,0,0.0,4,3,3,3,3,4,4,3,2,2,4,3,4,4,Neutral or Dissatisfied
9059,Male,29,First-time,Business,Business,160,5,3.0,4,4,4,4,4,3,4,3,4,4,4,4,4,5,Satisfied
15267,Female,55,Returning,Business,Business,3126,0,0.0,3,3,5,4,3,5,4,5,3,4,5,3,5,5,Satisfied
106906,Male,48,Returning,Business,Business,577,7,0.0,5,5,3,4,5,4,4,4,4,5,4,5,4,4,Satisfied
119591,Female,43,Returning,Business,Business,1979,0,0.0,4,4,1,3,4,4,4,4,2,3,4,4,4,4,Neutral or Dissatisfied
38778,Female,36,Returning,Business,Business,387,0,0.0,3,3,4,1,3,5,4,5,5,1,5,3,5,5,Satisfied
30579,Female,34,First-time,Business,Economy,628,0,0.0,5,3,1,3,2,4,1,2,1,1,5,3,1,2,Neutral or Dissatisfied
13461,Male,47,First-time,Personal,Economy,409,1,0.0,4,3,2,3,3,3,2,5,2,2,4,1,2,3,Neutral or Dissatisfied
71272,Male,22,Returning,Personal,Economy,733,1,0.0,1,5,1,5,4,2,5,2,4,4,4,5,4,3,Satisfied
124991,Female,37,Returning,Business,Economy,184,0,2.0,1,1,4,1,1,1,1,3,1,1,4,1,1,3,Neutral or Dissatisfied
110193,Male,48,Returning,Personal,Economy,1056,5,0.0,1,1,4,1,3,2,2,4,3,3,2,1,3,3,Neutral or Dissatisfied
76326,Female,21,First-time,Personal,Economy,2182,0,1.0,2,2,1,2,1,2,1,4,1,1,1,2,1,2,Neutral or Dissatisfied
111956,Male,60,Returning,Business,Business,2431,34,72.0,5,5,3,5,5,4,4,4,3,3,4,5,4,4,Satisfied
38012,Female,25,Returning,Business,Business,3468,10,0.0,3,5,1,4,3,5,5,5,5,5,3,3,5,3,Satisfied
51636,Female,27,First-time,Business,Economy,355,0,0.0,3,3,5,3,2,5,2,4,2,2,1,3,2,1,Neutral or Dissatisfied
18291,Male,41,Returning,Business,Economy,640,55,56.0,4,4,2,1,4,1,1,3,1,1,4,1,1,4,Neutral or Dissatisfied
108849,Female,34,Returning,Business,Business,1947,40,47.0,1,1,4,4,1,4,4,4,5,5,4,1,4,4,Satisfied
41110,Female,21,First-time,Business,Economy,667,19,22.0,3,2,2,2,4,1,1,2,1,1,3,2,1,3,Neutral or Dissatisfied
99256,Male,14,Returning,Personal,Economy Plus,495,0,0.0,4,5,4,5,3,5,2,4,2,2,5,3,2,4,Neutral or Dissatisfied
42956,Male,33,Returning,Business,Economy,236,0,14.0,4,4,5,4,4,2,4,3,4,4,4,4,4,2,Satisfied
108740,Female,41,Returning,Business,Business,404,8,10.0,1,5,1,4,1,2,3,2,2,4,2,2,2,2,Neutral or Dissatisfied
40025,Female,32,Returning,Business,Economy,525,0,0.0,0,0,2,0,1,2,2,5,5,5,5,0,5,2,Satisfied
68638,Female,62,Returning,Business,Business,2059,0,0.0,0,0,4,4,2,4,4,4,4,2,4,0,4,4,Satisfied
39117,Male,22,First-time,Business,Economy,252,0,0.0,2,3,3,3,2,1,2,1,2,2,3,3,2,3,Neutral or Dissatisfied
104021,Female,25,Returning,Business,Business,3439,2,0.0,3,3,3,4,3,3,4,2,4,4,4,3,4,4,Satisfied
28804,Female,51,Returning,Business,Business,1809,0,0.0,1,1,5,1,1,4,1,4,3,2,4,1,4,4,Satisfied
117843,Female,29,Returning,Business,Business,2133,5,0.0,4,4,4,2,4,3,2,5,2,2,4,4,2,4,Satisfied
33942,Male,20,First-time,Business,Business,1188,5,0.0,4,0,5,0,1,4,3,1,4,4,1,0,4,3,Satisfied
10733,Female,42,Returning,Business,Economy,224,53,42.0,3,3,1,2,3,3,2,4,2,1,3,4,3,3,Neutral or Dissatisfied
13646,Female,45,Returning,Business,Business,196,0,0.0,4,4,1,3,4,5,5,5,5,2,5,4,5,5,Satisfied
86592,Male,49,Returning,Business,Business,746,0,0.0,3,3,3,4,3,4,4,4,4,4,4,3,4,4,Satisfied
25011,Male,41,Returning,Business,Business,3098,0,0.0,2,2,1,4,2,1,3,1,3,1,1,1,1,1,Neutral or Dissatisfied
33431,Male,56,Returning,Business,Business,2614,0,0.0,4,4,2,3,4,5,3,5,3,1,5,4,5,5,Satisfied
111423,Female,26,First-time,Business,Business,896,0,0.0,0,0,5,0,3,5,1,3,1,1,4,0,1,5,Satisfied
103538,Male,40,Returning,Business,Business,2432,5,0.0,3,3,5,4,3,4,5,4,3,4,4,3,4,4,Satisfied
127295,Male,42,Returning,Business,Economy Plus,707,32,34.0,5,5,1,1,5,2,1,4,1,1,3,1,1,3,Neutral or Dissatisfied
76816,Male,31,Returning,Business,Business,3095,7,5.0,5,5,4,5,5,5,5,3,5,5,5,5,5,5,Satisfied
100376,Female,47,Returning,Personal,Economy,1052,20,34.0,4,4,3,5,3,3,5,4,4,4,3,4,3,3,Neutral or Dissatisfied
128236,Female,36,Returning,Personal,Economy,602,1,0.0,4,3,3,3,3,4,2,5,2,2,4,3,2,4,Neutral or Dissatisfied
24844,Male,10,Returning,Personal,Economy,894,0,13.0,1,4,3,4,4,1,2,2,2,2,3,4,2,3,Neutral or Dissatisfied
96256,Male,63,Returning,Personal,Economy,460,1,0.0,1,1,1,1,4,4,1,4,1,1,4,1,1,3,Neutral or Dissatisfied
47866,Male,24,First-time,Business,Economy,329,0,0.0,0,2,3,2,4,3,2,1,2,2,4,2,2,3,Neutral or Dissatisfied
73645,Female,40,Returning,Business,Business,1781,0,0.0,3,3,4,4,3,5,5,5,5,4,5,3,5,4,Satisfied
110539,Female,30,First-time,Business,Business,674,0,0.0,1,1,5,1,1,4,5,4,2,2,5,1,2,4,Neutral or Dissatisfied
28033,Male,41,First-time,Business,Business,1214,0,0.0,5,5,5,5,3,4,1,4,1,1,5,5,1,4,Satisfied
112601,Female,50,Returning,Business,Business,1759,106,86.0,2,5,4,3,2,2,3,2,2,2,2,2,2,2,Neutral or Dissatisfied
125696,Female,51,Returning,Personal,Economy,814,14,12.0,4,4,5,4,3,1,4,4,4,3,1,4,1,1,Satisfied
100114,Female,48,Returning,Business,Business,523,0,31.0,4,4,4,5,4,2,4,2,3,2,2,4,2,2,Satisfied
2244,Female,33,First-time,Business,Business,630,0,1.0,3,3,5,3,5,4,2,2,2,2,5,3,2,4,Neutral or Dissatisfied
11858,Male,40,Returning,Business,Business,2680,0,0.0,5,5,1,3,5,4,3,4,1,5,4,4,4,4,Neutral or Dissatisfied
3039,Male,34,Returning,Business,Business,1616,0,0.0,2,4,5,5,2,5,4,5,4,2,5,2,5,5,Satisfied
98846,Male,52,Returning,Business,Business,1482,0,0.0,5,2,4,4,5,2,4,2,4,4,2,5,2,2,Satisfied
68213,Male,54,Returning,Business,Business,2602,0,31.0,4,4,3,4,4,2,4,2,5,4,2,4,2,2,Satisfied
106350,Male,60,Returning,Business,Business,674,25,7.0,2,2,3,4,2,5,5,5,4,2,5,2,5,5,Satisfied
105449,Female,40,Returning,Business,Business,2519,28,36.0,5,5,3,4,5,5,5,4,3,3,5,5,5,5,Satisfied
43477,Male,10,Returning,Business,Business,3189,0,0.0,4,4,3,3,4,2,4,2,4,4,4,4,4,3,Neutral or Dissatisfied
97642,Female,33,Returning,Business,Business,1587,0,1.0,4,4,5,4,4,5,5,5,5,3,5,4,5,5,Satisfied
63658,Female,42,Returning,Business,Business,2405,29,19.0,3,2,5,4,3,5,5,5,4,4,5,3,5,5,Satisfied
710,Female,40,Returning,Business,Business,158,116,135.0,4,4,4,5,4,4,4,4,4,4,4,4,5,5,Satisfied
114665,Female,55,Returning,Business,Business,325,0,0.0,2,2,4,5,2,5,5,5,3,4,5,2,5,5,Satisfied
112428,Male,27,First-time,Business,Economy,846,0,0.0,2,2,1,2,2,2,2,5,1,1,3,2,1,3,Neutral or Dissatisfied
26592,Male,36,Returning,Business,Business,515,0,0.0,1,1,4,3,1,5,5,4,2,2,5,1,5,5,Satisfied
972,Male,44,Returning,Business,Business,3876,0,0.0,2,2,3,5,2,5,5,5,4,3,5,2,5,4,Satisfied
116181,Female,18,Returning,Personal,Economy,373,0,6.0,1,3,4,3,3,1,5,1,5,5,4,3,5,3,Neutral or Dissatisfied
3604,Male,23,Returning,Personal,Economy,999,0,13.0,3,1,3,1,5,1,4,1,4,4,1,1,4,5,Neutral or Dissatisfied
76432,Male,35,First-time,Business,Business,405,0,0.0,1,1,3,1,1,3,5,3,5,5,4,2,5,4,Neutral or Dissatisfied
73499,Female,42,First-time,Business,Business,1005,5,3.0,5,5,3,4,5,3,1,5,1,1,4,4,1,4,Satisfied
77792,Female,66,Returning,Personal,Economy,696,0,2.0,5,2,5,5,1,1,5,2,3,4,1,2,1,1,Neutral or Dissatisfied
32764,Male,38,First-time,Business,Economy,101,0,4.0,4,4,1,4,2,1,5,4,2,2,4,4,2,5,Neutral or Dissatisfied
64979,Female,27,First-time,Business,Economy,224,0,0.0,0,4,2,4,3,3,1,2,1,1,4,4,1,1,Neutral or Dissatisfied
47019,Female,31,Returning,Personal,Business,602,0,7.0,5,5,5,5,1,5,4,4,5,5,4,5,5,5,Satisfied
47728,Female,20,Returning,Business,Business,1590,0,0.0,4,4,4,3,4,4,3,2,3,3,3,3,3,3,Neutral or Dissatisfied
67708,Female,38,Returning,Business,Business,2944,4,0.0,2,2,5,5,2,2,4,2,3,3,2,2,2,2,Satisfied
126582,Male,47,Returning,Business,Business,1337,0,0.0,4,4,5,5,4,5,5,4,3,4,5,4,5,5,Satisfied
110291,Male,54,Returning,Business,Business,2394,61,50.0,4,4,5,4,4,5,4,5,5,3,5,4,5,5,Satisfied
25359,Male,42,Returning,Business,Business,1983,3,0.0,4,1,5,5,4,1,3,2,2,5,1,4,1,1,Satisfied
87556,Male,27,First-time,Business,Business,432,0,0.0,2,2,5,2,2,3,4,3,4,4,5,2,4,4,Neutral or Dissatisfied
27553,Male,14,Returning,Personal,Economy,605,0,0.0,4,1,5,1,5,4,1,3,1,1,4,2,1,5,Neutral or Dissatisfied
29563,Male,56,Returning,Business,Business,1448,0,1.0,4,4,5,3,4,5,5,5,4,1,5,4,5,5,Satisfied
22875,Female,42,Returning,Personal,Economy,147,5,0.0,5,3,3,4,3,4,5,3,4,3,4,3,4,4,Neutral or Dissatisfied
2753,Male,39,Returning,Business,Economy,372,0,0.0,5,5,3,2,5,3,2,4,2,2,3,2,2,4,Neutral or Dissatisfied
63204,Male,39,Returning,Business,Business,337,5,0.0,4,4,4,5,4,5,4,5,4,2,5,4,5,5,Satisfied
36542,Female,37,Returning,Business,Economy,1249,0,0.0,3,3,3,5,3,5,5,4,5,5,3,5,5,4,Satisfied
68822,Female,38,Returning,Personal,Economy Plus,926,0,0.0,3,1,2,1,4,3,5,4,5,5,3,1,5,3,Neutral or Dissatisfied
56202,Male,44,Returning,Business,Business,1400,149,108.0,5,5,4,4,5,4,4,5,4,4,5,5,4,5,Satisfied
21454,Female,31,Returning,Business,Economy,164,0,0.0,3,3,1,2,3,3,2,3,2,2,3,2,2,3,Neutral or Dissatisfied
96770,Female,46,Returning,Business,Business,3678,10,0.0,5,5,4,4,5,4,5,4,5,4,4,5,4,4,Satisfied
23163,Female,14,Returning,Personal,Economy,300,0,0.0,3,3,3,3,3,1,2,3,2,2,3,3,2,4,Neutral or Dissatisfied
68197,Female,25,Returning,Business,Business,2650,0,0.0,5,5,4,4,5,3,5,5,5,5,4,5,5,5,Satisfied
4285,Male,67,Returning,Personal,Economy,502,0,0.0,4,4,5,4,3,4,5,3,5,5,4,4,5,5,Neutral or Dissatisfied
129617,Female,32,Returning,Business,Business,2420,0,0.0,4,4,3,4,4,5,4,3,4,4,5,4,4,5,Satisfied
65492,Male,52,Returning,Personal,Economy,1303,0,0.0,5,4,2,4,5,4,4,3,4,4,4,4,4,5,Satisfied
82371,Female,27,First-time,Business,Economy Plus,453,0,0.0,3,3,3,3,3,2,5,5,5,5,4,3,5,3,Neutral or Dissatisfied
34481,Male,62,Returning,Personal,Economy,266,0,0.0,4,3,2,3,2,2,3,2,3,3,3,3,3,1,Neutral or Dissatisfied
42131,Female,30,First-time,Business,Economy Plus,991,13,12.0,1,1,3,1,3,4,2,2,4,4,4,1,4,3,Neutral or Dissatisfied
108874,Male,54,Returning,Business,Economy,1587,44,50.0,5,5,4,3,5,2,3,4,3,3,3,3,3,2,Neutral or Dissatisfied
19063,Male,24,Returning,Business,Business,2233,0,0.0,1,1,2,4,1,3,4,4,4,4,5,1,4,1,Satisfied
97367,Female,33,Returning,Personal,Economy,872,44,46.0,1,1,1,1,3,2,2,3,2,2,3,1,2,1,Neutral or Dissatisfied
56391,Female,49,Returning,Business,Business,719,0,23.0,4,2,5,5,4,3,4,3,3,2,3,4,3,3,Satisfied
685,Male,54,Returning,Business,Business,309,0,0.0,4,4,1,4,4,2,3,2,1,5,2,2,2,2,Neutral or Dissatisfied
61576,Male,39,First-time,Business,Business,1346,0,0.0,3,3,5,3,2,3,1,4,1,1,4,2,1,5,Neutral or Dissatisfied
129123,Male,11,First-time,Business,Economy,954,9,0.0,2,2,2,2,4,1,5,1,3,3,4,2,3,3,Neutral or Dissatisfied
